File No,CTB No,API No,Well Type,Well Status,Status Date,DTD,Location,Operator,Well Name,Field
3065,,3308100001,OG,DRY,1/1/1962,1214,NWNW 9-129-58,SARGENT MINERAL CORP.,LAMPORT 1,WILDCAT
99025,,3302199025,ST,DRY,9/30/1963,1600,NENE 10-129-63,JACK ROUSE OIL PROPERTIES,HAROLD BILLIE 1,WILDCAT
515,,3302100001,OG,DRY,11/17/1954,1882,SENW 11-129-63,H. HANSON OIL SYNDICATE,HAROLD BILLEY 1,WILDCAT
572,,3302100002,OG,DRY,6/17/1954,1860,NENW 14-129-63,H. HANSON OIL SYNDICATE,JOHN BELL 1,WILDCAT
1394,,3302100005,OG,DRY,3/12/1957,3166,NWNW 22-129-66,"CALVERT DRILLING, INC.",MARVIN KAMM 1,WILDCAT
4549,,3305100007,OG,DRY,10/30/1968,2110,SESW 10-129-69,CHAMBERS & KENNEDY,REINHOLD ROESZLAR 1,WILDCAT
1391,,3305100006,OG,DRY,3/18/1957,2645,NWNE 5-129-70,"CALVERT DRILLING, INC.",CHRIST ROTT 1,WILDCAT
5714,,3305100013,OG,DRY,10/20/1975,2235,SESE 3-129-71,HOME PETROLEUM CORP.,DOCKTER 1,WILDCAT
6311,,3308500004,OG,DRY,9/19/1977,4029,NENE 26-129-81,GRUY MANAGEMENT SERVICE CO.,SANDLAND 1,WILDCAT
7930,,3308500006,OG,DRY,9/8/1980,6498,SWSW 28-129-84,"CHEVRON USA, INC.",MORTENSON 1,WILDCAT
6654,,3308500005,OG,DRY,10/30/1978,7155,SESE 27-129-85,"UNICHEM INTERNATIONAL, INC.",JACOBS 1,WILDCAT
7502,,3300100007,OG,DRY,3/7/1980,7857,SENE 2-129-91,CRYSTAL EXPLORATION & PRODUCTION CO.,WORLEY 42-2,WILDCAT
7639,,3300100008,OG,DRY,6/14/1980,8215,SENE 2-129-91,CRYSTAL EXPLORATION & PRODUCTION CO.,WORLEY 42-4X,WILDCAT
3328,,3300100002,OG,DRY,2/4/1963,2401,NWNW 7-129-91,GREAT PLAINS ROYALTY & ANSCHUTZ OIL CO.,ELMO V. CAIN 1,WILDCAT
2,,3300100001,OG,DRY,4/27/1923,2800,NW 17-129-91,DAVIS WELL,DAVIS WELL 1,WILDCAT
8091,,3300100011,OG,DRY,1/1/1981,9050,NESW 7-129-94,SUPRON ENERGY CORP.,MAURICE MILLER 1,WILDCAT
6050,,3300100005,OG,PA,11/16/2000,9300,SWSW 30-129-98,"PRAIRIE ENERGY, INC.",BOONEDOG 1-30,COW BUTTE
8847,,3301100354,OG,DRY,8/5/1981,9387,SWSW 27-129-99,SEARCH NATURAL RESOURCES,GRAND HALEY PROSPECT 1,WILDCAT
14552,,3301100836,OG,PNC,12/22/1997,,SWSW 11-129-100,UNION PACIFIC RESOURCES CO.,POVANDRA 14-11H,CEDAR HILLS
14553,,3301100837,OG,PNC,12/22/1997,,SWSW 14-129-100,UNION PACIFIC RESOURCES CO.,MAYCHRZAK 14-14H,CEDAR HILLS
9017,,3301100357,OG,PA,8/19/1983,9605,NESE 18-129-100,HOME PETROLEUM CORP.,REIGER 18-9,WILDCAT
14554,,3301100838,OG,PNC,12/22/1997,,NENE 19-129-100,UNION PACIFIC RESOURCES CO.,KROMAREK TRUST 41-19H,CEDAR HILLS
14555,,3301100839,OG,PNC,12/22/1997,,NENE 20-129-100,UNION PACIFIC RESOURCES CO.,A. KROMAREK 41-20H,CEDAR HILLS
10307,,3301100398,OG,PA,3/7/2007,9600,SENE 21-129-100,SM ENERGY COMPANY,PALCZEWSKI 21-8,GOLD
6370,,3301100246,OG,DRY,6/27/1978,9600,SWNE 21-129-100,C. F. BRAUN & CO.,PALOZWESKI 1,GOLD
11003,,3301100418,SWD,PA,3/8/2007,9650,NWSW 22-129-100,SM ENERGY COMPANY,MAYCHRZAK 22-12,GOLD
4491,,3301100131,OG,DRY,8/22/1968,5000,SESE 24-129-100,INTERNATIONAL NUCLEAR CORP.,D. O. HANES 1-2-3-Y,WILDCAT
14556,,3301100840,OG,PNC,12/22/1997,,NENE 28-129-100,UNION PACIFIC RESOURCES CO.,A. KROMAREK 41-28H,CEDAR HILLS
14557,,3301100841,OG,PNC,1/5/1998,,SWSW 29-129-100,UNION PACIFIC RESOURCES CO.,A. KROMAREK 14-29H,CEDAR HILLS
14562,,3301100845,OG,PNC,12/22/1997,,SWSW 30-129-100,UNION PACIFIC RESOURCES CO.,KROMAREK TRUST 14-30H,CEDAR HILLS
9387,,3301100375,OG,PNC,2/15/1983,,NWNE 30-129-100,HOME PETROLEUM CORP.,PALCZEWSKI 30-1,WILDCAT
14558,,3301100842,OG,PNC,1/5/1998,,,,,
682,,3302100003,OG,DRY,9/29/1954,1900,SESE 34-130-63,JAMES H. SNOWDEN,CHESTER L. GIBSON 1,WILDCAT
725,,3302100004,OG,DRY,10/26/1954,1850,SENW 36-130-63,"JAMES H. SNOWDEN, ET AL",EMIL TRAUTMAN 1,WILDCAT
620,,3305100003,OG,DRY,9/8/1954,3594,NESE 13-130-69,CALVERT EXPLORATION CO.,C. C. NITSCHKE 1,WILDCAT
621,,3305100004,OG,DRY,7/30/1954,3830,NWNW 19-130-69,CALVERT EXPLORATION CO.,JOHN BENDER 1,WILDCAT
619,,3305100002,OG,DRY,8/29/1954,2973,SWNW 33-130-69,CALVERT EXPLORATION CO.,MAX A. WISHEK 1-A,WILDCAT
5715,,3305100014,OG,DRY,10/8/1975,2148,NENW 11-130-70,HOME PETROLEUM CORP.,WISHEK INVESTMENT 1,WILDCAT
5713,,3305100012,OG,DRY,10/14/1975,2117,SWNE 29-130-70,HOME PETROLEUM CORP.,BAUMANN 1,WILDCAT
4629,,3302900009,OG,DRY,2/5/1969,2472,SESE 3-130-74,FOREST OIL CORPORATION,T. WERLINGER 1,WILDCAT
8832,,3302900024,OG,DRY,7/29/1981,2165,SENW 26-130-76,SUN EXPLORATION & PRODUCTION CO.,SLAGH 1,WILDCAT
,,,,,,,,,,
99120,,3302199120,ST,DRY,12/15/1979,1500,SWSW 10-131-60,"RUSSELL DRILLING COMPANY, INC.",GERALD RODINE 1,WILDCAT
4550,,3305100008,OG,DRY,11/4/1968,2025,SENE 1-131-67,CHAMBERS & KENNEDY,HARRY C. ISAAK 1,WILDCAT
622,,3305100005,OG,DRY,7/15/1954,3934,SWNW 17-131-69,CALVERT EXPLORATION CO.,KARL SCHOCK 1,WILDCAT
27234,,3305100016,GASD,PNC,2/4/2015,,SESW 31-131-71,"STRATA-X, INC.",ABERLE  #1-31,WILDCAT
89,,3305100001,OG,DRY,7/19/1952,4777,NENE 15-131-73,GENERAL ATLAS CARBON CO.,A. KETTERLING 1,WILDCAT
4603,,3305100009,OG,DRY,12/24/1968,2499,NENW 29-131-73,FOREST OIL CORPORATION,C. BRANDNER 1,WILDCAT
4600,,3302900006,OG,DRY,1/25/1969,2350,NENW 8-131-74,FOREST OIL CORPORATION,A. GEFROH 1,WILDCAT
4601,,3302900007,OG,DRY,1/12/1969,2397,NWSE 14-131-74,FOREST OIL CORPORATION,L. WEBER 1,WILDCAT
8826,,3302900023,OG,DRY,7/11/1981,2340,SESW 1-131-75,SUN EXPLORATION & PRODUCTION CO.,WAGNER 1,WILDCAT
99114,,3302999114,ST,DRY,11/21/1973,2451,SWSW 21-131-75,WESTCOAST OIL & GAS CORP.,A. WALD 1,WILDCAT
8833,,3302900025,OG,PNC,8/18/1982,,SENE 2-131-76,SUN EXPLORATION & PRODUCTION CO.,WILKENHEISER 1,WILDCAT
4843,,3302900011,OG,DRY,12/29/1969,2610,NENE 21-131-77,PLACID OIL CO.,JACOBS 1,WILDCAT
631,,3308500001,OG,DRY,8/7/1954,5907,NESW 29-131-80,OHIO OIL CO.,STANDING ROCK SIOUX TRIBE 1,WILDCAT
4968,,3303700014,OG,DRY,10/2/1970,4882,NENE 17-131-85,"HELMERICH & PAYNE, INC.",BURLINGTON NORTHERN H 17-1,WILDCAT
4100,,3303700003,OG,DRY,7/7/1966,4750,NWNW 23-131-85,UNION OIL COMPANY OF CALIFORNIA,N.P.R.R. 1,WILDCAT
4953,,3303700010,OG,DRY,9/10/1970,4946,NWNW 9-131-86,"HELMERICH & PAYNE, INC.",BURLINGTON NORTHERN E 9-1,WILDCAT
4934,,3303700007,OG,DRY,7/31/1970,5227,SESE 3-131-87,"HELMERICH & PAYNE, INC.",BURLINGTON NORTHERN A 3-1,WILDCAT
4935,,3303700008,OG,DRY,8/14/1970,5447,SESE 31-131-87,"HELMERICH & PAYNE, INC.",BURLINGTON NORTHERN B 31-1,WILDCAT
4960,,3303700011,OG,DRY,9/21/1970,5320,NENE 35-131-87,"HELMERICH & PAYNE, INC.",BURLINGTON NORTHERN D 35-1,WILDCAT
5097,,3303700016,OG,DRY,9/12/1971,7928,NENW 27-131-88,"HELMERICH & PAYNE, INC.",BURLINGTON NORTHERN J 27-1,WILDCAT
8680,,3303700025,OG,DRY,7/21/1981,8942,NENW 35-131-88,SHELL OIL CO.,BURLINGTON NORTHERN 21-35,WILDCAT
9590,,3303700027,OG,DRY,6/19/1982,3655,NENW 35-131-88,SHELL OIL CO.,BURLINGTON NORTHERN 21-35X,WILDCAT
4994,,3300100004,OG,DRY,11/9/1970,4300,NWNW 15-131-91,CALVERT & SHAR ALAN OIL CO.,MOEN 1,WILDCAT
7939,,3300100010,OG,DRY,10/25/1980,9950,SESW 32-131-98,AMOCO PRODUCTION CO.,HIRSCH 1,WILDCAT
4441,,3301100115,OG,DRY,7/23/1968,5163,SWSW 30-131-99,INTERNATIONAL NUCLEAR CORP.,RINGDAHL ET AL 1-3,WILDCAT
5772,,3301100206,OG,DRY,4/9/1976,10371,NWNW 5-131-100,TRUE OIL CO.,FISHER 11-5,WILDCAT
7791,,3301100310,OG,DRY,7/22/1980,10420,SWNW 5-131-100,GULF OIL CORP.,FISHER 1-5-1D,WILDCAT
9656,,3301100382,OG,DRY,9/9/1982,10824,NWNE 6-131-100,PLACID OIL CO.,CORNELL 6-2,WILDCAT
4449,,3301100120,OG,DRY,7/19/1968,5300,SWSW 19-131-101,INTERNATIONAL NUCLEAR CORP.,LEWTON 1-5-8,WILDCAT
4444,,3301100117,OG,DRY,7/6/1968,5300,SESW 36-131-101,INTERNATIONAL NUCLEAR CORP.,STATE OF NORTH DAKOTA 1-4-5,WILDCAT
4542,,3301100140,OG,DRY,10/4/1968,5250,NESW 6-131-102,INTERNATIONAL NUCLEAR CORP.,WAHL 1-53,WILDCAT
4673,,3301100149,OG,DRY,8/15/1969,10111,NWNE 25-131-102,INTERNATIONAL NUCLEAR CORP.,STEWART 1-63,WILDCAT
13831,,3301100500,OG,PNC,6/12/1997,,NWNW 31-131-102,"CONTINENTAL RESOURCES, INC.",MARBURGER 1-31,CEDAR HILLS
14804,,3301100899,OG,PNC,1/29/1999,,SWSE 34-131-102,THE EXPLORATION COMPANY,MARY LOU 1-34,WILDCAT
4440,,3301100114,OG,DRY,7/22/1968,5310,NWNE 8-131-103,INTERNATIONAL NUCLEAR CORP.,LUTZ ET AL 1-6,WILDCAT
10859,,3301100416,GASD,DRY,5/19/1984,2800,SESE 17-131-103,"TEMPLETON ENERGY, INC.",JAMES 1,WILDCAT
4457,,3301100125,OG,DRY,8/7/1968,5152,NWNE 25-131-103,INTERNATIONAL NUCLEAR CORP.,WERRE 1-27-18,WILDCAT
7437,,3301100307,OG,PNC,8/20/1981,,SENE 29-131-103,INEXCO OIL CO.,NJOS 1-29,WILDCAT
14235,,3301100787,OG,PNC,12/31/1998,,SWSW 31-131-103,"CONTINENTAL RESOURCES, INC.",LESTER 1-31,CEDAR HILLS
16430,,3301101392,OG,PA,8/21/2009,9932,SESE 32-131-103,"NADEL AND GUSSMAN ROCKIES, LLC",RAIDER FEE 16-32NH,HART
5904,,3301100222,OG,DRY,7/18/1976,9953,NWNE 34-131-103,"PETROLEUM, INC.",HILTON 1,WILDCAT
14229,,3301100782,OG,PNC,6/2/1998,,SWSW 1-131-104,UNION PACIFIC RESOURCES CO.,WHITETAIL 1-1H,CEDAR HILLS
7197,,3301100294,OG,DRY,9/6/1980,10229,NWNW 1-131-104,"FARMERS UNION CENTRAL EXCHANGE, INC.",BOWMAN 4-1,RHAME
8250,,3301100333,OG,PA,2/16/1988,10250,NENW 1-131-104,ANADARKO PETROLEUM CORP.,BOWMAN FEDERAL A 1,RHAME
14230,,3301100783,OG,PNC,6/2/1998,,SWSW 2-131-104,UNION PACIFIC RESOURCES CO.,FOX 2-1H,CEDAR HILLS
14198,,3301100766,OG,PNC,4/6/1998,,SWSW 3-131-104,UNION PACIFIC RESOURCES CO.,BISON 3-1H,CEDAR HILLS
14120,,3301100722,OG,PNC,3/9/1999,,SWSW 4-131-104,"CONTINENTAL RESOURCES, INC.",FISCHER 1-4,CEDAR HILLS
7240,,3301100298,OG,DRY,12/5/1979,10035,SWNE 4-131-104,INEXCO OIL CO.,FISCHER 1-4,COYOTE CREEK
14195,,3301100763,OG,PNC,4/6/1998,,SWSW 5-131-104,UNION PACIFIC RESOURCES CO.,BUFFALO 5-1H,CEDAR HILLS
14189,,3301100758,OG,PNC,4/6/1998,,SWSW 6-131-104,UNION PACIFIC RESOURCES CO.,COYOTE 6-1H,CEDAR HILLS
14072,,3301100682,OG,PNC,3/9/1999,,SWSW 7-131-104,"CONTINENTAL RESOURCES, INC.",LONG 1-7,CEDAR HILLS
14073,,3301100683,OG,PNC,3/9/1999,,SWSW 8-131-104,"CONTINENTAL RESOURCES, INC.",HOLMQUIST 1-8,CEDAR HILLS
5347,,3301100179,OG,DRY,10/31/1973,9900,NWNE 8-131-104,"DEPCO, INC.",HOMQUIST 31-8,COYOTE CREEK
14121,,3301100723,OG,PNC,5/7/1999,,SWSW 9-131-104,"CONTINENTAL RESOURCES, INC.",JANE 1-9,CEDAR HILLS
4473,,3301100126,O,,,,,,,
17,,3307700001,OG,DRY,8/19/1948,695,NWSW 11-132-48,H. W. SNOWDEN,RUDDY BROS 1,WILDCAT
696,,3307700002,OG,DRY,9/18/1954,432,SESE 7-132-49,"F. B. DOWNING, SR.",F. L. HEITKAMP STRATIGRAPHIC 1,WILDCAT
871,,3307700003,OG,DRY,5/21/1955,453,NWNW 16-132-49,"F. B. DOWNING, SR.",JAMES LINK 1,WILDCAT
3763,,3302100006,OG,DRY,5/25/1965,1760,SESE 31-132-61,ELMER B. MEIERS,U.S.A. - ZIMBELMAN 1,WILDCAT
3895,,3302100007,OG,PNC,6/15/1966,,SWSW 32-132-61,ELMER B. MEIERS,RAYMOND ULMER 1,WILDCAT
3897,,3302100008,OG,DRY,11/4/1965,2415,SESE 29-132-64,ELMER B. MEIERS,SESELUS BJUR 1,WILDCAT
5033,,3305100010,OG,DRY,3/10/1971,2353,SWSW 33-132-71,GALAXY OIL CO.,NIESS 1,WILDCAT
5034,,3305100011,OG,DRY,3/5/1971,2352,SESE 26-132-72,GALAXY OIL CO.,SAMUEL RUDOLF 1,WILDCAT
27232,,3305100015,GASD,PNC,2/4/2015,,SESE 24-132-73,"STRATA-X, INC.",JUST #1-24,WILDCAT
8808,,3302900022,OG,DRY,7/20/1981,2404,SWNE 17-132-74,SUN EXPLORATION & PRODUCTION CO.,KELSCH 1,WILDCAT
4602,,3302900008,OG,DRY,12/17/1968,2409,NWNW 25-132-74,FOREST OIL CORPORATION,A. MEIER 1,WILDCAT
16503,,3302900034,GASD,PNC,12/31/2007,,SESE 11-132-75,"STAGHORN ENERGY, LLC",ROHWEDER 1-11,WILDCAT
27235,,3302900037,GASD,PA,7/28/2017,1450,NESE 11-132-75,"STRATA-X, INC.",ROHWEDER #1-11,WILDCAT
4681,,3302900010,OG,DRY,6/18/1969,2445,SENW 12-132-75,FOREST OIL CORPORATION,BERNARD HULM 1,WILDCAT
99128,,3302999128,ST,DRY,,,SWSW 14-132-75,WESTCOAST OIL & GAS CORP.,FISCHER 1,WILDCAT
99117,,3302999117,ST,DRY,11/14/1973,2395,SESW 15-132-75,WESTCOAST OIL & GAS CORP.,FISCHER 1,WILDCAT
99130,,3302999130,ST,DRY,,,SWSW 19-132-75,WESTCOAST OIL & GAS CORP.,KELSCH 1,WILDCAT
7101,,3302900018,OG,DRY,8/2/1979,5500,SWSW 10-132-76,KELDON OIL CO.,HORNER 1,WILDCAT
43,,3302900003,OG,DRY,2/8/1952,5885,NESE 8-132-78,PEAK DRILLING CO.,OHLHAUSER 1,WILDCAT
4966,,3303700012,OG,DRY,10/12/1970,4793,SESE 7-132-84,"HELMERICH & PAYNE, INC.",BURLINGTON NORTHERN F 7-1,WILDCAT
4111,,3303700004,OG,DRY,7/19/1966,4658,SESE 15-132-84,UNION OIL COMPANY OF CALIFORNIA,N.P.R.R. 1-15,WILDCAT
4967,,3303700013,OG,DRY,9/27/1970,5009,NWNW 27-132-85,"HELMERICH & PAYNE, INC.",BURLINGTON NORTHERN G 27-1,WILDCAT
5113,,3303700017,OG,DRY,9/28/1971,4587,NWNE 29-132-85,"HELMERICH & PAYNE, INC.","BURLINGTON NORTHERN ""K"" 29-1",WILDCAT
6420,,3303700021,OG,DRY,1/23/1978,8400,SWSW 7-132-86,MARSHALL R. YOUNG OIL CO.,7-132-86-BN 1,WILDCAT
4928,,3303700006,OG,DRY,7/17/1970,5160,SESE 17-132-86,"HELMERICH & PAYNE, INC.",BURLINGTON NORTHERN 17-1,WILDCAT
9591,,3303700028,OG,DRY,6/9/1982,3310,C NW 19-132-86,SHELL OIL CO.,BURLINGTON NORTHERN 12-19,WILDCAT
5572,,3303700020,OG,DRY,3/8/1975,8300,NENW 27-132-86,"GAS PRODUCING ENTERPRISES, INC.",BURLINGTON NORTHERN 1,WILDCAT
8206,,3304100026,OG,DRY,2/16/1981,9500,NESW 16-132-93,SUPRON ENERGY CORP.,ALEXANDER STATE 16-132-93 1-SND,WILDCAT
4451,,3301100122,OG,DRY,8/18/1968,5370,SESE 32-132-99,INTERNATIONAL NUCLEAR CORP.,FREITAG 1-8-7,WILDCAT
4546,,3301100143,OG,DRY,10/25/1968,5490,SWSW 9-132-101,INTERNATIONAL NUCLEAR CORP.,SCHOBER 1-55,WILDCAT
4502,,3301100132,OG,DRY,9/1/1968,5450,NWNW 12-132-101,INTERNATIONAL NUCLEAR CORP.,WEGNER 1-32,WILDCAT
4540,,3301100139,OG,DRY,10/1/1968,5390,NWNW 32-132-101,INTERNATIONAL NUCLEAR CORP.,L. ROEN 1-48,WILDCAT
4448,,3301100119,OG,DRY,7/23/1968,5297,NENE 35-132-101,INTERNATIONAL NUCLEAR CORP.,W. BREWER 1-9-9,WILDCAT
4489,,3301100130,OG,DRY,8/16/1968,5385,SWNW 7-132-102,INTERNATIONAL NUCLEAR CORP.,OIEN 1-1-2-X,WILDCAT
4518,,3301100136,OG,DRY,9/12/1968,5470,NENE 9-132-102,INTERNATIONAL NUCLEAR CORP.,MOSSBRUCKER 1-47,WILDCAT
516,,3301100043,OG,DRY,4/9/1954,10630,NWSW 13-132-102,WESTERN NATURAL GAS CO.,TRUAX-TRAER COAL CO. 1,WILDCAT
4469,,3301100121,OG,DRY,8/1/1968,5442,SENE 23-132-102,STATES OIL CO.,CONSOLIDATED COAL CO. 1,WILDCAT
14586,,3301100850,OG,PNC,3/19/1998,,NENE 7-132-103,THE EXPLORATION COMPANY,STEGNER 1-7H,CEDAR HILLS
4516,,3301100134,OG,DRY,9/11/1968,5357,SENE 15-132-103,INTERNATIONAL NUCLEAR CORP.,BENNETT 1-41,WILDCAT
17465,,3301101472,OG,PNC,2/10/2010,,NENE 19-132-103,"DENBURY ONSHORE, LLC",ROLFSNESS 41-19H,WILDCAT
4474,,3301100127,OG,DRY,7/26/1968,5316,SESE 25-132-103,INTERNATIONAL NUCLEAR CORP.,J. SCHADE ET AL 1-10-17,WILDCAT
14587,,3301100851,OG,PNC,3/19/1998,,SWSW 7-132-104,THE EXPLORATION COMPANY,HANNA 1-7H,CEDAR HILLS
14533,,3301100820,OG,PNC,3/19/1998,,SWSW 8-132-104,UNION PACIFIC RESOURCES CO.,MEGGERS 14-8H,CEDAR HILLS
4544,,3301100141,OG,DRY,9/19/1968,5376,SWSW 12-132-104,INTERNATIONAL NUCLEAR CORP.,EVANS 1-46,WILDCAT
5888,,3301100217,OG,DRY,5/12/1976,10299,NWSW 15-132-104,LUFF EXPLORATION COMPANY,O. GUNVALDSEN 1-15,WILDCAT
14221,,3301100778,OG,PNC,6/2/1998,,SWSW 20-132-104,UNION PACIFIC RESOURCES CO.,PRONGHORN 20-1H,CEDAR HILLS
4475,,3301100128,OG,DRY,8/15/1968,5245,NESW 21-132-104,INTERNATIONAL NUCLEAR CORP.,O. GUNVALDSEN ET AL 1-11-22,WILDCAT
14215,,3301100775,OG,PNC,4/6/1998,,SWSW 27-132-104,UNION PACIFIC RESOURCES CO.,LYNX 27-1H,CEDAR HILLS
14216,,3301100776,OG,PNC,4/6/1998,,SWSW 28-132-104,UNION PACIFIC RESOURCES CO.,MINK 28-1H,CEDAR HILLS
14588,,3301100852,OG,PNC,4/6/1998,,SWSW 29-132-104,THE EXPLORATION COMPANY,FOLLERT 1-29H,CEDAR HILLS
7332,,3301100304,OG,DRY,12/21/1979,9954,NENW 30-132-104,INEXCO OIL CO.,RAYMOND 1-30,RHAME
14227,,3301100780,OG,PNC,6/2/1998,,SWSW 31-132-104,UNION PACIFIC RESOURCES CO.,RACCOON 31-1H,CEDAR HILLS
14226,,3301100779,OG,PNC,6/2/1998,,SWSW 32-132-104,UNION PACIFIC RESOURCES CO.,BEAVER 32-1H,CEDAR HILLS
14214,,3301100774,OG,PNC,4/6/1998,,NENE 33-132-104,UNION PACIFIC RESOURCES CO.,BOBCAT 33-1H,CEDAR HILLS
14220,,3301100777,OG,,,,,,,
3611,,3304500002,OG,DRY,8/6/1964,1845,NWNW 22-133-61,FORT UNION PETROLEUM CORP.,RYDER 1,WILDCAT
3999,,3304500003,OG,DRY,12/14/1965,2511,NWNW 18-133-64,"VAUGHN PETROLEUM, INC.",H. SMITH 1,WILDCAT
4285,,3304500004,OG,DRY,7/13/1967,2118,SESE 3-133-65,ACME OIL CORP.,SCHLECHT 1,WILDCAT
94,,3304500001,OG,DRY,7/8/1952,2793,NENW 12-133-65,CHAMPLIN REFINING CO.,ELMER HEIM 1,WILDCAT
5117,,3304500005,OG,DRY,10/7/1971,3136,SWSW 9-133-66,DON BILLS,JUVELUS BJUR 1,WILDCAT
5039,,3304700019,OG,DRY,3/15/1971,2269,SESE 6-133-71,GALAXY OIL CO.,MARKUS WANGLER 1,WILDCAT
5032,,3304700018,OG,DRY,3/2/1971,2253,NWNE 16-133-71,GALAXY OIL CO.,STATE 1,WILDCAT
1377,,3304700009,OG,DRY,2/19/1957,2963,NWSW 21-133-71,"CALVERT DRILLING, INC.",ALBERT LANG 1,WILDCAT
1835,,3304700012,OG,DRY,6/9/1958,3188,NENW 20-133-72,H. HANSON OIL SYNDICATE,"BARBARA, ANN AND THERESA WELDER 1",WILDCAT
5679,,3302900015,OG,DRY,9/3/1975,2582,NWNW 2-133-74,"KELSCH AND DONLIN, INC.",HUBER 1,WILDCAT
5677,,3302900013,OG,DRY,8/21/1975,2352,NWNE 28-133-74,"KELSCH AND DONLIN, INC.",LEIER 1,WILDCAT
27233,,3302900036,GASD,PNC,2/4/2015,,SWSW 32-133-74,"STRATA-X, INC.",HOFF #1-32,WILDCAT
16504,,3302900035,GASD,PNC,12/31/2007,,NWNW 5-133-75,"STAGHORN ENERGY, LLC",WOHL 1-5,WILDCAT
5680,,3302900016,OG,DRY,8/27/1975,2522,NWNE 10-133-75,"KELSCH AND DONLIN, INC.",LOEBS 1,WILDCAT
8834,,3302900026,OG,DRY,8/7/1981,2560,SWSE 13-133-75,SUN EXPLORATION & PRODUCTION CO.,WALD 1,WILDCAT
99115,,3302999115,ST,DRY,11/4/1973,2522,SENE 29-133-75,WESTCOAST OIL & GAS CORP.,W. HANSON 1,WILDCAT
16,,3302900001,OG,DRY,7/22/1943,5359,NWSW 35-133-75,"NORTHERN ORDINANCE, INC.",FRANKLIN INVESTMENT CO. 1,WILDCAT
23,,3302900002,OG,DRY,9/19/1950,5556,NESE 35-133-76,ROESSER & PENDELTON CO.,J. J. WEBER 1,WILDCAT
99113,,3302999113,ST,DRY,5/30/1973,2555,NESE 35-133-76,WESTCOAST OIL & GAS CORP.,A. WEBER 1A,WILDCAT
99116,,3302999116,ST,DRY,11/30/1973,2450,SESE 36-133-76,WESTCOAST OIL & GAS CORP.,STATE 1,WILDCAT
5305,,3308500002,OG,DRY,6/24/1973,3890,SWSW 35-133-81,GRUY MANAGEMENT SERVICE CO.,JOHN KARY 1,WILDCAT
5007,,3305900012,OG,DRY,1/16/1971,4710,SWSW 7-133-82,CALVERT DRILLING & ANMAR OIL & GAS CORP.,BURLINGTON NORTHERN 1,WILDCAT
232,,3303700001,OG,DRY,1/16/1953,6800,SWSW 26-133-83,YOUNGBLOOD & YOUNGBLOOD,KELSTROM 1,WILDCAT
4701,,3303700005,OG,DRY,9/1/1969,4425,SWSW 19-133-89,LADD PETROLEUM CORP.,R. K. SWINDLER 1,WILDCAT
3636,,3303700002,OG,DRY,8/20/1964,8860,SWNE 1-133-90,CARDINAL PETROLEUM CO.,MARIE BIERWAGEN 1,WILDCAT
9586,,3303700026,OG,DRY,5/28/1982,3959,SWSE 2-133-90,SHELL OIL CO.,BIERWAGEN 34-2,WILDCAT
6413,,3304100012,OG,DRY,2/14/1978,9500,SESE 21-133-92,ENERGETICS OPERATING CO.,HARSCH-MEHRER 44-21,WILDCAT
7075,,3304100015,OG,DRY,8/14/1979,10784,SWSE 26-133-93,AMOCO PRODUCTION CO.,ROKUSEK 1,WILDCAT
15086,,3304100036,CBM,DRY,10/12/2007,8541,SENW 27-133-96,"ENDEAVOR ENERGY RESOURCES, L.P.",KIRSCHEMANN 1-27,WILDCAT
4465,,3304100004,OG,PNC,7/12/1969,,SWSW 2-133-97,INTERNATIONAL NUCLEAR CORP.,GENA STENMOEN 1-13-12,WILDCAT
7819,,3304100021,SWD,PA,12/13/2018,10400,SESE 23-133-97,"RTR ENERGY, LLC",REDETZKE SWD 1,TEPEE BUTTE
7453,,3304100020,OG,PA,6/23/2009,11300,SESW 24-133-97,"P & M PETROLEUM MANAGEMENT, L.L.C.",URLACHER 1-24,TEPEE BUTTE
8010,,3304100024,OG,DRY,1/16/1981,10415,NWNE 25-133-97,AMOCO PRODUCTION CO.,URLACHER STATE UNIT 1,TEPEE BUTTE
4570,,3308700051,OG,DRY,10/29/1968,5311,SENW 5-133-98,INTERNATIONAL NUCLEAR CORP.,ARNESON 1-57,WILDCAT
5881,,3308700073,OG,DRY,5/2/1976,10768,NENW 5-133-98,PATRICK PETROLEUM CO.,ARNESON 1,WILDCAT
4578,,3308700052,OG,DRY,11/8/1968,5365,NESW 6-133-98,INTERNATIONAL NUCLEAR CORP.,ARNESON 2-1-58,WILDCAT
4588,,3308700053,OG,DRY,11/23/1968,5330,NESW 8-133-98,INTERNATIONAL NUCLEAR CORP.,GOODHUE ET AL 1-59,WILDCAT
4462,,3308700015,OG,DRY,7/23/1968,5092,NENW 29-133-98,STATES OIL CO.,ROBERT L. SCHAAR 1,WILDCAT
4547,,3308700047,OG,DRY,10/10/1968,5415,SWSW 6-133-99,INTERNATIONAL NUCLEAR CORP.,SWANSON 1-54,WILDCAT
4464,,3308700017,OG,DRY,8/12/1968,5340,SESE 11-133-99,INTERNATIONAL NUCLEAR CORP.,LLOYD TESKE 1-14-11,WILDCAT
4596,,3308700054,OG,DRY,12/7/1968,5310,SWNE 12-133-99,INTERNATIONAL NUCLEAR CORP.,OBERFOELL 1-60,WILDCAT
4531,,3308700043,OG,DRY,9/22/1968,5370,SESE 19-133-99,INTERNATIONAL NUCLEAR CORP.,C. DILSE 1-45,WILDCAT
4564,,3308700048,OG,DRY,10/13/1968,5361,NESW 30-133-99,INTERNATIONAL NUCLEAR CORP.,T. DILSE 1-50,WILDCAT
4463,,3308700016,OG,DRY,8/1/1968,5337,SESE 32-133-99,INTERNATIONAL NUCLEAR CORP.,CLARENCE E. DILSE 1-15-10,WILDCAT
5210,,3308700065,OG,DRY,11/9/1972,11000,NENW 3-133-100,BELCO PETROLEUM CORP.,CANNONBALL 3-3,WILDCAT
4450,,3308700018,OG,DRY,8/4/1968,5470,SENE 19-133-100,INTERNATIONAL NUCLEAR CORP.,BRAUN 1-16-15,WILDCAT
7016,,3308700093,OG,DRY,7/7/1979,10750,SESW 23-133-100,LADD PETROLEUM CORP.,SANDERS 23-24,WILDCAT
4523,,3308700040,OG,DRY,9/4/1968,5425,SENE 32-133-101,STATES OIL CO.,CONSOLIDATION COAL CO. 1-32,WILDCAT
4749,,3308700055,OG,DRY,10/2/1969,10748,SWNW 33-133-101,STATES OIL CO.,"SEDEVIE, J. J. 1",WILDCAT
5933,,3308700077,OG,DRY,9/1/1976,10650,SESW 9-133-102,JERRY CHAMBERS EXPLORATION CO.,H. J. BURKE 1,WILDCAT
7826,,3308700099,OG,DRY,8/9/1980,10625,NENE 17-133-102,STAMAN EXPLORATION & PRODUCTION CO.,STUBER RANCH 1-17,WILDCAT
4476,,3308700021,OG,DRY,7/31/1968,5223,SWNW 26-133-103,INTERNATIONAL NUCLEAR CORP.,C. SILBERNAGEL 1-17-23,WILDCAT
7383,,3308700095,OG,DRY,3/2/1980,10450,NWSE 28-133-103,GREAT WESTERN DRILLING CO.,FEDERAL 1-28,WILDCAT
14590,,3308700331,OG,PNC,3/19/1998,,SWSW 35-133-103,THE EXPLORATION COMPANY,STEGNER 1-35H,CEDAR HILLS
14341,,3308700203,OG,PNC,9/25/1997,,SWSW 2-133-104,"CHESAPEAKE OPERATING, INC.",GUNDERSON 1-2,CEDAR HILLS
14342,,3308700204,OG,PNC,9/25/1997,,SWSW 3-133-104,"CHESAPEAKE OPERATING, INC.",BOWMAN 1-3,CEDAR HILLS
14343,,3308700205,OG,PNC,9/25/1997,,SESE 4-133-104,"CHESAPEAKE OPERATING, INC.",RUE 1-4,CEDAR HILLS
14344,,3308700206,OG,PNC,9/25/1997,,SWSW 5-133-104,"CHESAPEAKE OPERATING, INC.",KRINKE 1-5,CEDAR HILLS
6360,,3308700086,OG,PNC,10/21/1978,,NWNW 6-133-104,HUNT OIL COMPANY,U.S.A. 6 1,WILDCAT
14290,,3308700176,OG,PNC,9/25/1997,,SWSW 7-133-104,UNION PACIFIC RESOURCES CO.,FEDERAL 14-7H,CEDAR HILLS
14345,,3308700207,OG,PNC,9/25/1997,,SWSW 8-133-104,"CHESAPEAKE OPERATING, INC.",LIBERTY 1-8,CEDAR HILLS
14358,,3308700218,OG,PNC,9/25/1997,,NENE 9-133-104,"CHESAPEAKE OPERATING, INC.",OLDIS 1-9,CEDAR HILLS
14346,,3308700208,OG,PNC,9/25/1997,,SESE 10-133-104,"CHESAPEAKE OPERATING, INC.",SUNDEN 1-10,CEDAR HILLS
14444,,3308700277,OG,PNC,9/30/1997,,SWSW 11-133-104,"CHESAPEAKE OPERATING, INC.",HANA 1-11,CEDAR HILLS
14347,,3308700209,OG,PNC,9/25/1997,,SWSW 12-133-104,"CHESAPEAKE OPERATING, INC.",ELLIE 1-12,CEDAR HILLS
14359,,3308700219,OG,PNC,9/25/1997,,SWSW 13-133-104,"CHESAPEAKE OPERATING, INC.",VAN SANT 1-13,CEDAR HILLS
14348,,3308700210,OG,PNC,9/25/1997,,SWSW 14-133-104,"CHESAPEAKE OPERATING, INC.",SWENSON 1-14,CEDAR HILLS
14445,,3308700278,OG,PNC,10/23/1997,,SWSW 15-133-104,"CHESAPEAKE OPERATING, INC.",WALLER 1-15,CEDAR HILLS
14349,,3308700211,OG,PNC,9/25/1997,,SWSW 16-133-104,"CHESAPEAKE OPERATING, INC.",HENDRY 1-16,CEDAR HILLS
14291,,3308700177,OG,PNC,9/25/1997,,NENE 18-133-104,UNION PACIFIC RESOURCES CO.,BROOKS 41-18H,CEDAR HILLS
4481,,3308700025,OG,DRY,8/22/1968,5165,NENE 18-133-104,INTERNATIONAL NUCLEAR CORP.,GOVT. J. COLE 1-18-25,WILDCAT
14292,,3308700178,OG,PNC,9/25/1997,,NENE 19-133-104,UNION PACIFIC RESOURCES CO.,BROOKS 41-19H,CEDAR HILLS
14354,,3308700216,OG,PNC,9/25/1997,,SWSW 20-133-104,UNION PACIFIC RESOURCES CO.,HENDRY 14-20H,CEDAR HILLS
14355,,3308700217,OG,PNC,9/25/1997,,SWSW 21-133-104,UNION PACIFIC RESOURCES CO.,BIRCH 14-21H,CEDAR HILLS
14350,,3308700212,OG,PNC,9/25/1997,,SWSW 22-133-104,"CHESAPEAKE OPERATING, INC.",ANNIE M 1-22,CEDAR HILLS
14351,,3308700213,OG,PNC,9/25/1997,,SESE 23-133-104,"CHESAPEAKE OPERATING, INC.",THARP 1-23,CEDAR HILLS
14360,,3308700220,OG,PNC,9/25/1997,,SWSW 24-133-104,"CHESAPEAKE OPERATING, INC.",DILSE 1-24,CEDAR HILLS
14353,,3308700215,OG,PNC,9/25/1997,,SWSW 25-133-104,UNION PACIFIC RESOURCES CO.,FEDERAL 14-25H,CEDAR HILLS
14352,,3308700214,OG,PNC,9/25/1997,,NENE 26-133-104,"CHESAPEAKE OPERATING, INC.",HAWLEY 1-26,CEDAR HILLS
14367,,3308700227,OG,PNC,9/25/1997,,NENE 28-133-104,UNION PACIFIC RESOURCES CO.,WEISZ 41-28H,CEDAR HILLS
14368,,3308700228,OG,PNC,9/25/1997,,SWSW 29-133-104,UNION PACIFIC RESOURCES CO.,MERZ 14-29H,CEDAR HILLS
14293,,3308700179,OG,PNC,9/25/1997,,NENE 30-133-104,UNION PACIFIC RESOURCES CO.,BROOKS 41-30H,CEDAR HILLS
14294,,3308700180,OG,PNC,9/25/1997,,SWSW 31-133-104,UNION PACIFIC RESOURCES CO.,WEISZ 14-31H,CEDAR HILLS
14295,,3308700181,OG,PNC,9/25/1997,,SWSW 32-133-104,UNION PACIFIC RESOURCES CO.,MERZ 14-32H,CEDAR HILLS
14296,,3308700182,OG,PNC,9/25/1997,,SWSW 33-133-104,UNION PACIFIC RESOURCES CO.,SWENSON 14-33H,CEDAR HILLS
14336,,3308700200,OG,PNC,9/25/1997,,SWSW 34-133-104,"CHESAPEAKE OPERATING, INC.",FISH 1-34,CEDAR HILLS
14381,,3308700241,OG,PNC,10/23/1997,,SWSW 35-133-104,"CHESAPEAKE OPERATING, INC.",TIMM 1-35,CEDAR HILLS
14287,,3308700175,OG,PNC,11/6/1997,,NENE 5-133-105,UNION PACIFIC RESOURCES CO.,R. A. WILLIAMS 41-5H,CEDAR HILLS
14282,,3308700170,OG,PNC,11/6/1997,,NENE 9-133-105,UNION PACIFIC RESOURCES CO.,EMPM 41-9H,CEDAR HILLS
14283,,3308700171,OG,PNC,11/6/1997,,SENE 10-133-105,UNION PACIFIC RESOURCES CO.,FEDERAL 42-10H,CEDAR HILLS
14284,,3308700172,OG,PNC,6/12/1997,,NENE 12-133-105,UNION PACIFIC RESOURCES CO.,BROOKS 41-12H,CEDAR HILLS
14266,,3308700155,OG,PNC,6/12/1997,,NENE 13-133-105,UNION PACIFIC RESOURCES CO.,BROOKS 41-13H,CEDAR HILLS
14267,,3308700156,OG,PNC,10/23/1997,,SWSW 14-133-105,UNION PACIFIC RESOURCES CO.,FEDERAL 14-14H,CEDAR HILLS
14268,,3308700157,OG,DRY,8/27/1998,14848,NENE 15-133-105,RME PETROLEUM COMPANY,EMPM 41-15H,CEDAR HILLS
14437,,3308700275,OG,PNC,11/6/1997,,SWSW 16-133-105,UNION PACIFIC RESOURCES CO.,DAKOTA STATE 14-16H,CEDAR HILLS
14379,,3308700239,OG,PNC,9/25/1997,,SWSW 18-133-105,"CHESAPEAKE OPERATING, INC.",WANG 1-18,CEDAR HILLS
14255,,3308700153,OG,PNC,6/5/2000,,SWSW 19-133-105,BURLINGTON RESOURCES OIL & GAS COMPANY,FUCHS 14-19H,CEDAR HILLS
14256,,3308700154,OG,PNC,7/7/2000,,SWSW 20-133-105,BURLINGTON RESOURCES OIL & GAS COMPANY,VEROY 14-20H,CEDAR HILLS
14269,,3308700158,OG,PNC,9/4/1998,,SWSW 22-133-105,UNION PACIFIC RESOURCES CO.,FEDERAL 14-22H,CEDAR HILLS
14270,,3308700159,OG,PNC,8/4/1998,,NENE 23-133-105,UNION PACIFIC RESOURCES CO.,BROOKS 41-23H,CEDAR HILLS
14271,,3308700160,OG,PNC,3/19/1998,,NENE 24-133-105,UNION PACIFIC RESOURCES CO.,FEDERAL 41-24H,CEDAR HILLS
14272,,3308700161,OG,PNC,8/4/1998,,SWSW 25-133-105,UNION PACIFIC RESOURCES CO.,BROOKS 14-25H,CEDAR HILLS
14273,,3308700162,OG,PNC,8/4/1998,,NENE 26-133-105,UNION PACIFIC RESOURCES CO.,H. R. BRADAC 41-26H,CEDAR HILLS
14274,,3308700163,OG,PNC,8/4/1998,,NENE 27-133-105,UNION PACIFIC RESOURCES CO.,H. R. BRADAC 41-27H,CEDAR HILLS
14174,,3308700145,OG,PNC,4/5/2000,,SWSW 29-133-105,BURLINGTON RESOURCES OIL & GAS COMPANY,VEROY 14-29H,CEDAR HILLS
14175,,3308700146,OG,PNC,4/5/2000,,NENE 30-133-105,BURLINGTON RESOURCES OIL & GAS COMPANY,VEROY 41-30H,CEDAR HILLS
14025,,3308700127,OG,PNC,4/5/2000,,SWSW 31-133-105,BURLINGTON RESOURCES OIL & GAS COMPANY,JOHNSON 14-31H,CEDAR HILLS
14096,,3308700131,OG,PNC,4/5/2000,,SWSW 32-133-105,BURLINGTON RESOURCES OIL & GAS COMPANY,HOLMAN 14-32H,CEDAR HILLS
14039,,3308700128,OG,PNC,4/5/2000,,SWSW 33-133-105,BURLINGTON RESOURCES OIL & GAS COMPANY,MINER 14-33H,CEDAR HILLS
14275,,3308700164,OG,PNC,12/7/1998,,NENE 34-133-105,UNION PACIFIC RESOURCES CO.,H. R. BRADAC 41-34H,CEDAR HILLS
14276,,3308700165,OG,PNC,12/7/1998,,NENE 35-133-105,UNION PACIFIC RESOURCES CO.,H. R. BRADAC 41-35H,CEDAR HILLS
14426,,3308700269,OG,PNC,11/20/1997,,SWSW 36-133-105,UNION PACIFIC RESOURCES CO.,DAKOTA STATE 14-36H,CEDAR HILLS
14361,,3308700221,OG,PNC,11/6/1997,,SWSW 1-133-106,"CHESAPEAKE OPERATING, INC.",BIG BEV 1-1,CEDAR HILLS
14819,,3308700334,OG,PNC,4/5/2000,,SESW 6-133-106,BURLINGTON RESOURCES OIL & GAS COMPANY,FEDERAL STATE LINE 24-6H,CEDAR HILLS
14818,,3308700333,OG,PNC,4/5/2000,,SWSW 8-133-106,BURLINGTON RESOURCES OIL & GAS COMPANY,FEDERAL SOUTH BUTTE 14-8H,CEDAR HILLS
14362,,3308700222,OG,PNC,11/6/1997,,SWSW 12-133-106,"CHESAPEAKE OPERATING, INC.",SONSALLA 1-12,CEDAR HILLS
14249,,3308700151,OG,PNC,6/9/1999,,SWSW 15-133-106,"CONTINENTAL RESOURCES, INC.",SONSALLA 1-15,CEDAR HILLS
7787,,3308700097,OG,DRY,7/30/1980,9520,SWSE 15-133-106,"TERRA RESOURCES, INC.",SONSALLA 1-15,MARMARTH
14253,,3308700152,OG,PNC,8/28/2001,,SWSW 16-133-106,BURLINGTON RESOURCES OIL & GAS COMPANY LP,STATE-BUCKLIN 14-16H,CEDAR HILLS
14240,408451,3308700149,OG,A,11/22/2022,14654,SWSW 17-133-106,"CONTINENTAL RESOURCES, INC.",FEDERAL MOSQUITO CREEK 14-17H,CEDAR HILLS
14244,408451,3308700150,OG,A,12/31/1997,13750,SESW 18-133-106,"CONTINENTAL RESOURCES, INC.",DOUG 1-18,CEDAR HILLS
15357,413779,3308700344,WI,A,3/28/2025,14919,NWNE 18-133-106,"CONTINENTAL RESOURCES, INC.",DOUG 21-18SH,CEDAR HILLS
14154,408451,3308700136,WI,A,3/28/2025,13659,SESW 19-133-106,"CONTINENTAL RESOURCES, INC.",FLOR 24-19RH,CEDAR HILLS
15353,413779,3308700343,WI,A,3/28/2025,15831,SWNW 19-133-106,"CONTINENTAL RESOURCES, INC.",FLOR 22-19H,CEDAR HILLS
19862,408451,3308700356,OG,A,3/22/2011,14844,SESW 19-133-106,"CONTINENTAL RESOURCES, INC.",FLOR  24-19NH,CEDAR HILLS
14767,408451,3308700332,OG,A,12/16/1997,14600,SWSW 20-133-106,"CONTINENTAL RESOURCES, INC.",FEDERAL BUCKLIN 14-20H,CEDAR HILLS
14158,,3308700140,OG,PNC,3/30/1999,,SWSW 21-133-106,"CONTINENTAL RESOURCES, INC.",MELVA 1-21F,CEDAR HILLS
14159,,3308700141,OG,PA,9/28/2001,12249,NENE 22-133-106,BURLINGTON RESOURCES OIL & GAS COMPANY LP,SONSALLA FEDERAL 41-22H,CEDAR HILLS
7548,,3308700096,OG,PA,4/14/1988,9500,SENE 22-133-106,"CITI OIL, INC.",WANG 1-22,MARMARTH
14160,,3308700142,OG,PNC,3/30/1999,,SWSW 23-133-106,"CONTINENTAL RESOURCES, INC.",FOREMAN 1-23,CEDAR HILLS
3383,,3308700005,OG,DRY,6/19/1963,9417,SWSE 23-133-106,PAN AMERICAN PETROLEUM CORP.,LYDIA FOREMAN 1,MARMARTH
6958,,3308700091,OG,DRY,6/3/1979,9500,SENE 23-133-106,"TERRA RESOURCES, INC.",LYDIA FOREMAN 2-23,MARMARTH
7788,,3308700098,OG,PNC,1/27/1983,,NWSW 23-133-106,"TERRA RESOURCES, INC.",LYDIA FOREMAN 3-23,MARMARTH
14161,,3308700143,OG,PNC,3/30/1999,,SWSW 24-133-106,"CONTINENTAL RESOURCES, INC.",WARREN 1-24,CEDAR HILLS
14176,,3308700147,OG,PNC,3/30/1999,,SWSW 25-133-106,"CONTINENTAL RESOURCES, INC.",RANKIN 1-25,CEDAR HILLS
14177,114177,3308700148,OG,A,12/26/1997,14680,SWSW 26-133-106,"DENBURY ONSHORE, LLC",FEDERAL WALLER 14-26H,CEDAR HILLS
14165,,3308700144,OG,PNC,3/30/1999,,SWSW 27-133-106,"CONTINENTAL RESOURCES, INC.",MARJORIE 1-27F,CEDAR HILLS
22702,,3308700358,OG,PNC,2/4/2013,,SWSW 27-133-106,"SILVER OAK ENERGY, LLC",SONSALLA 1-27H,CEDAR HILLS
14156,408451,3308700138,WI,A,3/28/2025,12293,SWSW 28-133-106,"CONTINENTAL RESOURCES, INC.",FLOR 1-28F,CEDAR HILLS
14155,408451,3308700137,WI,A,3/28/2025,14504,SWSW 29-133-106,"CONTINENTAL RESOURCES, INC.",GLENDIVE LODGE 14-29H,CEDAR HILLS
4543,,3308700046,OG,DRY,10/30/1968,4550,SESE 29-133-106,INTERNATIONAL NUCLEAR CORP.,FLOR 1-56,WILDCAT
14157,408451,3308700139,OG,A,7/31/2005,15202,SESW 30-133-106,"CONTINENTAL RESOURCES, INC.",GLENDIVE LODGE-FEDERAL 24-30H,CEDAR HILLS
15324,413779,3308700340,WI,A,3/28/2025,15367,NESE 30-133-106,"CONTINENTAL RESOURCES, INC.",GLENDIVE LODGE 43-30NH,CEDAR HILLS
15327,413779,3308700341,WI,A,11/4/2025,13333,NESE 30-133-106,"CONTINENTAL RESOURCES, INC.",GLENDIVE LODGE 43-30SH,CEDAR HILLS
15328,408451,3308700342,WI,A,3/28/2025,16162,SENW 30-133-106,"CONTINENTAL RESOURCES, INC.",GLENDIVE LODGE 22-30NH,CEDAR HILLS
17656,408451,3308700351,OG,A,4/15/2019,15723,SESE 30-133-106,"CONTINENTAL RESOURCES, INC.",GLENDIVE LODGE 44-30NH,CEDAR HILLS
17657,408451,3308700352,OG,A,12/2/2008,12759,SESE 30-133-106,"CONTINENTAL RESOURCES, INC.",GLENDIVE LODGE 44-30SH,CEDAR HILLS
19507,408451,3308700355,OG,A,11/18/2010,15327,LOT1 30-133-106,"CONTINENTAL RESOURCES, INC.",GLENDIVE LODGE 21-30NH,CEDAR HILLS
14097,408451,3308700132,WI,A,3/28/2025,13239,NENE 31-133-106,"CONTINENTAL RESOURCES, INC.",P BAR 1-31RH,CEDAR HILLS
14098,408451,3308700133,WI,A,3/28/2025,15657,SWSW 32-133-106,"CONTINENTAL RESOURCES, INC.",ANDREW 1-32RH,CEDAR HILLS
15299,413779,3308700337,WI,A,3/28/2025,16002,SWSE 32-133-106,"CONTINENTAL RESOURCES, INC.",ANDREW 34-32NH,CEDAR HILLS
15303,413779,3308700338,WI,A,3/28/2025,14745,SWNW 32-133-106,"CONTINENTAL RESOURCES, INC.",ANDREW 12-32SH,CEDAR HILLS
15304,413779,3308700339,WI,A,3/28/2025,16019,SWNW 32-133-106,"CONTINENTAL RESOURCES, INC.",ANDREW 12-32NH,CEDAR HILLS
16105,,3308700345,GASD,DRY,5/21/2014,2014,SWNW 32-133-106,"CONTINENTAL RESOURCES, INC.",MASA 1-32,WILDCAT
16289,408451,3308700346,OG,A,10/21/2006,14968,SESE 32-133-106,"CONTINENTAL RESOURCES, INC.",ANDREW 44-32NH,CEDAR HILLS
17031,408451,3308700347,OG,A,9/19/2008,16224,SESW 32-133-106,"CONTINENTAL RESOURCES, INC.",ANDREW 24-32NH,CEDAR HILLS
17138,408451,3308700348,OG,A,10/24/2008,15700,SESW 32-133-106,"CONTINENTAL RESOURCES, INC.",ANDREW 24-32SH,CEDAR HILLS
17589,408451,3308700349,OG,A,2/5/2009,15452,SENW 32-133-106,"CONTINENTAL RESOURCES, INC.",ANDREW 22-32SH,CEDAR HILLS
17591,408451,3308700350,OG,A,10/28/2025,16130,SENW 32-133-106,"CONTINENTAL RESOURCES, INC.",ANDREW 22-32NH,CEDAR HILLS
17670,408451,3308700353,OG,A,4/22/2009,14395,NWNW 32-133-106,"CONTINENTAL RESOURCES, INC.",ANDREW 11-32SH,CEDAR HILLS
17671,408451,3308700354,OG,A,1/21/2009,15924,NWNW 32-133-106,"CONTINENTAL RESOURCES, INC.",ANDREW 11-32NH,CEDAR HILLS
14099,408451,3308700134,WI,A,3/28/2025,14662,SWSW 33-133-106,"CONTINENTAL RESOURCES, INC.",DOBS 1-33,CEDAR HILLS
14100,408451,3308700135,WI,A,3/28/2025,11724,SWSW 34-133-106,"CONTINENTAL RESOURCES, INC.",GREGORY 1-34,CEDAR HILLS
14045,,3308700130,OG,PNC,2/14/2000,,SWSW 35-133-106,BURLINGTON RESOURCES OIL & GAS COMPANY,RANKIN 14-35H,CEDAR HILLS
20950,,3308700357,OG,PA,8/4/2015,14040,SWSW 35-133-106,"SILVER OAK ENERGY, LLC",RANKIN 1-35H,CEDAR HILLS
14040,,3308700129,OG,PNC,4/5/2000,,SWSW 36-133-106,BURLINGTON RESOURCES OIL & GAS COMPANY,SONSALLA 14-36H,CEDAR HILLS
99038,,3304599038,ST,DRY,12/18/1979,1500,SWSW 10-134-59,"RUSSELL DRILLING COMPANY, INC.",DELBERT STRAHM 1,WILDCAT
1376,,3304700008,OG,DRY,3/1/1957,2573,NENE 26-134-69,"CALVERT DRILLING, INC.",ALBERT ROESLER 1,WILDCAT
1349,,3304700006,OG,DRY,2/9/1957,3162,NESW 6-134-71,"CALVERT DRILLING, INC.",KNUTE JENSEN 1,WILDCAT
1390,,3304700011,OG,DRY,2/24/1957,2950,SESE 22-134-71,"CALVERT DRILLING, INC.",LEROY BURNSTAD 1,WILDCAT
1378,,3304700010,OG,DRY,2/14/1957,2960,NWSW 33-134-71,"CALVERT DRILLING, INC.",EDMORE WILL 1,WILDCAT
5006,,3304700016,OG,PNC,12/3/1971,,NWNE 23-134-72,GALAXY OIL CO. & REBEL OPERATING CO.,HORNER 1,WILDCAT
11,,3304700001,OG,DRY,9/1/1934,2284,SESE 26-134-72,CARTER OIL CO.,BURNSTAD 1,WILDCAT
1903,,3304700013,OG,DRY,4/8/1960,4338,SESE 26-134-72,H. HANSON OIL SYNDICATE,JACOB PIATZ 1,WILDCAT
5008,,3304700017,OG,DRY,1/22/1971,2280,SESW 26-134-72,GALAXY OIL CO.,BURNSTAD 1,WILDCAT
5681,,3302900017,OG,DRY,9/29/1975,2363,SWNW 9-134-74,"KELSCH AND DONLIN, INC.",GRUNFELDER 1,WILDCAT
5678,,3302900014,OG,DRY,9/23/1975,2413,SENW 27-134-75,"KELSCH AND DONLIN, INC.",NEUMAN 1,WILDCAT
742,,3302900004,OG,DRY,10/27/1954,4316,SENW 30-134-75,"SOCONY-VACUUM OIL COMPANY, INC.",P. KRUSE F-22-30-P,WILDCAT
16475,,3302900031,GASD,DRY,11/12/2009,1680,NENE 15-134-77,"STAGHORN ENERGY, LLC",TSCHOSIK 1-15,WILDCAT
5285,,3305900021,OG,DRY,4/24/1973,4504,NESE 22-134-81,GRUY MANAGEMENT SERVICE CO.,HATZENBUHLER 1,WILDCAT
8630,,3305900035,OG,DRY,6/6/1981,7199,SESW 2-134-83,PENNZOIL CO.,RAILROAD BEND 2-24,WILDCAT
5981,,3305900025,OG,DRY,11/1/1976,6898,SWNE 12-134-83,HOUSTON OIL & MINERALS CORP.,BERGER 1,WILDCAT
8549,,3303700024,OG,DRY,9/6/1981,9470,SESE 16-134-87,SHELL OIL CO.,HIRNING-STATE 44-16,WILDCAT
5496,,3303700019,OG,DRY,11/5/1974,9325,SENW 5-134-90,"WAINOCO, INC.",KRAUSE 22-5,WILDCAT
6586,,3303700022,OG,DRY,10/27/1978,10440,NWNE 17-134-90,ANSCHUTZ CORPORATION,FRED ALT 1,WILDCAT
8143,,3304100025,OG,DRY,2/11/1981,9919,NENW 3-134-92,BELNORTH PETROLEUM CORP.,POGO-WOLF 1-3,WILDCAT
7231,,3304100018,OG,DRY,11/9/1979,9975,SESW 22-134-93,DIAMOND SHAMROCK EXPLORATION CO.,BLICKENDORF 24-22,WILDCAT
10564,,3304100034,OG,PNC,2/8/1985,,NENE 31-134-93,AMOCO PRODUCTION CO.,PEKAS AMOCO 1,WILDCAT
5689,,3304100010,OG,DRY,10/12/1975,8200,SWNW 30-134-95,NATIONAL COOPERATIVE REFINERY ASSOCIATION,STANG ET AL 1,WILDCAT
5668,,3304100009,OG,DRY,9/12/1975,10260,SENW 34-134-95,KEWANEE OIL CO.,OLSON 1,WILDCAT
511,,3304100001,OG,DRY,4/12/1954,10433,SWSW 24-134-96,"SOCONY-VACUUM OIL COMPANY, INC.",CLARENCE AND M. JACOBS F14-24-P,WILDCAT
7965,,3304100023,OG,DRY,11/4/1980,10800,NENE 31-134-96,GULF OIL CORP.,ZENKER 1-31-2B,WILDCAT
8928,,3304100029,OG,DRY,10/28/1981,10600,NESW 33-134-96,GULF OIL CORP.,STANG 1-33-4B,WILDCAT
8375,,3308700103,OG,DRY,6/9/1981,11070,NWSW 7-134-98,MARMIK OIL CO.,CHANTA PETA 1,WILDCAT
4568,,3308700050,OG,DRY,10/23/1968,5450,NENE 11-134-98,INTERNATIONAL NUCLEAR CORP.,SCHUMACHER 1-42,WILDCAT
4500,,3308700033,OG,DRY,8/13/1968,5275,NENW 17-134-98,STATES OIL CO.,WM. GRAETZ 1,WILDCAT
4472,,3308700020,OG,DRY,7/8/1968,5400,SENE 22-134-98,INTERNATIONAL NUCLEAR CORP.,B. RUSTAN 1-19-13,WILDCAT
4541,,3308700045,OG,DRY,10/10/1968,5395,NESW 30-134-98,INTERNATIONAL NUCLEAR CORP.,WELLSANDT 1-52,WILDCAT
4565,,3308700049,OG,DRY,10/19/1968,5347,NESE 31-134-98,INTERNATIONAL NUCLEAR CORP.,OVERBO 1-51,WILDCAT
4515,,3308700037,OG,DRY,9/11/1968,5553,NENE 2-134-99,INTERNATIONAL NUCLEAR CORP.,D. STOCKERT 1-34,WILDCAT
4495,,3308700030,OG,DRY,8/19/1968,5493,SWSW 22-134-99,INTERNATIONAL NUCLEAR CORP.,STOCKART 1-20-14,WILDCAT
4522,,3308700039,OG,DRY,9/12/1968,5449,SWSW 35-134-99,INTERNATIONAL NUCLEAR CORP.,F. PIERCE 1-44,WILDCAT
10847,,3308700116,OG,DRY,8/6/1984,11100,NENE 1-134-100,CELERON OIL & GAS CO.,JACOBS 1-1,WILDCAT
9237,,3308700107,OG,DRY,12/31/1981,11225,SESW 4-134-100,TENNECO OIL CO.,STEGNER 1-4,WILDCAT
7890,,3308700100,OG,DRY,8/30/1980,11100,SENW 23-134-100,GULF OIL CORP.,POGO-NARUM 1-23-1C,WILDCAT
4530,,3308700042,OG,DRY,9/24/1968,5800,SESE 35-134-101,INTERNATIONAL NUCLEAR CORP.,ROEN 1-13,WILDCAT
9339,,3308700110,OG,PNC,7/18/1984,,NWSW 25-134-102,VANDERBILT RESOURCES CORP.,STATE 1-25,WILDCAT
14461,,3308700288,OG,PNC,10/23/1997,,SESE 6-134-103,"CHESAPEAKE OPERATING, INC.",NYLIA 1-6,CEDAR HILLS
14462,,3308700289,OG,PNC,10/23/1997,,SWSW 7-134-103,"CHESAPEAKE OPERATING, INC.",FLADOS 1-7,CEDAR HILLS
14572,,3308700329,OG,PNC,12/22/1997,,SWSW 33-134-103,"CHESAPEAKE OPERATING, INC.",BERQUIST 1-33,CEDAR HILLS
14573,,3308700330,OG,PNC,12/22/1997,,SWSW 34-134-103,"CHESAPEAKE OPERATING, INC.",BUCHHOLZ 1-34,CEDAR HILLS
4499,,3308700032,OG,DRY,9/2/1968,5336,NWSE 34-134-103,INTERNATIONAL NUCLEAR CORP.,U.S. (GOVT. FOE) 1-37,WILDCAT
14463,,3308700290,OG,PNC,10/23/1997,,SWSW 1-134-104,"CHESAPEAKE OPERATING, INC.",VINCENT 1-1,CEDAR HILLS
14464,,3308700291,OG,PNC,10/23/1997,,SWSW 2-134-104,"CHESAPEAKE OPERATING, INC.",NESTER 1-2,CEDAR HILLS
14465,,3308700292,OG,PNC,10/23/1997,,SWSW 3-134-104,"CHESAPEAKE OPERATING, INC.",GERALD 1-3,CEDAR HILLS
14466,,3308700293,OG,PNC,10/23/1997,,SWSW 4-134-104,"CHESAPEAKE OPERATING, INC.",MADGE 1-4,CEDAR HILLS
14449,,3308700279,OG,PNC,10/23/1997,,SWSW 8-134-104,UNION PACIFIC RESOURCES CO.,L DOUBLE BAR RANCH 14-8H,CEDAR HILLS
14467,,3308700294,OG,PNC,9/30/1997,,SESE 10-134-104,"CHESAPEAKE OPERATING, INC.",RITA 1-10,CEDAR HILLS
14468,,3308700295,OG,PNC,9/30/1997,,SWSW 12-134-104,"CHESAPEAKE OPERATING, INC.",NIKKI 1-12,CEDAR HILLS
14469,,3308700296,OG,PNC,9/30/1997,,SWSW 13-134-104,"CHESAPEAKE OPERATING, INC.",CLARA 1-13,CEDAR HILLS
14470,,3308700297,OG,PNC,10/23/1997,,SWSW 15-134-104,"CHESAPEAKE OPERATING, INC.",WAHL 1-15,CEDAR HILLS
14471,,3308700298,OG,PNC,10/23/1997,,SWSW 16-134-104,"CHESAPEAKE OPERATING, INC.",HANSEN 1-16,CEDAR HILLS
14472,,3308700299,OG,PNC,10/23/1997,,SWSW 17-134-104,"CHESAPEAKE OPERATING, INC.",SWANKE 1-17,CEDAR HILLS
14473,,3308700300,OG,PNC,11/20/1997,,SWSW 18-134-104,"CHESAPEAKE OPERATING, INC.",BUCKMIER 1-18,CEDAR HILLS
14474,,3308700301,OG,PNC,11/20/1997,,NWNW 19-134-104,"CHESAPEAKE OPERATING, INC.",TWIN HILLS 1-19,CEDAR HILLS
14475,,3308700302,OG,PNC,10/23/1997,,SESE 20-134-104,"CHESAPEAKE OPERATING, INC.",SCHULTZ 1-20,CEDAR HILLS
14450,,3308700280,OG,PNC,11/20/1997,,SWSW 21-134-104,UNION PACIFIC RESOURCES CO.,FRED HANSEN 14-21H,CEDAR HILLS
14476,,3308700303,OG,PNC,10/23/1997,,SWSW 22-134-104,"CHESAPEAKE OPERATING, INC.",DARCY 1-22,CEDAR HILLS
14477,,3308700304,OG,PNC,10/23/1997,,SESE 25-134-104,"CHESAPEAKE OPERATING, INC.",NICHOLSON 1-25,CEDAR HILLS
14451,,3308700281,OG,PNC,9/30/1997,,NENE 26-134-104,UNION PACIFIC RESOURCES CO.,FRANK DILSE 41-26H,CEDAR HILLS
14452,,3308700282,OG,PNC,9/30/1997,,SWSW 27-134-104,UNION PACIFIC RESOURCES CO.,V. L. NEIS 14-27H,CEDAR HILLS
14478,,3308700305,OG,PNC,9/30/1997,,SWSW 28-134-104,"CHESAPEAKE OPERATING, INC.",RANDINE 1-28,CEDAR HILLS
14479,,3308700306,OG,PNC,9/30/1997,,SESE 29-134-104,"CHESAPEAKE OPERATING, INC.",MALTBY 1-29,CEDAR HILLS
28350,,3308700362,OG,PA,5/13/2015,10794,NWSW 29-134-104,"ANSCHUTZ OIL COMPANY, LLC",JACOBSON 1-29-134-104,WILDCAT
14480,,3308700307,OG,PNC,10/23/1997,,SWSW 30-134-104,"CHESAPEAKE OPERATING, INC.",RAFFERTY 1-30,CEDAR HILLS
14380,,3308700240,OG,PNC,10/23/1997,,SWSW 32-134-104,"CHESAPEAKE OPERATING, INC.",SMITTY 1-32,CEDAR HILLS
14382,,3308700242,OG,PNC,9/25/1997,,SESE 33-134-104,"CHESAPEAKE OPERATING, INC.",HERBERT 1-33,CEDAR HILLS
14383,,3308700243,OG,PNC,9/25/1997,,SWSW 34-134-104,"CHESAPEAKE OPERATING, INC.",MCKAY 1-34,CEDAR HILLS
14481,,3308700308,OG,PNC,10/23/1997,,SWSW 35-134-104,"CHESAPEAKE OPERATING, INC.",KATHRYN 1-35,CEDAR HILLS
14482,,3308700309,OG,PNC,10/23/1997,,SESE 36-134-104,"CHESAPEAKE OPERATING, INC.",ROSEMARY 1-36,CEDAR HILLS
4521,,3308700038,OG,DRY,9/10/1968,5510,NWNE 36-134-104,INTERNATIONAL NUCLEAR CORP.,ST. N. DAK.-MEAGER 1-43,WILDCAT
14459,,3308700286,OG,PNC,11/20/1997,,SWSW 2-134-105,UNION PACIFIC RESOURCES CO.,CORWIN 14-2H,CEDAR HILLS
14460,,3308700287,OG,PNC,11/20/1997,,NENE 3-134-105,UNION PACIFIC RESOURCES CO.,LAMBOURN 41-3H,CEDAR HILLS
14433,,3308700271,OG,PNC,10/23/1997,,SWSW 4-134-105,UNION PACIFIC RESOURCES CO.,M. CLARK 14-4H,CEDAR HILLS
14434,,3308700272,OG,PNC,10/23/1997,,SWSW 5-134-105,UNION PACIFIC RESOURCES CO.,M. CLARK 14-5H,CEDAR HILLS
14435,,3308700273,OG,PNC,10/23/1997,,NENE 7-134-105,UNION PACIFIC RESOURCES CO.,M. CLARK 41-7H,CEDAR HILLS
14436,,3308700274,OG,PNC,10/23/1997,,NENE 8-134-105,UNION PACIFIC RESOURCES CO.,M. CLARK 41-8H,CEDAR HILLS
14401,,3308700258,OG,PNC,11/20/1997,,NENE 10-134-105,"CHESAPEAKE OPERATING, INC.",BROWN 1-10,CEDAR HILLS
14402,,3308700259,OG,PNC,11/20/1997,,SESE 11-134-105,"CHESAPEAKE OPERATING, INC.",EBER 1-11,CEDAR HILLS
14403,,3308700260,OG,PNC,11/20/1997,,SWSW 12-134-105,"CHESAPEAKE OPERATING, INC.",FLORENCE 1-12,CEDAR HILLS
14404,,3308700261,OG,PNC,11/20/1997,,NENE 14-134-105,"CHESAPEAKE OPERATING, INC.",MIMI 1-14,CEDAR HILLS
14427,,3308700270,OG,PNC,10/23/1997,,SWSW 15-134-105,"CHESAPEAKE OPERATING, INC.",COVEY 1-15,CEDAR HILLS
14422,,3308700267,OG,PNC,10/23/1997,,NENE 16-134-105,UNION PACIFIC RESOURCES CO.,NORTH STATE 41-16H,CEDAR HILLS
14279,,3308700167,OG,PNC,10/23/1997,,NENE 20-134-105,UNION PACIFIC RESOURCES CO.,MERLE CLARK 41-20H,CEDAR HILLS
4461,,3308700014,OG,DRY,7/17/1968,5273,NENE 20-134-105,INTERNATIONAL NUCLEAR CORP.,"JOHN LONG, JR. 1-28-26",WILDCAT
3588,,3308700006,OG,DRY,7/9/1964,10129,SESE 21-134-105,SUN EXPLORATION & PRODUCTION CO.,GREER-FEDERAL 1,WILDCAT
6355,,3308700085,OG,DRY,7/18/1978,10150,SWSE 21-134-105,"TERRA RESOURCES, INC.",FEDERAL 2-21,WILDCAT
14405,,3308700262,OG,PNC,11/20/1997,,NENE 24-134-105,"CHESAPEAKE OPERATING, INC.",JUNIOR 1-24,CEDAR HILLS
14384,,3308700244,OG,PNC,10/23/1997,,SWSW 25-134-105,"CHESAPEAKE OPERATING, INC.",GOLDEN 1-25,CEDAR HILLS
14406,,3308700263,OG,PNC,10/23/1997,,SWSW 27-134-105,"CHESAPEAKE OPERATING, INC.",GYPSEY 1-27,CEDAR HILLS
14280,,3308700168,OG,PNC,10/23/1997,,NENE 28-134-105,UNION PACIFIC RESOURCES CO.,MERLE CLARK 41-28H,CEDAR HILLS
14281,,3308700169,OG,PNC,11/6/1997,,NENE 30-134-105,UNION PACIFIC RESOURCES CO.,ROY WILLIAMS 41-30H,CEDAR HILLS
14304,,3308700188,OG,PNC,11/6/1997,,SWSW 2-134-106,UNION PACIFIC RESOURCES CO.,HORSE CREEK GRAZING 14-2H,CEDAR HILLS
14298,,3308700184,OG,PNC,11/6/1997,,NENE 3-134-106,UNION PACIFIC RESOURCES CO.,HORSE CREEK GRAZING 41-3H,CEDAR HILLS
14324,,3308700199,OG,PNC,9/25/1997,,NENE 4-134-106,UNION PACIFIC RESOURCES CO.,HORSE CREEK GRAZING 41-4H,CEDAR HILLS
4496,,3308700031,,,,,,,,
1355,,3304700007,OG,DRY,2/1/1957,3200,NWNW 11-135-72,"CALVERT DRILLING, INC.",ARNOLD GERBER 1,WILDCAT
5523,,3304700020,OG,DRY,11/9/1974,5320,NWNW 29-135-73,WISE OIL COMPANY NO. 2 ET AL,BALTZER A. WEIGEL 1,WILDCAT
10369,,3302900028,OG,DRY,10/11/1983,4000,NWNE 22-135-74,ARKLA EXPLORATION CO.,ELLEFSON 1,WILDCAT
10173,,3302900027,OG,DRY,6/24/1983,5865,SWSW 14-135-76,SOUTHWESTERN ENERGY PRODUCTION CO.,BEASTROM 1-14,WILDCAT
16476,,3302900032,GASD,DRY,11/13/2009,1691,SESE 15-135-76,"STAGHORN ENERGY, LLC",WEISER 1-15,WILDCAT
10400,,3302900029,OG,DRY,10/22/1983,3780,SESE 17-135-76,SOUTHWESTERN ENERGY PRODUCTION CO.,WEISER 1-17,WILDCAT
5221,,3305900019,OG,DRY,10/4/1972,5100,NESW 5-135-80,LAMAR HUNT,JOHN G. SCHAFF 1,WILDCAT
464,,3305900005,OG,DRY,12/16/1953,5345,NWNW 11-135-82,PURE OIL CO.,HENRY GANGL 1,WILDCAT
4989,,3305900011,OG,DRY,10/30/1970,4050,SWNE 11-135-82,ANSCHUTZ CORPORATION,JOHN GANGL 1,WILDCAT
3859,,3305900009,OG,DRY,6/8/1965,8230,SENE 34-135-83,AMERADA HESS CORPORATION,JAMES MEYER 1,WILDCAT
4981,,3304100005,OG,PNC,10/13/1971,,SESE 1-135-92,PUBCO PETROLEUM CORP.,HABERSTROH 1-16,WILDCAT
4984,,3304100006,OG,DRY,11/24/1970,10090,NWNE 12-135-92,PUBCO PETROLEUM CORP.,J. HABERSTROH 12-2,WILDCAT
10602,,3304100035,OG,DRY,1/21/1984,8100,SENW 1-135-94,AMOCO PRODUCTION CO.,GRAY 1,WILDCAT
10484,,3304100031,OG,DRY,12/6/1983,8105,SWSW 14-135-94,AMOCO PRODUCTION CO.,GION 1,WILDCAT
10543,,3304100033,OG,PNC,6/20/1985,,SENW 25-135-94,AMOCO PRODUCTION CO.,JACOBS 1,WILDCAT
7221,,3304100016,OG,PNC,1/19/1983,,NESW 28-135-95,AMOCO PRODUCTION CO.,FRANK L. KOUBA 1,WILDCAT
22160,,3304100038,OG,PNC,3/8/2013,,NENE 17-135-96,"CHESAPEAKE OPERATING, INC.",WOLF 17-135-96 A 1H,WILDCAT
10180,,3304100030,OG,DRY,6/26/1983,8535,NWNE 18-135-96,DOME PETROLEUM CORP.,STATE 1-18,WILDCAT
8367,,3304100028,OG,PNC,5/15/1981,,NWSE 34-135-96,TEXAS EASTERN SKYLINE OIL CO.,HERBERHOLZ 34 1,WILDCAT
8312,,3304100027,OG,DRY,5/6/1981,11250,NWSW 35-135-96,TEXAS EASTERN SKYLINE OIL CO.,FEDERAL HERBERHOLZ 35 1,WILDCAT
7222,,3304100017,OG,PNC,1/19/1983,,SWNE 23-135-97,AMOCO PRODUCTION CO.,FRANK-GARDNER 1,WILDCAT
5049,,3308700063,OG,DRY,8/9/1971,8481,SESE 2-135-98,MURPHY OIL CORP.,KRISCHMAN 1,WILDCAT
12296,,3308700123,OG,DRY,1/12/1988,7821,SWSE 3-135-98,HOME PETROLEUM CORP.,NELSON FEE 34-3,WILDCAT
4974,,3308700062,OG,DRY,10/21/1970,8640,SWSW 4-135-98,SIGNAL DRILLING CO. & NEVADA EMPIRE CORP.,ANTON BURSICH 1,WILDCAT
91,,3308700001,OG,DRY,1/24/1953,11521,SESE 8-135-98,STANOLIND OIL & GAS CO.,JAMES BRUSICH 1,WILDCAT
11212,,3308700117,OG,DRY,10/4/1985,11300,NENW 14-135-98,AMERADA HESS CORPORATION,GRANNIS 14-21,WILDCAT
6778,,3308700089,OG,DRY,9/5/1979,8865,SWNW 17-135-98,CITIES SERVICE OIL CO.,SCHMITT A 1,WILDCAT
7987,,3308700102,OG,DRY,10/20/1980,11500,NWSE 17-135-98,CITIES SERVICE OIL CO.,SCHMITT B-1,WILDCAT
6740,,3308700088,OG,PNC,10/5/1979,,SENE 18-135-98,CITIES SERVICE OIL CO.,FRANK A-1,WILDCAT
9319,,3308700109,OG,DRY,1/18/1982,8732,NENE 18-135-98,LOMAX EXPLORATION CO.,FEDERAL LAND BANK 1,WILDCAT
378,,3308700002,OG,DRY,11/4/1953,8974,SWNE 20-135-98,D. D. FELDMAN OIL AND GAS,JACK BENZ 1,WILDCAT
11484,,3308700120,OG,DRY,5/18/1985,11706,NENW 24-135-98,"MILESTONE PETROLEUM, INC.",KIRSCHMAN 21-24,WILDCAT
10069,,3308700114,OG,DRY,3/5/1983,8790,W2SE 31-135-98,TENNECO OIL CO.,KUNKEL 1-31,WILDCAT
29028,,3308700364,OG,PNC,8/10/2015,,LOT3 3-135-99,MARATHON OIL COMPANY,GLENN POWELL 21-3TH,WILDCAT
4503,,3308700034,OG,DRY,9/22/1968,5526,SWSW 7-135-99,INTERNATIONAL NUCLEAR CORP.,GATZKE 1-36,WILDCAT
26335,,3308700360,OG,PA,6/20/2015,17245,NWNE 27-135-99,MARATHON OIL COMPANY,POWELL 31-27TH,WILDCAT
4505,,3308700036,OG,DRY,8/31/1968,5475,NENE 32-135-99,INTERNATIONAL NUCLEAR CORP.,HAAGENSTAD 1-35,WILDCAT
1464,,3308700003,OG,DRY,8/13/1957,9020,SWSW 16-135-100,SKELLY OIL CO.,BISMARCK A 1,WILDCAT
11297,,3308700118,OG,DRY,1/5/1985,11150,SWSE 36-135-100,TRUE OIL CO.,ZIMMERMAN STATE 34-36,WILDCAT
2805,,3308700004,OG,DRY,6/5/1978,11250,SESE 9-135-101,JERRY CHAMBERS EXPLORATION CO.,HAMANN ESTATE 1-9,AMIDON
5929,,3308700076,OG,DRY,10/19/1976,11285,SWSW 10-135-101,JERRY CHAMBERS EXPLORATION CO.,WILLIAM O. RABE 1,AMIDON
28376,,3308700363,OG,DRY,7/17/2014,8100,SWNE 12-135-101,"ARMSTRONG OPERATING, INC.",FIRST CREEK 1,WILDCAT
5337,,3308700069,OG,DRY,9/24/1973,8850,SWNE 12-135-101,H. L. HUNT & ANADARKO PRODUCTION CO.,HAUGEN 1,WILDCAT
5506,,3308700072,SWD,DRY,5/18/1979,11270,SWNE 16-135-101,JERRY CHAMBERS EXPLORATION CO.,N. D. STATE 1-16,AMIDON
5499,,3308700071,OG,PA,1/12/1979,11360,SWSW 21-135-101,JERRY CHAMBERS EXPLORATION CO.,HOLMEVIG 1-21,AMIDON
4480,,3308700024,OG,DRY,8/8/1968,5360,SESE 12-135-103,INTERNATIONAL NUCLEAR CORP.,GOVT. M. WYCKOFF 1-29-24,WILDCAT
4280,,3308700012,OG,DRY,8/7/1967,11080,NESW 18-135-103,AMERADA HESS CORPORATION,IVAN MITCHELL 1,WILDCAT
4532,,3308700044,OG,DRY,9/19/1968,5331,SESE 26-135-103,INTERNATIONAL NUCLEAR CORP.,BERQUIST 1-38,WILDCAT
14496,,3308700311,OG,PNC,10/23/1997,,SWSW 1-135-104,"CHESAPEAKE OPERATING, INC.",DAKOTA 1-1,CEDAR HILLS
14497,,3308700312,OG,PNC,10/23/1997,,SWSW 2-135-104,"CHESAPEAKE OPERATING, INC.",TODD 1-2,CEDAR HILLS
14498,,3308700313,OG,PNC,10/23/1997,,SESE 3-135-104,"CHESAPEAKE OPERATING, INC.",SEYMANSKI 1-3,CEDAR HILLS
14499,,3308700314,OG,PNC,10/23/1997,,SWSW 4-135-104,"CHESAPEAKE OPERATING, INC.",JOESPH 1-4,CEDAR HILLS
14500,,3308700315,OG,PNC,11/20/1997,,SWSW 5-135-104,"CHESAPEAKE OPERATING, INC.",SAMMY 1-5,CEDAR HILLS
14501,,3308700316,OG,PNC,11/20/1997,,SESE 6-135-104,"CHESAPEAKE OPERATING, INC.",WEINREIS 1-6,CEDAR HILLS
14566,,3308700323,OG,PNC,12/22/1997,,SESE 8-135-104,"CHESAPEAKE OPERATING, INC.",DALE 1-8,CEDAR HILLS
14502,,3308700317,OG,PNC,10/30/1997,,SWSW 9-135-104,"CHESAPEAKE OPERATING, INC.",PETER 1-9,CEDAR HILLS
14503,,3308700318,OG,PNC,10/30/1997,,SWSW 10-135-104,"CHESAPEAKE OPERATING, INC.",RUSSELL 1-10,CEDAR HILLS
14504,,3308700319,OG,PNC,10/23/1997,,SESE 12-135-104,"CHESAPEAKE OPERATING, INC.",GETZ 1-12,CEDAR HILLS
14505,,3308700320,OG,PNC,10/30/1997,,SWSW 15-135-104,"CHESAPEAKE OPERATING, INC.",EVELYN 1-15,CEDAR HILLS
14567,,3308700324,OG,PNC,12/22/1997,,SESE 17-135-104,"CHESAPEAKE OPERATING, INC.",DAVIS 1-17,CEDAR HILLS
14568,,3308700325,OG,PNC,12/22/1997,,SESE 18-135-104,"CHESAPEAKE OPERATING, INC.",EUGENE 1-18,CEDAR HILLS
14569,,3308700326,OG,PNC,12/22/1997,,SWSW 19-135-104,"CHESAPEAKE OPERATING, INC.",DANIEL 1-19,CEDAR HILLS
4504,,3308700035,OG,DRY,9/2/1968,5350,SWSW 20-135-104,INTERNATIONAL NUCLEAR CORP.,DAVIS 1-39,WILDCAT
14570,,3308700327,OG,PNC,12/22/1997,,SWSW 21-135-104,"CHESAPEAKE OPERATING, INC.",BRENDA 1-21,CEDAR HILLS
14506,,3308700321,OG,PNC,10/30/1997,,SESE 23-135-104,"CHESAPEAKE OPERATING, INC.",DELORES 1-23,CEDAR HILLS
14507,,3308700322,OG,PNC,10/23/1997,,SESE 24-135-104,"CHESAPEAKE OPERATING, INC.",WOLFGRAM 1-24,CEDAR HILLS
14571,,3308700328,OG,PNC,12/22/1997,,SWSW 27-135-104,"CHESAPEAKE OPERATING, INC.",RABE 1-27,CEDAR HILLS
14453,,3308700283,OG,PNC,11/20/1997,,NENE 12-135-105,UNION PACIFIC RESOURCES CO.,LLOYD WEINREIS 41-12H,CEDAR HILLS
14454,,3308700284,OG,PNC,9/25/1997,,SWSW 16-135-105,UNION PACIFIC RESOURCES CO.,N.D. STATE 14-16H,CEDAR HILLS
4460,,3308700013,OG,DRY,7/26/1968,4970,SWSW 21-135-105,INTERNATIONAL NUCLEAR CORP.,GOVT. 1-21-27,WILDCAT
14455,,3308700285,OG,PNC,10/30/1997,,NENE 26-135-105,UNION PACIFIC RESOURCES CO.,LLOYD WEINREIS 41-26H,CEDAR HILLS
14419,,3308700264,OG,PNC,11/20/1997,,NESE 32-135-105,UNION PACIFIC RESOURCES CO.,MARGARET CLARK 43-32H,CEDAR HILLS
14423,,3308700268,OG,PNC,10/30/1997,,NENE 36-135-105,UNION PACIFIC RESOURCES CO.,N. D. STATE 41-36H,CEDAR HILLS
14371,,3308700231,OG,PNC,9/25/1997,,SWSW 1-135-106,UNION PACIFIC RESOURCES CO.,HORSE CREEK CO-OP 14-1H,CEDAR HILLS
14372,,3308700232,OG,PNC,9/25/1997,,NENE 3-135-106,UNION PACIFIC RESOURCES CO.,HORSE CREEK CO-OP 41-3H,CEDAR HILLS
14373,,3308700233,OG,PNC,9/25/1997,,NENE 4-135-106,UNION PACIFIC RESOURCES CO.,RUSTAD 41-4H,CEDAR HILLS
14374,,3308700234,OG,PNC,9/25/1997,,NENE 5-135-106,UNION PACIFIC RESOURCES CO.,RUSTAD 41-5H,CEDAR HILLS
14366,,3308700226,OG,PNC,9/25/1997,,SESE 6-135-106,"CHESAPEAKE OPERATING, INC.",LITTLE MO 1-6,CEDAR HILLS
14375,,3308700235,OG,PNC,9/25/1997,,SESW 7-135-106,UNION PACIFIC RESOURCES CO.,HORSE CREEK CO-OP 14-7H,CEDAR HILLS
14376,,3308700236,OG,PNC,9/25/1997,,NENE 9-135-106,UNION PACIFIC RESOURCES CO.,HORSE CREEK CO-OP 41-9H,CEDAR HILLS
14377,,3308700237,OG,PNC,9/25/1997,,NENE 11-135-106,UNION PACIFIC RESOURCES CO.,HORSE CREEK CO-OP 41-11H,CEDAR HILLS
14378,,3308700238,OG,PNC,9/25/1997,,NENE 13-135-106,UNION PACIFIC RESOURCES CO.,HORSE CREEK CO-OP 41-13H,CEDAR HILLS
9209,,3308700106,OG,PA,12/31/1999,10164,SESW 14-135-106,"CROWN OIL, INC.",CASH CREEK FEDERAL A 1,CASH
14385,,3308700245,OG,PNC,9/25/1997,,SWSW 15-135-106,"CHESAPEAKE OPERATING, INC.",LEE ROY 1-15,CEDAR HILLS
14439,,3308700276,OG,DRY,7/13/1997,13650,SWSW 16-135-106,"CHESAPEAKE OPERATING, INC.",STATE 1-16,CEDAR HILLS
14388,,3308700248,OG,PNC,9/25/1997,,NENE 17-135-106,UNION PACIFIC RESOURCES CO.,HORSE CREEK CO-OP 41-17H,CEDAR HILLS
14389,,3308700249,OG,PNC,9/25/1997,,NENE 19-135-106,UNION PACIFIC RESOURCES CO.,HORSE CREEK CO-OP 41-19H,CEDAR HILLS
14390,,3308700250,OG,PNC,9/25/1997,,NENE 20-135-106,UNION PACIFIC RESOURCES CO.,HORSE CREEK CO-OP 41-20H,CEDAR HILLS
14391,,3308700251,OG,PNC,9/25/1997,,NENE 21-135-106,UNION PACIFIC RESOURCES CO.,HORSE CREEK CO-OP 41-21H,CEDAR HILLS
14386,,3308700246,OG,PNC,9/25/1997,,SWSW 22-135-106,"CHESAPEAKE OPERATING, INC.",DAK 1-22,CEDAR HILLS
14392,,3308700252,OG,PNC,9/25/1997,,NENE 23-135-106,UNION PACIFIC RESOURCES CO.,HORSE CREEK CO-OP 41-23H,CEDAR HILLS
11462,,3308700119,OG,PNC,4/15/1986,,SESE 24-135-106,TENNECO OIL CO.,CANNONBALL CREEK FEDERAL 1-24,CASH
14393,,3308700253,OG,PNC,9/25/1997,,NENE 24-135-106,UNION PACIFIC RESOURCES CO.,HORSE CREEK CO-OP 41-24H,CEDAR HILLS
14387,,3308700247,OG,PNC,9/25/1997,,SWSW 25-135-106,"CHESAPEAKE OPERATING, INC.",JENNY 1-25,CEDAR HILLS
14394,,3308700254,OG,PNC,9/25/1997,,SWSW 26-135-106,UNION PACIFIC RESOURCES CO.,FEDERAL 14-26H,CEDAR HILLS
9883,,3308700113,OG,PA,11/21/1992,9900,SWSE 26-135-106,ANADARKO PETROLEUM CORP.,TENNANT A-1,CANNONBALL
14395,,3308700255,OG,PNC,9/25/1997,,NENE 27-135-106,UNION PACIFIC RESOURCES CO.,HORSE CREEK CO-OP 41-27H,CEDAR HILLS
14396,,3308700256,OG,PNC,9/25/1997,,NENE 28-135-106,UNION PACIFIC RESOURCES CO.,HORSE CREEK CO-OP 41-28H,CEDAR HILLS
14397,,3308700257,OG,PNC,9/25/1997,,NENE 29-135-106,UNION PACIFIC RESOURCES CO.,HORSE CREEK CO-OP 41-29H,CEDAR HILLS
14338,,3308700201,OG,PNC,9/25/1997,,NENE 31-135-106,UNION PACIFIC RESOURCES CO.,HORSE CREEK CO-OP 14-31H,CEDAR HILLS
14297,,3308700183,OG,PNC,9/25/1997,,NENE 33-135-106,UNION PACIFIC RESOURCES CO.,HORSE CREEK CO-OP 41-33H,CEDAR HILLS
10164,,3308700115,OG,PNC,6/27/1984,,NENE 35-135-106,ANADARKO PRODUCTION CO.,RANDALL A-1,CANNONBALL
14339,,3308700202,OG,PNC,9/25/1997,,NENE 35-135-106,UNION PACIFIC RESOURCES CO.,HORSE CREEK CO-OP 41-35H,CEDAR HILLS
99121,,3307399121,ST,DRY,9/12/1980,880,NENE 33-136-55,"RUSSELL DRILLING COMPANY, INC.",KERMIT AND GLADYS KASPARI 1,WILDCAT
8288,,3307300001,OG,DRY,2/2/1981,1256,NWSW 2-136-57,"RUSSELL DRILLING COMPANY, INC.",MARK L. JENDRO 1,WILDCAT
4552,,3304700015,OG,DRY,11/12/1968,2075,SENE 7-136-69,CHAMBERS & KENNEDY,HAROLD C. GRAF ESTATE 1,WILDCAT
1346,,3304700003,OG,DRY,1/3/1957,3861,NWSW 8-136-71,"CALVERT DRILLING, INC.",C. A. ZIMMERMAN 1,WILDCAT
1347,,3304700004,OG,DRY,1/23/1957,4562,NWNW 25-136-71,"CALVERT DRILLING, INC.",RAY CRAIG 1,WILDCAT
1348,,3304700005,OG,DRY,1/10/1957,3020,NWSE 28-136-71,"CALVERT DRILLING, INC.",ALFRED BAKKEN 1,WILDCAT
590,,3304700002,OG,DRY,5/27/1954,5105,SWSE 6-136-73,CAROLINE HUNT TRUST ESTATE,F. M. FULLER 1,WILDCAT
4551,,3304700014,OG,DRY,11/8/1968,2375,NESE 13-136-73,CHAMBERS & KENNEDY,"LOUIS WALD, ET AL 1",WILDCAT
15458,,3302900030,OG,DRY,4/12/2012,3187,LOT4 30-136-74,"HRM RESOURCES, LLC",PETERSON 1,WILDCAT
16477,,3302900033,GASD,DRY,11/13/2009,1675,NWNW 13-136-75,"STAGHORN ENERGY, LLC",HILDEGARDE 1-13,WILDCAT
7936,,3302900021,OG,DRY,10/3/1980,5383,NWNW 13-136-75,"CHEVRON USA, INC.",RASSEN RAMBOUGH 1,WILDCAT
7146,,3302900019,OG,DRY,8/30/1979,5661,NWNE 15-136-75,"CHEVRON USA, INC.",NAADEN 1,WILDCAT
7474,,3302900020,OG,DRY,12/29/1979,3665,SENW 19-136-75,"TEXAS PACIFIC OIL COMPANY, INC.",JACOB WOLBAUM 1,WILDCAT
4212,,3302900005,OG,DRY,1/6/1967,3780,SESE 17-136-76,"CHEVRON USA, INC.",SMITH A. ENGLEMAN 2 1,WILDCAT
5979,,3305900024,OG,DRY,12/6/1976,6780,NWNW 18-136-81,HOUSTON OIL & MINERALS CORP.,JOHN J. HAIDER 1,WILDCAT
5108,,3305900018,OG,DRY,9/23/1971,5180,SENE 19-136-81,ROSEBUD ROYALTY CO.,LARRY MORRELL 42-19,WILDCAT
491,,3305900006,OG,DRY,1/25/1954,5009,NWNE 20-136-81,"NATIONAL BULK CARRIERS, INC.",ANNA MILLER 1,WILDCAT
26,,3305900002,OG,DRY,6/8/1951,7790,NENW 29-136-81,PHILLIPS PETROLEUM COMPANY,DAKOTA 1,WILDCAT
5222,,3305900020,OG,DRY,11/1/1972,4986,SENE 33-136-81,LAMAR HUNT,PAUL SCHAFF 1,WILDCAT
5555,,3305900023,OG,DRY,1/7/1975,4831,SENW 34-136-81,LAMAR HUNT,STATE OF N. D. - REISENAUER 1,WILDCAT
14,,3305900001,OG,DRY,12/11/1940,4930,NENW 22-136-83,CARTER OIL CO.,EXPLORATION-NORTH DAKOTA 1,WILDCAT
5447,,3304100007,OG,DRY,9/10/1974,10180,SESW 15-136-92,WILLIAM HERBERT HUNT,VALENTINE SENN 1,WILDCAT
5463,,3304100008,OG,DRY,7/31/1974,7754,SENW 36-136-92,INEXCO OIL CO.,PETE KERZMAN 1,WILDCAT
1926,,3304100002,OG,DRY,8/23/1958,7952,NWNE 35-136-93,AMERADA HESS CORPORATION,R. GROSZ 1,WILDCAT
2473,,3304100003,OG,DRY,10/22/1959,7504,SWSE 35-136-93,CANNONBALL OIL CO.,RICHARD SWINDLER 1,WILDCAT
5783,,3304100011,OG,DRY,8/16/1982,11748,NWNE 35-136-93,"FARMERS UNION CENTRAL EXCHANGE, INC.",GROSZ 2-35,WILDCAT
22003,,3304100037,OG,PNC,12/12/2014,,LOT4 4-136-95,"CHESAPEAKE OPERATING, INC.",URLACHER 4-136-95 A  1H,WILDCAT
7347,,3304100019,OG,PNC,1/19/1983,,SWNW 30-136-95,AMOCO PRODUCTION CO.,BRUGAMYER 1,WILDCAT
10522,,3304100032,OG,DRY,4/13/1984,11926,SESW 31-136-95,AMOCO PRODUCTION CO.,KREB-AMOCO 1-31,WILDCAT
7876,,3304100022,OG,DRY,10/3/1980,11350,NENW 14-136-96,AMOCO PRODUCTION CO.,KENNY 1,WILDCAT
6961,,3304100014,OG,DRY,6/26/1979,8801,NWSE 19-136-96,AMOCO PRODUCTION CO.,HERBERHOLTZ 1,WILDCAT
22319,,3304100039,OG,PNC,3/8/2013,,SESE 22-136-96,"CHESAPEAKE OPERATING, INC.",KOLLER 22-136-96 A 1H,WILDCAT
6795,,3304100013,OG,DRY,3/19/1979,11470,SENE 19-136-97,WEXPRO COMPANY,JIRGES 1,WILDCAT
9244,,3308700108,OG,DRY,2/10/1982,12262,SWNE 2-136-98,WILLIAM C. KIRKWOOD,EHLIS 32-2,WILDCAT
4492,,3308700028,OG,PNC,8/5/1969,,NENE 18-136-98,STATES OIL CO.,ADELE MCENTEE 1,WILDCAT
8629,,3308700104,OG,DRY,6/28/1981,11782,SENE 34-136-98,COBRA OIL & GAS CORPORATION,STATE SMITH 34-1,WILDCAT
11615,,3308700121,OG,DRY,8/24/1985,8000,LOT6 5-136-99,"HPC, INC.",DANCE-USA 22-5,WILDCAT
4970,,3308700059,OG,DRY,10/23/1970,8044,NENE 5-136-99,SHELL OIL CO.,GOVERNMENT 41X-5,WILDCAT
6337,,3308700084,OG,DRY,11/25/1977,7975,NWSW 6-136-99,PACIFIC ENTERPRISES OIL COMPANY (USA),WOLBERG-STATE 1-6,ROCKY RIDGE
13317,,3308700126,OG,DRY,2/21/1992,7996,SESW 7-136-99,DUNCAN ENERGY CO.,HANSON 24-7,ROCKY RIDGE
15252,,3308700335,ST,DRY,1/26/2002,780,NWNW 7-136-99,SUNCOR ENERGY (NATURAL GAS) AMERICA INC.,NIELSEN 4-7,ROCKY RIDGE
5245,,3308700066,OG,DRY,1/17/1973,8030,SWNW 7-136-99,"NORTH AMERICAN ROYALTIES, INC.",SCHAEFFER-HECK-SCHULTZ 1,ROCKY RIDGE
5267,,3308700067,OG,DRY,3/21/1973,7900,NWNE 8-136-99,PUBCO PETROLEUM CORP.,PUBCO SCHATZ 8-2,WILDCAT
4849,,3308700057,OG,DRY,1/13/1970,7981,NENE 9-136-99,SHELL OIL CO.,GARDNER 41-9,WILDCAT
6294,,3308700083,OG,DRY,9/13/1977,7930,NWNW 17-136-99,"HILLIARD OIL & GAS, INC.",RAINBOW FEDERAL 1,WILDCAT
29279,,3308700365,OG,DRY,10/2/2014,8002,NWSE 18-136-99,"MBI OIL & GAS, LLC",WOLBERG 18-1,ROCKY RIDGE
4822,,3308700056,OG,DRY,12/17/1969,7966,NENW 18-136-99,SHELL OIL CO.,US M-066479 (ND) 21-18,WILDCAT
7132,,3308700094,OG,DRY,10/25/1979,11425,SWSE 22-136-99,"TERRA RESOURCES, INC.",WITMAN 1-22,WILDCAT
4493,,3308700029,OG,DRY,8/7/1968,5338,NENE 25-136-99,STATES OIL CO.,J. P. HEICK  FEDERAL LAND BANK 1,WILDCAT
26223,,3308700359,OG,DRY,1/12/2014,9171,NWNW 29-136-99,MARATHON OIL COMPANY,RUNDLE TRUST 11-29TH,WILDCAT
26794,,3308700361,OG,PA,6/15/2015,17820,NWNW 29-136-99,MARATHON OIL COMPANY,RUNDLE TRUST 21-29TH,MOORD
4907,,3308700058,OG,DRY,4/19/1970,7900,NENE 30-136-99,MIDWEST OIL CORP.,EARL RUNDLE 1,WILDCAT
15253,,3308700336,ST,DRY,1/24/2002,760,NWNE 34-136-99,SUNCOR ENERGY (NATURAL GAS) AMERICA INC.,HANSON 2-34,WILDCAT
6045,,3308700079,WI,DRY,6/15/1994,8012,SWSW 1-136-100,"TURTLE MOUNTAIN GAS & OIL, INC.",FEDERAL-LARSEN 1,ROCKY RIDGE
6046,,3308700080,OG,PNC,11/29/1977,,SWNW 1-136-100,PATRICK PETROLEUM CO.,FEDERAL-LARSEN 2,ROCKY RIDGE
6097,,3308700082,OG,PNC,2/11/1978,,SWSE 1-136-100,PATRICK PETROLEUM CORP.,FEDERAL-LARSEN 3,ROCKY RIDGE
12594,,3308700124,OG,PNC,5/17/1990,,NENW 2-136-100,APACHE CORPORATION,ROCKY RIDGE SE UNIT 3-2,ROCKY RIDGE
4971,404971,3308700060,OG,PA,12/16/2020,8130,NWNW 2-136-100,"DRAWINGS, LLC",HOWIE 11X2,ROCKY RIDGE
5448,,3308700070,OG,DRY,7/27/1974,8100,SWSE 2-136-100,SHELL OIL CO.,HOWIE 34X-2,ROCKY RIDGE
5914,404971,3308700075,WI,PA,12/21/2020,8050,SWNE 2-136-100,"DRAWINGS, LLC",HOWIE 1 SWD,ROCKY RIDGE
6015,404971,3308700078,OG,PA,12/18/2020,8043,NESE 2-136-100,"DRAWINGS, LLC",HOWIE 2,ROCKY RIDGE
5896,,3308700074,OG,DRY,6/4/1976,8130,NENE 3-136-100,"ENSERCH EXPLORATION, INC.",NIELSON 1,ROCKY RIDGE
6977,,3308700092,OG,DRY,6/30/1979,8070,NENE 3-136-100,TEXAS OIL & GAS CORP.,ERNEST D. NIELSON 1,ROCKY RIDGE
5334,,3308700068,OG,DRY,9/6/1973,7986,NESE 11-136-100,PATRICK PETROLEUM CO.,HEWSON 9-11,ROCKY RIDGE
12295,,3308700122,OG,PA,10/23/2003,8000,NWSE 12-136-100,"RITTER, LABER & ASSOCIATES, INC.",ADOBE WALL 10-12,ROCKY RIDGE
13078,,3308700125,OG,DRY,1/20/1991,8000,SWNE 12-136-100,JERRY CHAMBERS EXPLORATION CO.,ADOBE WALL 7-12,ROCKY RIDGE
5160,,3308700064,OG,PA,11/9/1975,7965,NWNW 12-136-100,"PETROLEUM, INC.",SCHATZ 1,ROCKY RIDGE
4972,,3308700061,OG,DRY,10/3/1970,7994,NENE 13-136-100,SHELL OIL CO.,PETERSON 41-13,WILDCAT
4124,,3308700009,OG,DRY,11/14/1966,11510,NWSE 4-136-101,H. L. HUNT,EVA HAYDEN 1,ELEVEN BAR
4119,,3308700008,OG,PA,4/24/1987,11506,NESW 8-136-101,HUNT OIL COMPANY,U.S.A. 8 1,ELEVEN BAR
4075,,3308700007,OG,PA,10/1/1981,11566,NESW 9-136-101,H. L. HUNT,"NPRR ""A"" 1",ELEVEN BAR
4485,,3308700027,SWD,DRY,4/29/1987,5480,NESW 9-136-101,HUNT OIL COMPANY,"NPRR ""A"" SWD 1",ELEVEN BAR
8791,,3308700105,OG,DRY,10/18/1981,11550,NENW 9-136-101,H. L. HUNT,BURLINGTON NORTHERN 2-9,ELEVEN BAR
4164,,3308700010,OG,DRY,11/28/1966,11530,SWNE 17-136-101,H. L. HUNT,N.P.R.R. A 2,ELEVEN BAR
7923,,3308700101,OG,PNC,8/22/1984,,SESE 22-136-101,GULF OIL CORP.,FEDERAL 1-22-3C,ELEVEN BAR
4241,,3308700011,OG,DRY,5/3/1967,11588,NENW 23-136-101,H. L. HUNT,NPRR A 3,ELEVEN BAR
6048,,3308700081,OG,PA,1/19/1980,11510,W2SW 23-136-101,PATRICK PETROLEUM CO.,GPE-BN 1,SECOND CREEK
6412,,3308700087,OG,DRY,8/2/1978,11424,NWNE 34-136-101,PATRICK PETROLEUM CO.,FEDERAL 1,WILDCAT
6855,,3308700090,OG,DRY,11/1/1980,11550,SENW 4-136-102,GULF OIL CORP.,FEDERAL DOTY 1,WILDCAT
4477,,3308700022,OG,DRY,8/27/1968,5270,NWNE 16-136-102,INTERNATIONAL NUCLEAR CORP.,STATE OF NORTH DAKOTA 1-22-30,WILDCAT
4478,,3308700023,OG,DRY,8/16/1968,5440,SWSW 15-136-103,INTERNATIONAL NUCLEAR CORP.,B. FOUST 1-23-29,WILDCAT
9409,,3308700111,OG,PNC,2/22/1982,,SWSE 24-136-103,READING & BATES PETROLEUM CO.,JACOBSON 1-24,WILDCAT
4528,,3308700041,OG,DRY,9/28/1968,5626,NWSW 33-136-103,INTERNATIONAL NUCLEAR CORP.,WOLFGRAM 1-33,WILDCAT
9814,,3308700112,OG,DRY,12/5/1982,11200,NWSE 4-136-104,PENNZOIL CO.,BULL CREEK 4-33,WILDCAT
4471,,3308700019,OG,DRY,8/4/1968,5364,NENE 8-136-104,INTERNATIONAL NUCLEAR CORP.,"K. JOHNSON, ET AL 1-24-16",WILDCAT
4482,,3308700026,OG,DRY,9/10/1968,5331,SWNE 26-136-104,INTERNATIONAL NUCLEAR CORP.,EUGENE C. DAVIS 1-30-28,WILDCAT
7983,,3303300088,OG,DRY,3/3/1981,10950,NESE 6-136-105,READING & BATES PETROLEUM CO.,NORTHRUP 6-1,WILDCAT
11392,,3303300158,OG,DRY,6/16/1985,10920,SWNE 9-136-105,CENEX,CENEX FEDERAL 7-9,WILDCAT
6319,,3303300045,OG,DRY,11/15/1977,10690,NENW 22-136-105,APACHE CORPORATION,MARGARET LANGDON 1,WILDCAT
10483,,3303300140,OG,PNC,1/25/1985,,NESE 6-136-106,AMOCO PRODUCTION CO.,PLUMMER 1-6,WILDCAT
14788,,3303300218,OG,DRY,5/10/2001,12231,SESE 23-136-106,THE EXPLORATION COMPANY,DOTTIE 1-23,WILDCAT
7784,,3303300082,OG,PA,9/21/2001,10575,NWSE 23-136-106,"BERCO RESOURCES, LLC",STARK SWDS 1,BULL RUN
7425,,3303300073,OG,PA,8/4/2012,10558,SWNW 25-136-106,"COKAMO OPERATING, LLC",NORTHROP 1-25,BULL RUN
14643,,3303300216,OG,PNC,6/15/1998,,NENE 26-136-106,THE EXPLORATION COMPANY,FEDERAL 1-26,BULL RUN
14591,,3303300215,OG,PNC,4/24/1998,,NENE 32-136-106,THE EXPLORATION COMPANY,RUSTAD 1-32H,CEDAR HILLS
7688,,3303300079,OG,DRY,8/23/1980,8469,NENE 35-136-106,AMERADA HESS CORPORATION,NORTHROP 1-35,BULL RUN
8001,,3303300089,OG,DRY,9/5/1980,2306,NENE 35-136-106,AMERADA HESS CORPORATION,NORTHROP 1-35X,BULL RUN
7801,,3303300083,OG,PNC,2/15/1983,,NWNW 36-136-106,AMERADA HESS CORPORATION,STATE 1-36,BULL RUN
99119,,3300399119,ST,DRY,2/2/1980,1594,NWNW 9-137-58,"RUSSELL DRILLING COMPANY, INC.",MARVIN NELSON 1,WILDCAT
668,,3309300009,OG,DRY,11/21/1954,3700,SESW 25-137-67,CALVERT EXPLORATION CO.,MARGARET MEYERS 1,WILDCAT
7415,,3309300021,OG,DRY,12/12/1979,3885,NENE 28-137-67,KISSINGER PETROLEUM CORP.,STERN 1-28,WILDCAT
84,,3309300002,OG,DRY,6/22/1952,3374,NENE 30-137-67,S. D. JOHNSON DRILLING CO.,JOHN RATH 1,WILDCAT
145,,3301500002,OG,DRY,11/1/1952,6185,NWNW 32-137-76,CONTINENTAL OIL CO.,PAUL H. MCCAY 1,WILDCAT
756,,3301500008,OG,DRY,11/16/1954,6157,SESE 32-137-77,CAROLINE HUNT TRUST ESTATE,ROBERT A. NICHOLSON 1,WILDCAT
5018,,3305900016,OG,DRY,2/12/1971,5086,NESE 17-137-82,CALVERT DRILLING & ANMAR OIL & GAS CORP.,H. GRANT UNKENHOLZ 1,WILDCAT
3978,,3305900010,OG,DRY,11/30/1965,7613,SENW 34-137-83,"AUSTRAL OIL COMPANY, INC.",JOHN J. LEINGANG 1,WILDCAT
8395,,3305900033,OG,DRY,5/14/1981,9129,SWSE 1-137-87,SUN EXPLORATION & PRODUCTION CO.,JACOB LARSON 1,WILDCAT
7797,,3305900029,OG,DRY,8/10/1980,10257,SESE 14-137-87,"TEXAS PACIFIC OIL COMPANY, INC.",BACHLER 1,WILDCAT
5011,,3305900013,OG,DRY,12/23/1970,5843,NESE 25-137-87,CALVERT DRILLING & ANMAR OIL & GAS CORP.,ANNA BACHLER 1,WILDCAT
7020,,3303700023,OG,DRY,8/3/1979,11027,SENE 5-137-88,"TEXAS PACIFIC OIL COMPANY, INC.",WILLIAM STECKLER 1,WILDCAT
8665,,3308900253,OG,DRY,7/19/1981,11300,NESW 4-137-92,GULF OIL CORP.,KILZER 1-4-4B,WILDCAT
5142,,3308900126,OG,DRY,1/21/1972,10500,SENE 9-137-92,BRIDGER PETROLEUM CORP.,B. KILZER 1,BUFFALO CREEK
4134,,3308900022,OG,PA,6/5/1996,10425,NWSE 15-137-92,PINTAIL PETROLEUM INC.,ADAM SCHANK 1,BUFFALO CREEK
4269,,3308900043,SWD,DRY,6/7/1996,4965,NWSE 15-137-92,PINTAIL PETROLEUM INC.,ADAM SCHANK (NCT-1) 1-A,BUFFALO CREEK
4182,,3308900025,OG,DRY,12/31/1966,10425,CSW 23-137-92,TEXACO INC.,ADAM SCHANK NCT-1 2,WILDCAT
6243,,3308900208,OG,DRY,10/7/1977,10428,SENW 26-137-92,ENERGETICS OPERATING CO.,MARTIN-KILZER 1,WILDCAT
10430,,3308900306,OG,DRY,12/17/1983,10990,NENW 36-137-92,GULF OIL CORP.,MESSER STATE 1-36-1B,WILDCAT
40894,,3308900911,ST,PNC,8/14/2024,,NENE 16-137-94,Prairie Horizon Land Development LLC,GRASSHOPPER #1,WILDCAT
21987,,3308900668,OG,PNC,12/12/2014,,SWSE 8-137-95,"CHESAPEAKE OPERATING, INC.",MOREL 8-137-95 A 1H,WILDCAT
8166,,3308900245,SWD,PA,9/19/2012,11277,SWSE 17-137-95,"WESCO OPERATING, INC.",PRANGE 1-17,SCHEFIELD
8837,,3308900254,OG,PA,1/3/2003,12050,SWSE 17-137-95,"WESCO OPERATING, INC.",PRANGE 1-17A,SCHEFIELD
14652,,3308900537,SWD,PA,7/29/2009,12083,SESE 19-137-95,FORTSON OIL COMPANY,MADLER 1,SCHEFIELD
14518,114518,3308900518,OG,PA,7/27/2009,10850,N2N2 20-137-95,FORTSON OIL COMPANY,KOPPINGER 1,SCHEFIELD
14656,,3308900538,OG,PA,11/20/2003,10800,NESW 20-137-95,FORTSON OIL COMPANY,KOPPINGER 2,SCHEFIELD
3160,,3308900026,OG,DRY,8/10/1962,10150,SENW 20-137-95,AMERADA HESS CORPORATION,LOUIS KOPPINGER 1,SCHEFIELD
5255,,3308900133,OG,DRY,2/17/1973,11430,NESW 22-137-95,CONTINENTAL OIL CO.,FEIMER-ANGER 1,WILDCAT
14717,,3308900541,OG,PNC,8/24/1998,,NWSW 29-137-95,FORTSON OIL COMPANY,MADLER 2,SCHEFIELD
14773,,3308900548,OG,DRY,11/15/1997,10875,SENW 29-137-95,FORTSON OIL COMPANY,BIEL UNIT 1,SCHEFIELD
4198,,3308900027,OG,DRY,12/15/1966,8665,SENW 29-137-95,"PEL-TEX, INC. & CONOCO",BIEL-DREIS 1,WILDCAT
14718,,3308900542,OG,PNC,8/24/1998,,NENE 30-137-95,FORTSON OIL COMPANY,MADLER 3,SCHEFIELD
21976,,3308900665,OG,PNC,3/8/2013,,SESW 7-137-96,"CHESAPEAKE OPERATING, INC.",KRANK 7-137-96 A 1H,WILDCAT
4702,,3308900076,OG,DRY,8/13/1969,5650,NWSW 15-137-96,LADD PETROLEUM CORP.,P. R. DUKART 1,WILDCAT
22004,,3308900670,OG,PNC,3/8/2013,,SWSW 8-137-97,"CHESAPEAKE OPERATING, INC.",JILEK 8-137-97 A 1H,WILDCAT
5143,,3308900127,OG,DRY,1/22/1972,11860,NENW 9-137-97,LONE STAR PRODUCING CO.,K. WANNER 1,WILDCAT
810,,3308900005,OG,DRY,3/23/1955,9295,NWNW 9-137-97,"SOUTHERN PRODUCTION COMPANY, INC.",FRANK J. WANNER 1,WILDCAT
21143,,3308900647,OG,PA,10/24/2013,20269,SESE 21-137-97,"CHESAPEAKE OPERATING, INC.",SCHOCH 21-137-97  A 1H,WILDCAT
5482,,3308900165,OG,DRY,10/12/1974,9120,NWSW 2-137-98,ANADARKO PRODUCTION CO.,DECKERS A 1,WILDCAT
344,,3308900001,OG,DRY,9/20/1953,10480,SWNE 11-137-98,PLYMOUTH OIL CO.,FRANK FISCHER 1,WILDCAT
22630,,3308900693,OG,PNC,3/8/2013,,NWNW 17-137-98,"CHESAPEAKE OPERATING, INC.",BURWICK 17-137-98 A 1H,WILDCAT
22223,122223,3308900680,OG,PA,7/24/2024,13950,SWSW 9-137-99,"MEDORA MINERALS, LLC",LOURDES 16-15 1TH,LOURDES
4845,,3308900093,OG,DRY,1/7/1970,8165,NENE 9-137-99,SHELL OIL CO.,NICK G. OE ET AL 41-9,WILDCAT
5717,,3308900192,OG,DRY,1/11/1976,9070,SWSE 9-137-99,"WAINOCO, INC.",OE 34-9,WILDCAT
9459,,3308900273,OG,DRY,3/24/1982,9150,NWNE 11-137-99,INEXCO OIL CO.,EDITH 1-11,WILDCAT
14528,,3308900520,OG,DRY,12/20/1996,10200,NWNW 12-137-99,FORTSON OIL COMPANY,REISENAUER 1,WILDCAT
6438,,3308900214,OG,DRY,4/15/1978,9100,NESW 14-137-99,SUPRON ENERGY CORP.,HECK-STATE OF NORTH DAK. ET AL 1,WILDCAT
1574,,3308900010,OG,DRY,11/22/1957,9444,NWNW 15-137-99,NORTHERN PUMP CO.,C. BRAUN 1,WILDCAT
14577,,3308900523,OG,DRY,1/9/1997,8150,E2SE 24-137-99,FORTSON OIL COMPANY,RIVARD 1,WILDCAT
4830,,3308900089,OG,DRY,4/25/1995,8155,SWNW 31-137-99,APACHE CORPORATION,E. BELL ET AL 12-31,ROCKY RIDGE
4851,,3308900095,OG,PA,12/13/1992,8195,NESW 31-137-99,"TURTLE MOUNTAIN GAS & OIL, INC.",E. BELL ET AL 23-31,ROCKY RIDGE
9753,,3308900281,OG,PA,4/17/1984,8150,SWSW 32-137-99,"OVERTHRUST RESOURCES, LTD.",STATE - SCHWARTZ 1,ROCKY RIDGE
10827,,3300701001,OG,DRY,5/13/1984,8120,NESW 1-137-100,"BWAB, INC.",KNIEREM 1-23,WILDCAT
5148,,3300700145,OG,PA,11/17/1978,9255,NENW 2-137-100,"ENSERCH EXPLORATION, INC.",ALFRED SCHWARTZ 1,ROCKY RIDGE
5195,,3300700149,OG,DRY,11/17/1978,12000,SENE 2-137-100,"ENSERCH EXPLORATION, INC.",ALFRED SCHWARTZ B 1,ROCKY RIDGE
7574,,3300700522,OG,DRY,6/24/1980,11990,NENW 2-137-100,"TOM BROWN, INC.",SCHWARTZ 2-21,ROCKY RIDGE
10687,,3300700989,OG,DRY,4/12/1984,9378,SWNE 6-137-100,UNION TEXAS PETROLEUM CORP.,SMITH 6-1,WILDCAT
11640,,3300701077,OG,DRY,9/6/1985,9350,NWSW 6-137-100,MCMORAN OIL & GAS CO.,RAINS 1-6,WILDCAT
3072,,3300700051,OG,DRY,4/30/1962,8287,SESE 9-137-100,PAN AMERICAN PETROLEUM CORP.,USA-ADAH G. MACAULEY 2,ROCKY RIDGE
5544,,3300700166,OG,DRY,2/3/1975,8341,SWSE 9-137-100,"FARMERS UNION CENTRAL EXCHANGE, INC.",FEDERAL 15-9,ROCKY RIDGE
3024,,3300700050,OG,DRY,11/5/1961,8240,SESW 10-137-100,PAN AMERICAN PETROLEUM CORP.,USA - A. MACAULEY 1,ROCKY RIDGE
4806,,3300700137,OG,DRY,11/26/1969,8285,SWSW 10-137-100,"FARMERS UNION CENTRAL EXCHANGE, INC.",FEDERAL 14-10,ROCKY RIDGE
6042,,3300700196,OG,DRY,2/4/1977,8190,NWSW 13-137-100,"ENSERCH EXPLORATION, INC.",WOG ESTATE 1,ROCKY RIDGE
1396,,3300700018,OG,DRY,4/4/1957,8235,NWSW 14-137-100,SUN EXPLORATION & PRODUCTION CO.,E. A. SMITH 1,ROCKY RIDGE
8483,,3300700692,OG,DRY,8/5/1981,12000,SESW 14-137-100,POGO PRODUCING CO.,HECKER 1-14,ROCKY RIDGE
1304,,3300700017,OG,PA,5/13/1983,9382,SESE 15-137-100,TXO PRODUCTION CORP.,LUCY FRITZ 1,ROCKY RIDGE
1522,,3300700021,OG,PA,5/17/1983,8177,NWSE 15-137-100,TEXAS OIL & GAS CORP.,LUCY FRITZ 2,ROCKY RIDGE
1665,,3300700023,OG,PA,5/18/1983,8275,SENW 15-137-100,TEXAS OIL & GAS CORP.,LUCY FRITZ 3,ROCKY RIDGE
25347,,3300701794,OG,PA,1/25/2019,9170,SWNE 15-137-100,"MEDORA MINERALS, LLC",ROCKY RIDGE-FRITZ 1,ROCKY RIDGE
2923,,3300700047,OG,PA,12/9/1982,8278,NWNW 15-137-100,TEXAS OIL & GAS CORP.,LUCY FRITZ 4,ROCKY RIDGE
2955,,3300700049,OG,PA,5/27/1983,8215,NWNE 15-137-100,TEXAS OIL & GAS CORP.,LUCY FRITZ 5,ROCKY RIDGE
3333,,3300700055,OG,DRY,2/23/1963,8400,NWSW 15-137-100,PAN AMERICAN PETROLEUM CORP.,LUCY FRITZ 6,ROCKY RIDGE
3942,,3300700090,OG,PA,6/2/1983,8190,SENE 15-137-100,TEXAS OIL & GAS CORP.,LUCY FRITZ 7,ROCKY RIDGE
8405,,3300700673,OG,PNC,10/20/1982,,SESE 15-137-100,TEXAS OIL & GAS CORP.,LUCY FRITZ 1-X,ROCKY RIDGE
8406,,3300700674,OG,DRY,5/25/1983,8109,SENW 15-137-100,TXO PRODUCTION CORP.,LUCY FRITZ 3-X,ROCKY RIDGE
8428,,3300700679,OG,PNC,10/20/1982,,SWNE 15-137-100,TEXAS OIL & GAS CORP.,LUCY FRITZ 8,ROCKY RIDGE
8503,,3300700697,OG,PA,12/8/1982,8120,NWSE 15-137-100,TEXAS OIL & GAS CORP.,LUCY FRITZ 2-A,ROCKY RIDGE
1712,,3300700025,OG,DRY,2/3/1958,8296,SENE 16-137-100,NORTHERN PUMP CO.,STATE 1,ROCKY RIDGE
1777,,3300700027,OG,DRY,4/16/1958,8178,NWNE 22-137-100,H. L. HUNT,LESLIE FRITZ 1,ROCKY RIDGE
2067,,3300700030,OG,DRY,11/19/1958,8256,SESW 22-137-100,FLETCHER OIL & GAS & SIGNAL DRILLING,GOVT ADAH G. MACAULEY 1,ROCKY RIDGE
3896,,3300700082,OG,PA,2/16/1971,8175,NENE 22-137-100,PHILLIPS PETROLEUM COMPANY,FRITZ A 1,ROCKY RIDGE
3931,,3300700087,SWD,PA,8/27/2012,8251,SENE 22-137-100,"OMIMEX PETROLEUM, INC.",FRITZ SWD SYSTEM D2,ROCKY RIDGE
4253,,3300700123,OG,DRY,6/22/1967,8300,SESE 22-137-100,"MULE CREEK OIL COMPANY, INC.",HENRY FRITZ 3-4422,ROCKY RIDGE
8527,108527,3300700698,OG,PA,12/5/2014,8152,NENE 22-137-100,"OMIMEX PETROLEUM, INC.",FRITZ A 1-R,ROCKY RIDGE
90268,,3300790268,SWD,PNC,12/2/2014,,SWNE 22-137-100,"OMIMEX PETROLEUM, INC.",FRITZ SWD SYSTEM D1,ROCKY RIDGE
10497,,3300700966,OG,PA,1/9/1991,8200,SWNW 23-137-100,APACHE CORPORATION,WOG 12-23R,ROCKY RIDGE
11370,,3300701047,OG,DRY,2/13/1985,8250,SENE 23-137-100,"SOUTHPORT EXPLORATION, INC.",SWENSON 1-23,ROCKY RIDGE
12507,,3300701157,OG,DRY,12/29/1966,8240,NESW 23-137-100,SHELL OIL CO.,GUST WOG 23X-23,ROCKY RIDGE
1484,,3300700019,OG,DRY,9/30/1957,8379,NWNW 23-137-100,SKELLY OIL CO.,GUST WOG 1,ROCKY RIDGE
4063,,3300700111,OG,PA,12/3/1983,8203,SWNW 23-137-100,HARPER OIL CO.,GUST WOG 12-23,ROCKY RIDGE
4197,,3300700121,OG,DRY,12/12/1966,6071,NESW 23-137-100,SHELL OIL CO.,GUST WOG 23-23,ROCKY RIDGE
13738,,3300701347,OG,DRY,12/27/1994,8200,SESE 24-137-100,"ARMSTRONG OPERATING, INC.",SWENSON 24-1,ROCKY RIDGE
11812,,3300701088,OG,DRY,12/7/1985,8188,SWNW 25-137-100,"PETROLEUM, INC.",WOG-STATE 25-5,ROCKY RIDGE
12263,,3300701134,OG,DRY,11/17/1987,8250,SENW 25-137-100,ORYX ENERGY CO.,SWENSEN STATE 1,ROCKY RIDGE
12595,,3300701164,OG,DRY,3/11/1989,8160,SWSW 25-137-100,APACHE CORPORATION,ROCKY RIDGE CENTRAL UNIT 3-25,ROCKY RIDGE
4802,,3300700136,OG,DRY,11/19/1969,8170,SWSE 25-137-100,SHELL OIL CO.,GUST WOG 34-25,ROCKY RIDGE
4483,,3300700132,OG,DRY,9/7/1968,8313,NWNW 26-137-100,SHELL OIL CO.,AMERICAN LUTHERAN CHURCH 11-26,ROCKY RIDGE
5430,,3300700159,OG,DRY,11/9/1974,8260,NENW 26-137-100,"FARMERS UNION CENTRAL EXCHANGE, INC.",AMERICAN LUTHERAN CHURCH 3-26,ROCKY RIDGE
10581,,3300700976,OG,DRY,3/1/1984,8370,SWSE 27-137-100,DIAMOND SHAMROCK EXPLORATION CO.,CHURCH FEE 34-27,ROCKY RIDGE
5042,,3300700143,OG,DRY,4/8/1971,8250,NWNE 27-137-100,CARDINAL PETROLEUM CO.,AMERICAN LUTHERAN CHURCH 2-27,ROCKY RIDGE
9905,,3300700902,OG,DRY,2/20/1983,8210,NENE 27-137-100,DIAMOND SHAMROCK EXPLORATION CO.,LUTHERN 41-27,WILDCAT
4254,,3300700124,OG,DRY,7/9/1967,11865,SENW 28-137-100,PAN AMERICAN PETROLEUM CORP.,USA ADAH G. MACAULEY B 1,WILDCAT
15251,,3300701478,ST,DRY,1/28/2002,800,NWNW 34-137-100,SUNCOR ENERGY (NATURAL GAS) AMERICA INC.,FRITZ 4-34,WILDCAT
4910,,3300700141,OG,DRY,5/28/1970,8315,NENE 35-137-100,"MULE CREEK OIL COMPANY, INC.",AMERICAN LUTHERAN CHURCH 1-4135,ROCKY RIDGE
11923,,3300701096,OG,DRY,2/15/1986,9125,NWSE 36-137-100,HARPER OIL CO.,ROCKY RIDGE STATE 10-36,ROCKY RIDGE
4789,,3300700135,OG,PA,12/9/1992,8155,NENE 36-137-100,"TURTLE MOUNTAIN GAS & OIL, INC.",STATE OF NORTH DAKOTA 41-36,ROCKY RIDGE
4892,,3300700140,OG,PA,12/13/1992,8233,NENW 36-137-100,"TURTLE MOUNTAIN GAS & OIL, INC.",STATE OF NORTH DAKOTA 21-36,ROCKY RIDGE
11956,,3300701100,OG,DRY,3/27/1986,8345,SESE 12-137-101,FMP OPERATING CO.,FRITZ 1-12,WILDCAT
13482,,3300701309,OG,DRY,3/11/1993,9100,NENW 20-137-101,DUNCAN ENERGY CO.,GERBIG 21-20,WILDCAT
2357,,3300700033,OG,DRY,7/30/1959,9118,NENW 20-137-102,"CHEVRON USA, INC.",GOVERNMENT 1,WILDCAT
13499,,3303300210,OG,DRY,7/14/1993,7850,SENE 1-137-103,DUNCAN ENERGY CO.,WOSEPKA 1,WILDCAT
12459,,3303300186,OG,DRY,8/8/1988,8950,SESE 5-137-103,HUNT OIL COMPANY,HIGGINS 1-5,WILDCAT
7842,,3303300084,OG,DRY,8/22/1980,11450,SWSW 28-137-103,BASS ENTERPRISES PRODUCTION CO.,BULLION BUTTE FEDERAL 28-1,WILDCAT
6993,,3303300066,OG,DRY,7/27/1979,9150,NWNW 1-137-104,READING & BATES PETROLEUM CO.,HENRY NIEMANN 1,WILDCAT
6361,,3303300048,OG,DRY,1/11/1978,9050,NENE 9-137-104,"BWAB, INC.",NIEMANN RANCH 9-41,WILDCAT
10469,,3303300139,OG,PNC,6/25/1985,,NWNE 35-137-105,MAPCO PRODUCTION CO.,MAUS ET AL 2-35,WILDCAT
12227,112227,3303300182,OG,A,8/29/2017,11905,SWNE 22-137-106,Legacy Reserves Operating LP,GEAREY HORIZONTAL 1,WILLIAMS CREEK
6272,,3303300044,OG,PA,10/4/2001,11989,LOT2 22-137-106,XTO ENERGY INC,KREMERS 21X-22R,WILLIAMS CREEK
16199,,3309300024,GASD,DRY,6/14/2006,440,SENW 24-138-62,"DUNCAN OIL, INC.",GRAVES 1-24,WILDCAT
4626,,3309300020,OG,DRY,6/11/1969,1658,SENW 24-138-62,J. M. JOHNSTON,LEO NICHOLS 1,WILDCAT
15345,,3309300023,GASD,DRY,11/7/2006,1950,NENE 25-138-67,"JORDAN EXPLORATION COMPANY, L.L.C.",WILLIAMS 1-25,WILDCAT
673,,3309300014,OG,DRY,11/8/1954,3682,NENE 26-138-67,CALVERT EXPLORATION CO.,F. L. ROBERTSON 1-A,WILDCAT
7010,,3301500042,OG,DRY,7/14/1979,6985,NENE 31-138-78,ASAMERA OIL (U.S.) INC.,WELCH 1,WILDCAT
16474,,3301500047,GASD,DRY,11/11/2009,1700,SESE 32-138-78,"STAGHORN ENERGY, LLC",WELCH 1-32,WILDCAT
8158,,3305900032,OG,DRY,2/11/1981,8270,SWSE 6-138-82,PENNZOIL CO.,SWEET BRIAR 6-34,WILDCAT
5019,,3305900017,OG,DRY,3/3/1971,5226,NWNE 21-138-82,CALVERT DRILLING & ANMAR OIL & GAS CORP.,ALVIN BENZ 1,WILDCAT
5379,,3305900022,OG,DRY,2/4/1974,8000,NWNE 5-138-83,"CAMPBELL PARTNERS, LTD.",PICHA 1,WILDCAT
7770,,3305900028,OG,DRY,8/25/1980,8950,NWSW 6-138-85,AMOCO PRODUCTION CO.,KARCH 1,WILDCAT
7691,,3305900027,OG,DRY,7/28/1980,9925,SENW 19-138-85,AMOCO PRODUCTION CO.,OLIN 1,WILDCAT
7937,,3305900031,OG,DRY,9/15/1980,10161,NENE 19-138-86,AMOCO PRODUCTION CO.,OLSEN 1,WILDCAT
5016,,3305900014,OG,DRY,1/7/1971,5440,SWSE 36-138-86,CALVERT DRILLING & ANMAR OIL & GAS CORP.,KNUDSON 1,WILDCAT
10540,,3305900038,OG,PNC,6/20/1985,,SENW 1-138-90,AMOCO PRODUCTION CO.,SHANTZ 1,WILDCAT
9135,,3308900259,OG,DRY,11/25/1981,11330,SENE 28-138-91,PIONEER PRODUCTION CORP.,DIEDE 1-28,WILDCAT
17617,,3308900580,OG,PNC,8/17/2012,,NENE 8-138-92,"SUMMIT RESOURCES, INC.",HAWERCHUCK 10-8,WILDCAT
2004,,3308900013,OG,DRY,10/13/1958,8163,NWSW 9-138-92,SKELLY OIL CO.,PAUL STEIG 1,RICHARDTON
6476,,3308900217,OG,DRY,6/2/1978,10925,NWSW 9-138-92,W. H. HUNT TRUST ESTATE,ALFRED GOETZ 1,RICHARDTON
17559,,3308900579,OG,PNC,8/17/2012,,NWNE 17-138-92,"SUMMIT RESOURCES, INC.",CARLYLE 8-17,WILDCAT
8169,,3308900246,GASC,PA,11/12/2004,12218,NENW 21-138-92,"ZINKE & TRUMBO, INC.",SCHILLA 1-21,RICHARDTON
6812,,3308900221,OG,DRY,2/24/1979,11596,NWNW 1-138-93,W. H. HUNT TRUST ESTATE,ELKINS 1,WILDCAT
5203,,3308900131,OG,DRY,9/13/1972,8460,NWNW 23-138-94,"JOHN B. HAWLEY, JR. TRUST #1",PETER LEFOR 1,WILDCAT
21986,,3308900667,OG,PNC,12/12/2014,,LOT4 3-138-95,"CHESAPEAKE OPERATING, INC.",STOLTZ 3-138-95 A 1H,WILDCAT
1541,,3308900009,OG,DRY,10/25/1957,8985,SESW 6-138-95,TEXOTA OIL CO.,JOSEPH A. KUBISHTA 1,WILDCAT
4703,,3308900077,OG,DRY,8/21/1969,5229,SESE 11-138-95,LADD PETROLEUM CORP.,P. J. STOLTZ 1,WILDCAT
10299,,3308900301,OG,DRY,9/29/1983,11802,NENE 16-138-95,LOUISIANA LAND & EXPLORATION CO.,STATE-RAAB 41-16 1,WILDCAT
14598,,3308900528,OG,DRY,2/25/1997,7850,NWSW 20-138-95,BURLINGTON RESOURCES OIL & GAS COMPANY,KOFFLER ET AL 13-20,WILDCAT
5241,,3308900132,OG,DRY,11/26/1972,5519,SESE 20-138-95,MCMORAN EXPLORATION CO.,KOFFLER 1,WILDCAT
22014,,3308900671,OG,PNC,3/8/2013,,SWSW 21-138-95,"CHESAPEAKE OPERATING, INC.",KLEMM 21-138-95 A 1H,WILDCAT
14517,,3308900517,OG,DRY,11/30/1996,7810,SENE 23-138-95,BURLINGTON RESOURCES OIL & GAS COMPANY,HEFFERNAN ET AL 42-23,WILDCAT
22250,,3308900682,OG,PNC,3/8/2013,,SESW 23-138-95,"CHESAPEAKE OPERATING, INC.",RAAB 23-138-95 A 1H,WILDCAT
21139,,3308900646,OG,PA,9/11/2013,19630,NENE 30-138-95,"CHESAPEAKE OPERATING, INC.",ZENT 30-138-95  A 1H,WILDCAT
10570,,3308900313,OG,DRY,5/29/1997,12502,NWSE 1-138-96,"KERNS OIL & GAS, INC.",MILLER 33-1 1,WILDCAT
14152,,3308900478,OG,PNC,7/21/1999,,NENW 1-138-96,TRANSTEXAS GAS CORPORATION,MILLER 1-1,WILDCAT
14151,,3308900477,OG,PNC,9/26/1997,,NENE 2-138-96,TRANSTEXAS GAS CORPORATION,HATZENBUHLER 1-2,WILDCAT
13854,,3308900460,OG,PNC,6/12/1997,,NWNW 3-138-96,BURLINGTON RESOURCES OIL & GAS COMPANY,VOGEL 11-03,WILDCAT
13804,,3308900441,OG,DRY,10/20/1995,11060,SWNW 4-138-96,BURLINGTON RESOURCES OIL & GAS COMPANY,AIRPORT 32-4,WILDCAT
14803,,3308900550,OG,DRY,2/23/1998,10000,SENE 6-138-96,"DUNCAN OIL, INC.",MARTHA 1,WILDCAT
12453,,3308900391,OG,DRY,7/14/1988,7800,SESW 12-138-96,MEPNA,KUBISCHTA 12-24,WILDCAT
13816,,3308900449,OG,PNC,9/30/2002,,SWSW 5-138-97,"ARMSTRONG OPERATING, INC.",VEVERKA 5-1,WILDCAT
23239,,3308900713,OG,PNC,6/13/2013,,SWSE 11-138-97,WHITING OIL AND GAS CORPORATION,PRAIRIE ROSE 34-11PH,HEART RIVER
14413,,3308900506,OG,DRY,9/3/1996,12150,SESW 13-138-97,"ARMSTRONG OPERATING, INC.",PRAIRIE ROSE 13-1,CRATER
2496,,3308900024,OG,DRY,12/26/1959,9100,SESE 18-138-97,ATLANTIC REFINING COMPANY,ANTON EBERTS 1,WILDCAT
15760,,3308900574,OG,PNC,9/19/2006,,NENW 19-138-97,"ASPEN ENERGY GROUP, INC.",EDWARD HERAUF 19-1,WILDCAT
13937,,3308900469,OG,PA,1/22/2007,12010,NENW 24-138-97,"ARMSTRONG OPERATING, INC.",HEIDT 24-1,CRATER
15745,,3308900572,OG,DRY,11/7/2005,9150,N2NE 24-138-97,"ARMSTRONG OPERATING, INC.",HEIDT 24-2,CRATER
21135,,3308900645,OG,DRY,10/17/2013,19660,NWNE 26-138-97,"CHESAPEAKE OPERATING, INC.",DECKER 26-138-97 A 1H,WILDCAT
15688,,3308900571,OG,DRY,3/20/2006,9817,SENE 27-138-97,"ASPEN ENERGY GROUP, INC.",FROEHLICH 27-1,WILDCAT
19785,,3308900603,OG,DRY,10/30/2013,9800,NWSW 27-138-97,"OIL FOR AMERICA EXPLORATION, LLC",FROELICH  27-2,WILDCAT
21687,,3308900659,OG,PNC,3/8/2013,,NENW 28-138-97,"CHESAPEAKE OPERATING, INC.",OBRITSCH  28-138-97 A 1H,WILDCAT
21681,,3308900658,OG,DRY,11/10/2013,20020,NWNW 30-138-97,"CHESAPEAKE OPERATING, INC.",KOSTENKO 30-138-97 A 1H,WILDCAT
15749,,3308900573,OG,PNC,1/27/2006,,E2NW 34-138-97,"ASPEN ENERGY GROUP, INC.",MEDUNA 34-1,WILDCAT
9684,,3308900279,OG,PA,7/25/1983,12570,NENW 34-138-97,MOBIL OIL CORP.,J. F. FISHER 1,WILDCAT
14258,,3308900489,OG,DRY,11/24/1996,10470,NENE 12-138-98,"DUNCAN OIL, INC.",DUKART 1-12,WILDCAT
850,,3308900006,OG,DRY,6/22/1955,12195,NWNW 15-138-98,WILLIAM HERBERT HUNT,ALBERT A. PRIVRATSKY 1,WILDCAT
15186,,3308900560,OG,DRY,9/23/2001,8190,NWNW 17-138-98,BELAIR EXPLORATION INC.,SCHMIDT 1-17,WILDCAT
14124,,3308900472,OG,DRY,3/19/1996,10410,SESE 18-138-98,TRANSTEXAS GAS CORPORATION,SCHMIDT 1-18,WILDCAT
21885,,3308900660,OG,PA,9/18/2013,20100,NWNW 26-138-98,"CHESAPEAKE OPERATING, INC.",GRENZ 26-138-98 A 1H,WILDCAT
22153,,3308900676,OG,DRY,10/3/2013,14180,NWNW 26-138-98,"CHESAPEAKE OPERATING, INC.",GRENZ 26-138-98 A 2H,WILDCAT
7007,,3308900228,OG,DRY,7/31/1979,12229,SESE 26-138-98,SUPRON ENERGY CORP.,PRIVRATSKY 1,WILDCAT
14142,,3308900475,OG,DRY,4/9/1996,10215,SWNE 30-138-98,TRANSTEXAS GAS CORPORATION,MEDUNA 1-30,WILDCAT
29280,,3308900856,OG,DRY,10/19/2014,,LOT1 31-138-98,"MBI OIL & GAS, LLC",BAHLEY 31-1,WILDCAT
39552,239552,3308900907,OG,A,8/16/2023,13960,SESW 5-138-99,"FIVE STATES OPERATING COMPANY, LLC",RH 1-8H,ROCKY HILL
39729,,3308900908,,Confidential,,,SESW 5-138-99,"FIVE STATES OPERATING COMPANY, LLC",RH 1-5 SWD,ROCKY HILL
15283,115283,3308900561,OG,A,7/4/2002,13699,SESW 6-138-99,"MEDORA MINERALS, LLC",ROCKY HILL 1-6H,ROCKY HILL
9997,,3308900294,OG,PNC,8/22/1984,,NWNW 6-138-99,SAMSON RESOURCES COMPANY,KUNTZ 1,ROCKY HILL
12078,112078,3308900378,SWD,A,10/15/2017,9350,NWSE 7-138-99,"MEDORA MINERALS, LLC",SUN 10-7,ROCKY HILL
15116,115116,3308900558,OG,A,6/13/2001,13565,SWSW 7-138-99,"MEDORA MINERALS, LLC",ROCKY HILL 1-7H,ROCKY HILL
14755,,3308900547,OG,DRY,12/18/1997,10500,NWSE 9-138-99,FOREST OIL CORPORATION,TESSIER 33-9,ROCKY HILL
40177,140177,3308900909,OG,A,4/5/2025,14000,SESW 9-138-99,"FIVE STATES OPERATING COMPANY, LLC",RH 1-16H,ROCKY HILL
657,,3308900004,OG,DRY,11/29/1955,9656,NWSW 9-138-99,SUN EXPLORATION & PRODUCTION CO.,W. BEAUDOIN 1,WILDCAT
40940,,3308900912,,Confidential,,,SESE 15-138-99,"FIVE STATES OPERATING COMPANY, LLC",BC 1-22H,BULL CREEK
40197,,3308900910,,Confidential,,,NWNW 16-138-99,"FIVE STATES OPERATING COMPANY, LLC",RH 1-9H,ROCKY HILL
40949,140949,3308900914,OG,A,10/17/2024,14114,SESE 16-138-99,"FIVE STATES OPERATING COMPANY, LLC",BC 1-21H,BULL CREEK
41355,141355,3308900916,OG,A,3/27/2025,14093,SESW 16-138-99,"FIVE STATES OPERATING COMPANY, LLC",BC 2-21H,BULL CREEK
5753,,3308900195,OG,DRY,5/14/1976,9330,SWSE 16-138-99,LONE STAR PRODUCING CO.,BEAUDOIN-STATE 1,WILDCAT
14802,,3308900549,OG,PNC,7/20/1999,,NWNW 18-138-99,FOREST OIL CORPORATION,RICHARD 11-18,ROCKY HILL
15305,115305,3308900562,OG,PA,8/9/2023,13724,NWSW 18-138-99,"MEDORA MINERALS, LLC",ROCKY HILL 1-18H,ROCKY HILL
15043,115043,3308900556,OG,A,1/14/2022,13217,SWSW 19-138-99,SCOUT ENERGY MANAGEMENT LLC,HUTZENBILER 1-19H,BULL CREEK
15063,,3308900557,OG,PNC,3/22/2002,,SWSW 21-138-99,"WESTPORT OIL & GAS COMPANY, L.P.",STROMMEN 1-21H,BULL CREEK
6307,,3308900210,OG,DRY,10/2/1978,12200,NWSE 21-138-99,IMPEL ENERGY CORP.,BEAUDOIN 10-21,WILDCAT
40945,,3308900913,,Confidential,,,NENW 22-138-99,"FIVE STATES OPERATING COMPANY, LLC",RH 1-15H,ROCKY HILL
41032,,3308900915,SWD,A,10/2/2024,9457,NENW 22-138-99,"FIVE STATES OPERATING COMPANY, LLC",BRAVO SWD,BULL CREEK
5890,,3308900201,OG,DRY,6/7/1976,9200,NENE 23-138-99,KISSINGER PETROLEUM CORP.,KUBISCHTA-STATE 1-23,WILDCAT
14485,,3308900513,OG,PA,12/31/1997,10240,NESE 25-138-99,TRANSTEXAS GAS CORPORATION,WEIGUM 1-25,WILDCAT
1536,,3308900008,OG,DRY,12/4/1957,9407,SENW 25-138-99,SKELLY OIL CO.,ALBERT WEIGUM 1,WILDCAT
15042,,3308900555,OG,PNC,4/16/2002,,SWSW 30-138-99,"WESTPORT OIL & GAS COMPANY, L.P.",FREDA 1-30H,BULL CREEK
14133,,3308900473,OG,DRY,3/24/1996,10450,SESE 36-138-99,TRANSTEXAS GAS CORPORATION,REISENAUER 1-36,WILDCAT
14754,,3300701388,OG,DRY,7/26/1998,12300,NWSW 2-138-100,FOREST OIL CORPORATION,LOGAN 13-2,WILDCAT
15259,,3300701480,OG,PNC,11/21/2014,,SWSW 4-138-100,UPTON RESOURCES U.S.A. INC.,DAVIS CREEK 1-4H,DAVIS CREEK
12251,,3300701131,OG,PNC,11/21/1988,,SESW 6-138-100,AMERADA HESS CORPORATION,STATE 6-24,DAVIS CREEK
14878,114878,3300701402,OG,A,1/22/2000,13360,SESW 6-138-100,"MEDORA MINERALS, LLC",UPTON ET AL S. FRYBURG 2,DAVIS CREEK
15009,115009,3300701425,OG,TA,10/9/2024,13728,SESE 6-138-100,T2 OPERATING CORPORATION,SOUTH FRYBURG 3-6,DAVIS CREEK
15154,115154,3300701463,OG,A,1/13/2002,14262,SESE 6-138-100,T2 OPERATING CORPORATION,DAVIS CREEK 1-7H,DAVIS CREEK
12134,112134,3300701115,OG,PA,11/12/2021,9130,NENW 7-138-100,T2 OPERATING CORPORATION,KOCH FEDERAL 7-21,DAVIS CREEK
12341,112341,3300701141,SWD,A,12/3/2024,9182,SWSW 8-138-100,T2 OPERATING CORPORATION,FEDERAL 8-14,DAVIS CREEK
15113,,3300701452,OG,PNC,7/31/2001,,NENW 8-138-100,UPTON RESOURCES U.S.A. INC.,DAVIS CREEK 1-8H,DAVIS CREEK
15164,,3300701466,OG,PNC,7/7/2003,,NENE 8-138-100,WHITING PETROLEUM CORPORATION,DAVIS CREEK 1-8H,DAVIS CREEK
15198,115198,3300701473,OG,PA,10/31/2022,11427,NENW 8-138-100,"MEDORA MINERALS, LLC",DAVIS CREEK 2-8H,DAVIS CREEK
15256,,3300701479,OG,PNC,1/27/2005,,NWNW 9-138-100,UPTON RESOURCES U.S.A. INC.,DAVIS CREEK 1-9H,DAVIS CREEK
15314,,3300701486,OG,PNC,7/7/2003,,NENW 9-138-100,WHITING PETROLEUM CORPORATION,DAVIS CREEK 2-4H,DAVIS CREEK
15315,,3300701487,OG,PNC,7/7/2003,,SESW 9-138-100,WHITING PETROLEUM CORPORATION,DAVIS CREEK 2-9H,DAVIS CREEK
11356,,3300701044,OG,PNC,3/3/1986,,NWSW 10-138-100,SUN EXPLORATION & PRODUCTION CO.,CORRAL FEDERAL 1,WILDCAT
15074,,3300701442,OG,PNC,4/22/2004,,SWSW 10-138-100,"WESTPORT OIL & GAS COMPANY, L.P.",BULL CREEK 2-10H,BULL CREEK
3746,,3300700071,OG,DRY,2/6/1965,12270,SWSW 10-138-100,DAVIS OIL CO.,KEVIN FEDERAL 1,WILDCAT
9347,,3300700819,OG,DRY,1/29/1982,9446,SWNE 10-138-100,PHELPS DODGE FUEL DEVELOPMENT CORP.,SHELL FEDERAL 1,WILDCAT
14756,,3300701389,OG,PA,10/31/2007,9400,SESE 12-138-100,WILLISTON INDUSTRIAL SUPPLY CORPORATION,PROCIW 44-12,ROCKY HILL
15073,,3300701441,OG,PNC,4/22/2004,,SWSW 13-138-100,"WESTPORT OIL & GAS COMPANY, L.P.",BULL CREEK FEDERAL 1-13H,ROCKY HILL
15079,,3300701443,OG,PNC,4/22/2004,,SWSW 15-138-100,"WESTPORT OIL & GAS COMPANY, L.P.",BULL CREEK 3-15H,BULL CREEK
15166,,3300701468,OG,PNC,10/30/2002,,SWSW 16-138-100,WHITING PETROLEUM CORPORATION,DAVIS CREEK 1-16H,DAVIS CREEK
15163,,3300701465,OG,PNC,7/7/2003,,NENE 17-138-100,WHITING PETROLEUM CORPORATION,DAVIS CREEK 1-17H,DAVIS CREEK
14776,114776,3300701396,OG,TA,2/11/2025,10953,SESE 18-138-100,T2 OPERATING CORPORATION,JN FEDERAL 44-18,DAVIS CREEK
15226,,3300701475,OG,PNC,7/7/2003,,SWSW 18-138-100,WHITING PETROLEUM CORPORATION,DAVIS CREEK 1-18H,DAVIS CREEK
15162,115162,3300701464,OG,IA,7/17/2025,13473,NENE 19-138-100,T2 OPERATING CORPORATION,DAVIS CREEK 1-19H,DAVIS CREEK
4377,,3300700129,OG,DRY,2/14/1968,9285,SESW 19-138-100,FUNDAMENTAL OIL CORP.,FEDERAL 1-19,WILDCAT
15165,,3300701467,OG,PNC,10/30/2002,,NENE 20-138-100,WHITING PETROLEUM CORPORATION,DAVIS CREEK 1-20H,DAVIS CREEK
15072,,3300701440,OG,PA,6/6/2008,13690,SENE 23-138-100,"DENBURY ONSHORE, LLC",BULL CREEK FEDERAL 5-23H,BULL CREEK
14966,114966,3300701418,SWD,A,5/30/2025,14792,SESE 24-138-100,SCOUT ENERGY MANAGEMENT LLC,RICHARD 2-24H,BULL CREEK
5230,,3300700151,OG,DRY,11/17/1972,9250,NESE 24-138-100,PENNZOIL CO.,RICHARDS ET AL 1,WILDCAT
8582,,3300700708,OG,DRY,10/17/1981,12250,NESE 24-138-100,"BHP PETROLEUM COMPANY, INC.",GAYLORD 1,WILDCAT
15021,,3300701428,OG,PA,10/29/2007,14020,SWSW 25-138-100,"DENBURY ONSHORE, LLC",FROEHLICH 1-25H,BULL CREEK
15055,,3300701435,OG,PNC,3/13/2002,,SWSW 26-138-100,"WESTPORT OIL & GAS COMPANY, L.P.",HEWSON FEDERAL 1-26H,BULL CREEK
7321,,3300700437,OG,DRY,1/26/1980,9326,SWSW 26-138-100,SOUTHLAND ROYALTY CO.,OWL 1,WILDCAT
5012,,3300700142,OG,DRY,1/23/1971,9300,NWNW 28-138-100,"MIAMI OIL PRODUCERS, INC.",AMANDA PAASCH 1,WILDCAT
6601,,3300700271,OG,DRY,8/10/1978,9397,NWSE 29-138-100,ANSCHUTZ CORPORATION,THEODORE FISHER 1,WILDCAT
12157,,3300701118,OG,DRY,11/20/1987,9327,NENW 30-138-100,JERRY CHAMBERS EXPLORATION CO.,GRENADIER 3-30,WILDCAT
5120,,3300700144,OG,DRY,11/20/1971,9302,NESE 31-138-100,H. L. HUNT & FARMERS UNION CENTRAL EXCH.,USA-BLAYLOCK 1,WILDCAT
37068,,3300701919,OG,DRY,11/4/2019,8299,NESE 32-138-100,"Wave Petroleum Operating, LLC",HUDSON 1-32,WILDCAT
849,,3300700015,OG,DRY,7/4/1955,9410,SESE 34-138-100,STANOLIND OIL & GAS CO.,ALFRED SCHWARTZ 1,WILDCAT
12369,,3300701142,OG,DRY,3/18/1988,9200,SENW 1-138-101,JOHN L. COX,NORTH ROCKY RIDGE FEDERAL 1,DAVIS CREEK
14998,114998,3300701424,OG,A,3/4/2025,13234,NENE 1-138-101,SCOUT ENERGY MANAGEMENT LLC,FEDERAL FRYBURG 1-1,FRYBURG
14768,,3300701394,OG,PNC,11/5/1998,,SWNW 2-138-101,UPTON RESOURCES U.S.A. INC.,TRACY MOUNTAIN FEDERAL 5-2,TRACY MOUNTAIN
15100,415024,3300701450,OG,PA,9/27/2021,8392,NWSW 2-138-101,"MEDORA MINERALS, LLC",TRACY MOUNTAIN FEDERAL 12-2,TRACY MOUNTAIN
16010,415024,3300701531,OG,A,12/5/2023,10231,NWSW 2-138-101,"MEDORA MINERALS, LLC",FEDERAL 13-2H,TRACY MOUNTAIN
14765,,3300701393,OG,PNC,11/5/1998,,NWNE 3-138-101,UPTON RESOURCES U.S.A. INC.,TRACY MOUNTAIN FEDERAL 2-3,TRACY MOUNTAIN
14770,415024,3300701395,SWD,A,12/5/2023,8108,NWSE 3-138-101,"MEDORA MINERALS, LLC",TRACY MOUNTAIN FEDERAL 10-3,TRACY MOUNTAIN
14994,214994,3300701421,OG,A,12/5/2023,13700,SESE 3-138-101,"MEDORA MINERALS, LLC",TRACY MOUNTAIN FRYBURG 3-1H,FRYBURG
15053,214994,3300701434,OG,A,11/26/2024,13814,SESE 3-138-101,"MEDORA MINERALS, LLC",TRACY MOUNTAIN FEDERAL 3-2H,FRYBURG
15081,,3300701444,OG,PNC,11/21/2014,,NWSE 4-138-101,UPTON RESOURCES U.S.A. INC.,TRACY MOUNTAIN FEDERAL 10-4,TRACY MOUNTAIN
13768,,3300701352,WS,PA,7/19/2022,8200,SWSE 7-138-101,NORTHWESTERN PRODUCTION LLC,BUFFALO FEDERAL 34-7,TRACY MOUNTAIN
13375,408227,3300701288,WS,PA,12/30/2022,8228,SWSE 8-138-101,NORTHWESTERN PRODUCTION LLC,ARDENE 34-8,TRACY MOUNTAIN
13408,408227,3300701294,WI,PA,5/10/2023,8160,SWSW 8-138-101,NORTHWESTERN PRODUCTION LLC,ARDENE 14-8,TRACY MOUNTAIN
13409,413353,3300701295,OG,PA,4/12/2023,8150,NENE 8-138-101,"P.O. & G. OPERATING, LLC",CUSTER STATE 41-8,TRACY MOUNTAIN
13454,,3300701302,WI,PA,10/2/2014,8210,NWNW 8-138-101,"P.O. & G. OPERATING, LLC",CUSTER STATE 11-8,TRACY MOUNTAIN
13353,408227,3300701286,WI,PA,5/26/2023,8250,NWSW 9-138-101,"P.O. & G. OPERATING, LLC",O'CONNELL 1,TRACY MOUNTAIN
14609,408227,3300701376,WI,PA,7/30/2022,8450,SESE 9-138-101,"P.O. & G. OPERATING, LLC",TRACY MOUNTAIN FEDERAL 2-9,TRACY MOUNTAIN
14812,,3300701397,OG,PNC,4/5/2005,,NENW 9-138-101,UPTON RESOURCES U.S.A. INC.,TRACY MOUNTAIN FEDERAL 3-9,TRACY MOUNTAIN
90079,408227,3300790079,WS,PA,5/25/2023,6340,NWSW 9-138-101,"P.O. & G. OPERATING, LLC",TRACY MOUNTAIN WSW 1,TRACY MOUNTAIN
13414,413353,3300701296,OG,PA,2/9/2023,9409,NESW 10-138-101,NORTHWESTERN PRODUCTION LLC,SHAPIRO 23-10,TRACY MOUNTAIN
13448,,3300701299,WS,PA,10/8/2014,8625,SENW 10-138-101,"P.O. & G. OPERATING, LLC",SHAPIRO 22-10,TRACY MOUNTAIN
15024,415024,3300701429,OG,PA,9/22/2021,8100,NENE 10-138-101,"MEDORA MINERALS, LLC",TRACY MOUNTAIN FEDERAL 10-1H,TRACY MOUNTAIN
15017,115017,3300701426,OG,PA,11/8/2020,13412,NENE 12-138-101,"WHITE ROCK OIL & GAS, LLC",DAVIS CREEK 1-12,DAVIS CREEK
15093,115093,3300701447,OG,TA,2/11/2025,13796,NWNE 12-138-101,T2 OPERATING CORPORATION,DAVIS CREEK 2-12,DAVIS CREEK
15114,115114,3300701453,OG,A,1/14/2022,14183,SESE 12-138-101,T2 OPERATING CORPORATION,DAVIS CREEK 1-13H,DAVIS CREEK
15172,,3300701470,OG,PA,10/28/2019,13630,SWSW 14-138-101,T2 OPERATING CORPORATION,DAVIS CREEK 1-14H,DAVIS CREEK
16058,413353,3300701543,OG,PA,12/12/2022,8280,NENW 15-138-101,NORTHWESTERN PRODUCTION LLC,TRACY MOUNTAIN UNIT 1-15,TRACY MOUNTAIN
13382,408227,3300701289,WI,IA,4/17/2025,8250,NWNW 16-138-101,"P.O. & G. OPERATING, LLC",JIGGS 11-16,TRACY MOUNTAIN
13396,413353,3300701292,OG,PA,5/13/2023,8231,SWNE 16-138-101,NORTHWESTERN PRODUCTION LLC,JIGGS 32-16,TRACY MOUNTAIN
13438,413353,3300701297,OG,PA,5/17/2023,8210,SWSW 16-138-101,NORTHWESTERN PRODUCTION LLC,DAVIS CREEK STATE 14-16,TRACY MOUNTAIN
13465,,3300701307,OG,PNC,1/27/1994,,NWSE 16-138-101,DUNCAN ENERGY CO.,DAVIS CREEK STATE 33-16,TRACY MOUNTAIN
15936,115936,3300701528,OG,PA,3/29/2023,8225,NWSW 16-138-101,NORTHWESTERN PRODUCTION LLC,TRACY MOUNTAIN UNIT 1-16,TRACY MOUNTAIN
16219,413353,3300701562,OG,IA,2/18/2025,8281,SESE 16-138-101,"P.O. & G. OPERATING, LLC",TRACY MOUNTAIN 2-16,TRACY MOUNTAIN
14611,408244,3300701377,OG,PA,5/9/2023,8250,SENE 17-138-101,"P.O. & G. OPERATING, LLC",TRACY MOUNTAIN FEDERAL 1-17,TRACY MOUNTAIN
14853,408244,3300701400,OG,IA,4/17/2025,8200,N2SE 17-138-101,"P.O. & G. OPERATING, LLC",TRACY MOUNTAIN FEDERAL 4-17,TRACY MOUNTAIN
14946,,3300701413,OG,PNC,3/13/2002,,SWSW 17-138-101,"CHESAPEAKE OPERATING, INC.",TRACY MOUNTAIN FEDERAL 3-17,TRACY MOUNTAIN
15147,413353,3300701461,OG,A,1/14/2022,8135,NESW 17-138-101,"P.O. & G. OPERATING, LLC",TRACY MOUNTAIN FEDERAL 2-17,TRACY MOUNTAIN
15597,408227,3300701506,GI,AB,4/17/2024,8220,SENW 17-138-101,"P.O. & G. OPERATING, LLC",TRACY MOUNTAIN 5-17,TRACY MOUNTAIN
13464,413353,3300701306,OG,PA,4/23/2023,9300,SENE 18-138-101,NORTHWESTERN PRODUCTION LLC,J. O. FEDERAL 42-18,TRACY MOUNTAIN
14936,,3300701410,OG,PNC,2/17/2005,,SESE 18-138-101,UPTON RESOURCES U.S.A. INC.,SHADE 18-2,TRACY MOUNTAIN
13567,,3300701327,OG,DRY,9/8/1993,8250,SESW 23-138-101,DUNCAN ENERGY CO.,RIVERBEND FEDERAL 24-23,WILDCAT
3733,,3300700070,OG,DRY,8/16/1967,9210,NWNE 24-138-101,COLORADO OIL & GAS CORP.,FEDERAL 1-24,WILDCAT
4176,,3300700119,OG,DRY,11/25/1966,9260,SENW 24-138-101,FUNDAMENTAL OIL CORP.,FEDERAL 2-24,WILDCAT
8996,,3300700765,OG,PNC,10/20/1982,,S2NE 28-138-101,WILLIAMS EXPLORATION CO.,STATE 1-28,WILDCAT
12063,,3300701108,OG,DRY,1/3/1987,8380,SWNE 36-138-101,TOTAL MINATOME CORP.,STATE 32-36,WILDCAT
6485,,3300700249,OG,DRY,9/7/1978,9400,NESW 36-138-101,ANADARKO PRODUCTION CO.,DANCE CREEK STATE A 1,WILDCAT
5243,,3300700152,OG,DRY,6/7/1973,8136,SWSE 1-138-102,CARDINAL PETROLEUM CO.,BURLINGTON NORTHERN 15-1,WILDCAT
14125,,3300701361,OG,DRY,5/30/1996,8020,NENE 3-138-102,"HESS BAKKEN INVESTMENTS II, LLC",MERIDIAN 3-41,WILDCAT
11425,,3300701050,OG,DRY,4/4/1985,9247,SENE 4-138-102,SAMEDAN OIL CORPORATION,MADZO 1-4,WILDCAT
4091,,3300700117,OG,DRY,7/22/1966,9302,SENE 10-138-102,SUNRAY DX OIL CO.,NORTH DAKOTA FEDERAL A 1,WILDCAT
16205,,3300701560,OG,PNC,3/30/2009,,SWSE 11-138-102,SOUTHWESTERN PRODUCTION CORP.,SWP 34-11,TRACY MOUNTAIN
13846,,3300701358,OG,DRY,10/31/1995,8400,SENE 13-138-102,"DUNCAN OIL, INC.",M.P. 1,TRACY MOUNTAIN
15209,115209,3300701474,OG,A,12/1/2001,11568,NESE 13-138-102,"MEDORA MINERALS, LLC",FEDERAL 2-13,TRACY MOUNTAIN
15261,115261,3300701481,OG,A,8/30/2002,11175,NESW 13-138-102,"MEDORA MINERALS, LLC",FEDERAL 3-13H,TRACY MOUNTAIN
16525,,3300701601,OG,PNC,1/18/2008,,NESE 13-138-102,UPTON RESOURCES U.S.A. INC.,TRACY MOUNTAIN FEDERAL 1-19H,TRACY MOUNTAIN
16526,116526,3300701602,OG,PA,7/28/2023,10206,NESE 13-138-102,"MEDORA MINERALS, LLC",TRACY MOUNTAIN FEDERAL 1-18H,TRACY MOUNTAIN
16204,,3300701559,OG,PNC,3/30/2009,,NESE 15-138-102,SOUTHWESTERN PRODUCTION CORP.,SWP 43-15,TRACY MOUNTAIN
7744,,3300700558,OG,DRY,7/5/1980,9450,SWSE 15-138-102,"AL-AQUITAINE EXPLORATION, LTD.",15-138-102 BN 1-15,WILDCAT
16203,,3300701558,OG,PNC,3/30/2009,,SENE 22-138-102,SOUTHWESTERN PRODUCTION CORP.,SWP 42-22,TRACY MOUNTAIN
35480,,3300701908,OG,PNC,7/16/2024,,NWSE 22-138-102,NORTHWESTERN PRODUCTION LLC,TMW 34-22,TRACY MOUNTAIN
13506,,3300701315,OG,PA,3/29/2010,8150,NWNE 23-138-102,"WESTERN WELLSITE SERVICES, LLC",TEPEE MOI 31-23,TRACY MOUNTAIN
15262,,3300701482,OG,PNC,2/17/2005,,NWSE 23-138-102,UPTON RESOURCES U.S.A. INC.,FEDERAL 1-23H,TRACY MOUNTAIN
15276,,3300701483,OG,PNC,2/17/2004,,NESW 23-138-102,UPTON RESOURCES U.S.A. INC.,FEDERAL 2-23,TRACY MOUNTAIN
35431,,3300701907,OG,PA,7/30/2022,8050,NWSE 23-138-102,"P.O. & G. OPERATING, LLC",TMW 33-23,TRACY MOUNTAIN
35494,,3300701909,OG,PNC,7/16/2024,,SWNW 23-138-102,NORTHWESTERN PRODUCTION LLC,TMW 12-23,TRACY MOUNTAIN
13518,,3300701321,OG,DRY,8/4/1993,8100,NWNE 25-138-102,DUNCAN ENERGY CO.,DANTZ MOI 31-25,TRACY MOUNTAIN
13460,113460,3300701303,OG,A,12/23/1992,8125,NWNW 26-138-102,"P.O. & G. OPERATING, LLC",PAASCH 11-26,TRACY MOUNTAIN
35608,,3300701911,OG,PNC,7/16/2024,,SENW 27-138-102,NORTHWESTERN PRODUCTION LLC,TMW 22-27,TRACY MOUNTAIN
18216,118216,3300701639,OG,A,10/23/2011,8068,NWSE 28-138-102,"MEDORA MINERALS, LLC",VANVIG 1,TRACY MOUNTAIN
13501,,3300701314,OG,DRY,4/5/1993,8900,SWSW 34-138-102,DUNCAN ENERGY CO.,R. P. 14-34,TRACY MOUNTAIN
13517,,3300701320,OG,PNC,4/25/1994,,SENW 35-138-102,DUNCAN ENERGY CO.,ERR MOI 22-35,TRACY MOUNTAIN
13510,,3300701317,OG,PNC,4/25/1994,,NWNE 36-138-102,DUNCAN ENERGY CO.,B. C. STATE 31-36,TRACY MOUNTAIN
7972,,3303300086,OG,DRY,2/8/1981,11722,SWSE 5-138-103,DIAMOND SHAMROCK EXPLORATION CO.,GPE-BN 34-5,WILDCAT
3695,,3303300007,OG,DRY,11/5/1964,9235,SESW 11-138-103,AMERADA HESS CORPORATION,NORTHERN PACIFIC O TR. 1 1,WILDCAT
4490,,3303300015,OG,DRY,8/30/1968,9215,SESW 29-138-103,LAMAR HUNT,U.S.A. 1,WILDCAT
4525,,3303300017,OG,DRY,10/2/1968,9250,SESW 16-138-104,LAMAR HUNT,STATE OF N. D. KANNENBERG 1,WILDCAT
7379,,3303300072,OG,DRY,9/13/1980,8960,NWSE 16-138-104,WESSELY ENERGY CO.,DIETZ-STATE 1-16,WILDCAT
9097,,3303300116,OG,DRY,12/18/1981,8950,SWNW 16-138-104,BELNORTH PETROLEUM CORP.,STULL STATE 1-16,WILDCAT
41969,,3303300372,,Confidential,,,NENE 17-138-104,"WGO RESOURCES, LLC",Finneman 1-17,WILDCAT
7974,,3303300087,OG,DRY,10/7/1980,8935,NENE 19-138-104,HUNT ENERGY CORP.,GERALD HARDY 1,WILDCAT
5722,,3303300040,OG,DRY,10/3/1975,9200,SENW 21-138-104,TRUE OIL CO.,TRESTER 22-21,WILDCAT
5674,,3303300039,OG,DRY,9/1/1975,9332,NESW 23-138-104,TRUE OIL CO.,DIETZ 23-23,WILDCAT
10434,,3303300137,OG,DRY,11/16/1983,9205,SENW 25-138-104,MAPCO PRODUCTION CO.,BABCOCK 6-25,WILDCAT
5832,,3303300042,OG,DRY,2/23/1976,9170,NWSE 27-138-104,"SMOKEY OIL COMPANY, INC.",DIETZ 33-27,WILDCAT
12424,,3303300184,OG,DRY,6/26/1988,8900,NWNW 33-138-104,HUNT OIL COMPANY,SCHMELING 1-33,WILDCAT
4130,,3303300008,OG,DRY,9/29/1966,11363,SWNW 9-138-105,AMERADA HESS CORPORATION,RAMONA WALDRON 1,WILDCAT
672,,3309300013,OG,DRY,10/6/1954,3899,NWNW 12-139-67,CALVERT EXPLORATION CO.,VINCENT WANZEK 1,WILDCAT
670,,3309300011,OG,DRY,10/18/1954,3701,SESW 24-139-67,CALVERT EXPLORATION CO.,D. C. WOOD 1,WILDCAT
644,,3309300008,OG,DRY,8/2/1954,4305,SESE 5-139-68,GORDON B. BUTTERFIELD,RUDOLPH TRAUTMAN 1,WILDCAT
669,,3309300010,OG,DRY,12/8/1954,4100,SESW 35-139-68,CALVERT EXPLORATION CO.,CHRIST RAU 1,WILDCAT
9324,,3301500045,OG,DRY,2/5/1982,5486,NENE 4-139-76,SUN EXPLORATION & PRODUCTION CO.,KREIN 1-4,WILDCAT
6264,,3301500032,OG,DRY,9/4/1978,6300,NENE 9-139-76,TOM F. MARSH,FUNSTON 1,WILDCAT
4208,,3301500017,OG,DRY,12/22/1966,4044,SESE 20-139-76,"CHEVRON USA, INC.",THEODORE LANG 1,WILDCAT
723,,3301500007,OG,DRY,10/20/1954,5859,NENE 36-139-76,CAROLINE HUNT TRUST ESTATE,ROY P. SCHLABACH 1,WILDCAT
15383,,3305900039,ST,DRY,2/5/2003,6144,NWSE 15-139-81,TESORO REFINING AND MARKETING COMPANY,INJECTION WELL 1,WILDCAT
15557,,3305900040,OG,DRY,6/1/2004,4427,NWSE 15-139-81,TESORO REFINING AND MARKETING COMPANY,INJECTION WELL 2,WILDCAT
2185,,3305900008,OG,DRY,3/15/1959,5350,SWNE 11-139-82,"SIGNAL DRILLING & EXPLORATION, INC.",ADAM F. BOEHM 1,WILDCAT
133,,3305900004,OG,DRY,11/1/1952,8103,SWSW 30-139-86,DEEP ROCK OIL CO.,HILDA JOHNSON A 1,WILDCAT
10539,,3305900037,OG,PNC,6/20/1985,,SESE 6-139-90,AMOCO PRODUCTION CO.,HASSEBROCK 1,WILDCAT
10386,,3305900036,OG,DRY,11/22/1983,8054,NENE 20-139-90,AMOCO PRODUCTION CO.,AMOCO KREIS 1,WILDCAT
1620,,3305900007,OG,DRY,2/11/1958,11210,NESW 27-139-90,PAN AMERICAN PETROLEUM CORP.,RAYMOND VETTER 1,WILDCAT
37229,,3308900904,CO2S,A,8/21/2021,6900,SESE 10-139-92,"RICHARDTON CCS, LLC",RTE 10,RICHARDTON CARBON DIOXIDE
37858,,3308900906,MWUI,A,12/28/2021,7025,SWNW 10-139-92,"RICHARDTON CCS, LLC",RTE 10.2,RICHARDTON CARBON DIOXIDE
6797,,3308900220,OG,DRY,2/4/1979,11270,SESW 16-139-92,W. H. HUNT TRUST ESTATE,RUMMEL-STATE 1,TAYLOR
4757,,3308900081,OG,DRY,8/26/1969,7251,SWSW 18-139-92,UNION OIL COMPANY OF CALIFORNIA,ADAM SCHANK 1,TAYLOR
9257,,3308900262,GASC,DRY,6/26/1997,11950,NESW 19-139-92,VENTEX OPERATING CORP.,HAMANN 1-19-4B,TAYLOR
9796,,3308900284,OG,DRY,12/11/1982,11864,SWNE 20-139-92,GULF OIL CORP.,RUMMEL 1-20-2D,TAYLOR
9348,,3308900266,OG,DRY,6/7/1982,11947,NWSE 30-139-92,"EXXON COMPANY, U.S.A.",HAMMON 1,TAYLOR
9407,,3308900270,OG,DRY,5/15/1982,11672,NESW 32-139-92,GULF OIL CORP.,HOFF 1-32-4B,TAYLOR
9341,,3308900265,GASC,PA,8/23/1983,12105,NESW 10-139-93,GULF OIL CORP.,MOORE 1-10-4B,TAYLOR
4446,,3308900064,OG,DRY,8/27/1968,8335,NWNW 11-139-93,UNION OIL COMPANY OF CALIFORNIA,R. P. PFLEPSEN 1,TAYLOR
9256,,3308900261,OG,DRY,8/26/1983,12050,NWSE 14-139-93,GULF OIL CORP.,HUTCHINSON 1-14-3A,TAYLOR
9056,109056,3308900256,GASC,PA,11/19/2014,11928,SENW 24-139-93,EMPIRE NORTH DAKOTA LLC,OGRE 1-24,TAYLOR
14457,,3308900511,OG,DRY,10/19/1996,9734,SENW 29-139-93,FORTSON OIL COMPANY,MARCUSEN 1,WILDCAT
5754,,3308900196,OG,DRY,12/6/1975,8940,SESW 3-139-94,PLACID OIL CO.,MARTIN 1,WILDCAT
21673,,3308900657,OG,PA,4/24/2015,19715,SWSW 20-139-94,SM ENERGY COMPANY,BOGNER 13-20H,WILDCAT
19601,,3308900597,OG,DRY,11/20/2013,9450,NESE 23-139-94,"OIL FOR AMERICA EXPLORATION, LLC",WIEGLENDA  23-1,WILDCAT
14617,,3308900533,OG,PNC,6/1/1998,,NWSW 30-139-94,SHELL ONSHORE VENTURES INC.,WILLER 30-1,WILDCAT
4704,,3308900078,OG,DRY,8/29/1969,5405,NWSE 34-139-94,LADD PETROLEUM CORP.,P. J. KIRSCH 1,WILDCAT
10530,,3308900310,OG,DRY,1/11/1984,8970,SENE 2-139-95,SAMEDAN OIL CORPORATION,WANNER 1-2,WILDCAT
23892,,3308900743,OG,PNC,3/6/2015,,LOT1 3-139-95,FIDELITY EXPLORATION & PRODUCTION COMPANY,KATIE 3-10H,LEHIGH
13810,,3308900445,OG,DRY,10/1/1995,10130,NENE 6-139-95,"DUNCAN OIL, INC.",GERBER 1-6,WILDCAT
14608,,3308900532,OG,PNC,3/23/1998,,NESW 6-139-95,TRANSTEXAS GAS CORPORATION,SCHNEIDER 1-6,DAVIS BUTTES
14582,,3308900526,OG,DRY,1/30/1997,10180,NESW 12-139-95,SHELL ONSHORE VENTURES INC.,WANNER 12-1,WILDCAT
7229,,3308900234,OG,PNC,9/13/1980,,SESW 15-139-95,GREAT WESTERN DRILLING CO.,WANNER 1,WILDCAT
13814,,3308900448,OG,PNC,10/10/1996,,NWNW 18-139-95,"DUNCAN OIL, INC.",BINEK 1-18,WILDCAT
13811,,3308900446,OG,PNC,10/10/1996,,NENW 20-139-95,"DUNCAN OIL, INC.",SCHMALTZ 1-20,WILDCAT
24554,,3308900753,OG,DRY,2/6/2013,9785,SENE 21-139-95,GREAT PLAINS ENERGY INC,WOLF 42-21,WILDCAT
7076,,3308900229,OG,DRY,10/18/1979,7729,SENE 21-139-95,GREAT WESTERN DRILLING CO.,WOLF 1,WILDCAT
14527,,3308900519,OG,DRY,12/21/1996,10088,NESE 22-139-95,SHELL WESTERN E&P,WANNER 22-1,WILDCAT
19705,,3308900602,OG,PA,7/28/2014,14414,SESE 23-139-95,FIDELITY EXPLORATION & PRODUCTION COMPANY,WANNER 44-23H,LEHIGH
14599,,3308900529,OG,DRY,2/26/1997,10063,NWSE 26-139-95,SHELL ONSHORE VENTURES INC.,WANNER 26-1,WILDCAT
15602,,3308900568,OG,DRY,9/30/2011,9895,NWNE 27-139-95,"BALEEN, L.L.C.",QUANTUM WANNER 27-1,WILDCAT
13733,,3308900420,OG,DRY,12/22/1994,9870,SENW 28-139-95,"ARMSTRONG OPERATING, INC.",WOLF 28-1,WILDCAT
19272,,3308900589,OG,DRY,1/17/2014,9613,SWSE 29-139-95,"OIL FOR AMERICA EXPLORATION, LLC",WOLF 29-1,WILDCAT
14458,,3308900512,OG,PNC,9/26/1997,,NENW 1-139-96,TRANSTEXAS GAS CORPORATION,LARSON 1-1,WILDCAT
14574,,3308900521,OG,DRY,3/11/1997,10425,SESE 2-139-96,TRANSTEXAS GAS CORPORATION,CITY 1-2,WILDCAT
14575,,3308900522,OG,PNC,3/23/1998,,SESE 2-139-96,TRANSTEXAS GAS CORPORATION,CITY 1-1,WILDCAT
14580,,3308900525,OG,PNC,8/6/1997,,NENE 2-139-96,TRANSTEXAS GAS CORPORATION,CITY 2-2,WILDCAT
13598,413447,3308900409,WI,A,5/30/2025,10080,NWNW 5-139-96,SCOUT ENERGY MANAGEMENT LLC,DICKINSON-LODGEPOLE UNIT 83,DICKINSON
13973,413973,3308900470,DFP,PA,10/13/2020,10040,NWSE 5-139-96,SCOUT ENERGY MANAGEMENT LLC,STATE ADDITION 5 1,SUBDIVISION
14212,408583,3308900481,OG,A,2/15/2019,10620,NESE 5-139-96,SCOUT ENERGY MANAGEMENT LLC,HEART RIVER 1-4,STADIUM
10417,,3308900304,OG,DRY,10/31/1983,7900,NWNW 6-139-96,"BWAB, INC.",WALTON 6-11X,DICKINSON
13595,,3308900407,OG,DRY,1/29/1994,10100,NENW 6-139-96,CONOCO INC.,WALTON 84,DICKINSON
13596,,3308900408,OG,PNC,12/28/1994,,SWSW 6-139-96,CONOCO INC.,SHJEFLO A 85,DICKINSON
13775,,3308900432,OG,DRY,9/8/1995,10050,SWSE 6-139-96,CONOCO INC.,SHJEFLO 1-6,DICKINSON
19886,119886,3308900611,OG,PA,9/7/2023,10123,S2NE 6-139-96,"CORE 54 OIL AND GAS, LLC",WEST DICKINSON 1,DICKINSON
5732,,3308900193,OG,DRY,5/8/1976,7925,NENE 6-139-96,"ENSERCH EXPLORATION, INC.",WALTON 1,DICKINSON
9075,,3308900258,OG,PA,4/17/2000,7860,NENE 6-139-96,FIRST BROADWAY CORPORATION,WALTON 6-1,DICKINSON
14308,,3308900491,OG,PA,7/15/2013,10285,SWNW 7-139-96,"DENBURY ONSHORE, LLC",MOI PATTERSON LAKE 11-7,ELAND
14409,,3308900505,OG,PNC,10/28/1996,,SWNW 7-139-96,BURLINGTON RESOURCES OIL & GAS COMPANY,PATTERSON LAKE MOI 12-7S,ELAND
34711,,3308900901,OG,DRY,7/19/2018,10090,LOT2 7-139-96,"ARMSTRONG OPERATING, INC.",HARVEST STATES 7-11,ELAND
14309,,3308900492,OG,PNC,11/6/1997,,NWNE 8-139-96,BURLINGTON RESOURCES OIL & GAS COMPANY,KESTING 31-8,DICKINSON
14307,414307,3308900490,OG,A,5/15/2019,10580,SENW 9-139-96,SCOUT ENERGY MANAGEMENT LLC,HR 1-9,STADIUM
13836,,3308900456,INJP,PA,4/11/2014,10430,SWNE 10-139-96,"DENBURY ONSHORE, LLC",DINSDALE 1-10,LIVESTOCK
13896,413786,3308900466,OG,IA,7/17/2025,9650,NWSE 10-139-96,T2 OPERATING CORPORATION,RG 1-10,HILINE
14209,408577,3308900480,OG,A,10/15/2018,10761,NWNE 10-139-96,SCOUT ENERGY MANAGEMENT LLC,DINSDALE 1-3,STADIUM
14213,408577,3308900482,OG,A,5/6/2020,11800,NWNE 10-139-96,SCOUT ENERGY MANAGEMENT LLC,DINSDALE 2-4,STADIUM
14493,,3308900514,OG,PNC,12/20/1996,,SENW 10-139-96,"JAMES W. WILLIAMS, JR.",WILLIAMS 1-10,HILINE
90109,,3308990109,SWD,A,5/30/2025,5900,SWNE 10-139-96,SCOUT ENERGY MANAGEMENT LLC,DINSDALE SWD 1,LIVESTOCK
14446,,3308900510,OG,DRY,2/21/1997,10110,NESE 11-139-96,"DUNCAN OIL, INC.",SCHMIDT 1-11,HILINE
14579,,3308900524,OG,PNC,3/23/1998,,W2SW 11-139-96,"DUNCAN OIL, INC.",D.W.W. 1,HILINE
13761,413786,3308900428,WI,IA,7/17/2025,10015,NWSW 14-139-96,T2 OPERATING CORPORATION,GRESS 1-14,HILINE
13813,,3308900447,OG,PA,9/24/2003,9985,SWNE 14-139-96,"WESTPORT OIL & GAS COMPANY, L.P.",JULIE 1-14,WILDCAT
13786,408563,3308900436,OG,A,11/4/2025,9622,NESE 15-139-96,T2 OPERATING CORPORATION,HONDL 15-1,HILINE
14825,408563,3308900551,OG,IA,2/18/2025,9960,NWNE 15-139-96,T2 OPERATING CORPORATION,MEYER 1-15,HILINE
13925,,3308900468,OG,DRY,1/4/1996,10050,SESE 16-139-96,"ARMSTRONG OPERATING, INC.",DVORAK 16-1,WILDCAT
14618,,3308900534,OG,DRY,5/27/1997,10485,NWNE 16-139-96,"DUNCAN OIL, INC.",SOUTH HEART RIVER 2-9,STADIUM
15555,,3308900566,OG,PNC,5/25/2005,,SENE 16-139-96,"PETROSEARCH OPERATING COMPANY, L.L.C.",PETROSEARCH PRIVRATSKY 16-1,WILDCAT
13817,,3308900450,OG,PNC,8/10/1995,,NWSW 17-139-96,"DUNCAN OIL, INC.",ZASTOUPIL 1-17,WILDCAT
13829,,3308900453,OG,DRY,9/8/1995,10050,SWNW 17-139-96,"DUNCAN OIL, INC.",KESTING 1-17,WILDCAT
14675,,3308900539,OG,DRY,4/18/2004,9997,SENE 17-139-96,"PETROSEARCH OPERATING COMPANY, L.L.C.",PETROSEARCH DUNCAN-KESTING 2-17,WILDCAT
14975,,3308900554,OG,DRY,6/12/2000,8600,SENW 17-139-96,"ARMSTRONG OPERATING, INC.",KESTING 3-17,WILDCAT
18190,418190,3308900583,OG,A,9/4/2009,9754,NWNW 17-139-96,"ARMSTRONG OPERATING, INC.",LAURINE ENGEL 1,PATTERSON LAKE
19975,,3308900617,OG,DRY,1/27/2012,10050,SESW 17-139-96,"ARMSTRONG OPERATING, INC.",ZASTOUPIL 1-17,WILDCAT
27994,,3308900832,WI,A,5/15/2017,10080,SWNW 17-139-96,"ARMSTRONG OPERATING, INC.",PLU 12-17,PATTERSON LAKE
29705,,3308900860,OG,DRY,7/2/2015,10155,SENE 17-139-96,"ARMSTRONG OPERATING, INC.",DICKINSON CITY 1-16,WILDCAT
90309,,3308990309,WS,A,9/17/2014,5960,SWNW 17-139-96,"ARMSTRONG OPERATING, INC.",PLU WS 12-17,PATTERSON LAKE
13788,408408,3308900437,OG,A,3/4/2023,10402,SENW 18-139-96,SCOUT ENERGY MANAGEMENT LLC,PATTERSON LAKE 41-13,ELAND
14141,414141,3308900474,OG,PA,9/25/2020,9807,NESE 18-139-96,"WESCO OPERATING, INC.",GRUMAN 18-1,ELAND
14185,408408,3308900479,OG,A,8/3/2024,9996,SENW 18-139-96,SCOUT ENERGY MANAGEMENT LLC,GRUMAN 18-2,ELAND
15539,,3308900565,OG,PNC,9/19/2006,,NESW 18-139-96,KERR-MCGEE OIL & GAS ONSHORE LP,GRUMAN 23-18,ELAND
16118,414141,3308900575,WI,PA,9/24/2020,9890,E2E2 18-139-96,"WESCO OPERATING, INC.",GRUMAN 18-3,ELAND
18496,418190,3308900584,OG,A,3/10/2010,9802,NENE 18-139-96,"ARMSTRONG OPERATING, INC.",GRUMAN 18-3,PATTERSON LAKE
19415,,3308900593,OG,PNC,8/17/2011,,NENE 18-139-96,"WESCO OPERATING, INC.",GRUMAN 41-18A,ELAND
21347,,3308900652,OG,PA,11/25/2011,10045,NENE 18-139-96,"WESCO OPERATING, INC.",GRUMAN 41-18,ELAND
42086,,3308900917,,Confidential,,,SESW 18-139-96,SCOUT ENERGY MANAGEMENT LLC,TNT 1,ELAND
13794,408405,3308900440,OG,A,5/26/2020,10040,SWNE 19-139-96,SCOUT ENERGY MANAGEMENT LLC,FROEHLICH 1,ELAND
13897,408405,3308900467,OG,A,12/12/1995,10002,NWSW 19-139-96,SCOUT ENERGY MANAGEMENT LLC,HATTIE 1,ELAND
14254,408405,3308900488,WI,A,5/30/2025,10030,SWSE 19-139-96,SCOUT ENERGY MANAGEMENT LLC,VICTOR 1-19,ELAND
13757,413784,3308900426,OG,A,2/3/2024,9704,SWSW 20-139-96,"P.O. & G. OPERATING, LLC",GRUMAN 20-1,VERSIPPI
13882,,3308900463,OG,PNC,6/12/1997,,NWNW 20-139-96,"ARMSTRONG OPERATING, INC.",GRUMAN 20-2,ELAND
22365,,3308900689,OG,DRY,4/5/2012,10036,NWNE 21-139-96,CHIMNEY SWEEP OIL & GAS COMPANY,HONDL 21-1,WILDCAT
36308,,3308900902,OG,PA,7/13/2021,13200,NENW 21-139-96,"FREEDOM ENERGY OPERATING, LLC",OLTMANS OCELOT 1-21,WILDCAT
36417,,3308900903,OG,DRY,7/2/2019,9850,NENW 21-139-96,"FREEDOM ENERGY OPERATING, LLC",OLTMANS PANTHER 1-16,WILDCAT
11385,,3308900351,OG,DRY,4/3/1985,12087,NWNW 23-139-96,SUPERIOR OIL CO.,GRESS 11-23,WILDCAT
13693,,3308900416,OG,DRY,10/25/1994,10260,SWNE 28-139-96,COLUMBIA GAS DEVELOPMENT CORP.,KRANK 28-1,DOBSON BUTTE
13784,413784,3308900434,WI,A,2/3/2024,10050,NWNW 29-139-96,"P.O. & G. OPERATING, LLC",HALLER 29-1,VERSIPPI
5464,,3308900160,OG,DRY,9/27/1974,8995,NENE 29-139-96,TEXACO INC.,DONALD F. BRAUN ET AL ESTATE 1,DOBSON BUTTE
90082,,3308990082,WS,A,12/7/1995,6014,NWNW 29-139-96,"P.O. & G. OPERATING, LLC",VERSIPPI WSW 1,VERSIPPI
9322,109322,3308900264,OG,PA,9/15/2020,12756,SESE 29-139-96,"WESCO OPERATING, INC.",KOSTELECKY 44-29,DOBSON BUTTE
13806,,3308900442,OG,DRY,8/22/1995,10073,SENW 30-139-96,"ARMSTRONG OPERATING, INC.",HONDL 30-1,ELAND
7127,,3308900232,OG,DRY,9/16/1979,12172,NWNE 30-139-96,SHELL OIL CO.,KOSTELECKY 31-30,WILDCAT
13855,,3308900461,OG,PNC,10/10/1996,,NESE 31-139-96,BURLINGTON RESOURCES OIL & GAS COMPANY,HONDL 43-31,WILDCAT
13840,,3308900458,OG,DRY,10/12/1995,10100,NESW 32-139-96,"DUNCAN OIL, INC.",KOSTELECKY 1-32,WILDCAT
90050,,3308990050,SWD,A,4/14/1984,6000,NWNW 33-139-96,"WESCO OPERATING, INC.",KOSTELECKY SWD 1,DOBSON BUTTE
9611,109611,3308900277,OG,PA,10/10/2019,12146,NWNW 33-139-96,"WESCO OPERATING, INC.",KOSTELECKY 11-33,DOBSON BUTTE
9830,109830,3308900285,OG,A,12/15/2017,12205,SWNE 33-139-96,"WESCO OPERATING, INC.",KOSTELECKY 32-33,DOBSON BUTTE
11973,,3308900374,OG,DRY,10/14/1986,12050,NWNW 35-139-96,MEPNA,DECKER 35-11,WILDCAT
14084,,3308900471,OG,DRY,4/20/1996,12200,SESE 35-139-96,TRANSTEXAS GAS CORPORATION,FISHER 1-35,WILDCAT
33340,,3308900899,OG,DRY,6/18/2017,9910,NENE 35-139-96,"ARMSTRONG OPERATING, INC.",FRENZEL 1-35,WILDCAT
5735,,3308900194,OG,DRY,11/28/1975,7846,SWSW 35-139-96,"APEXCO, INC.",FISHER 1,WILDCAT
13807,,3308900443,OG,DRY,8/5/1995,10150,SWNW 1-139-97,CONOCO INC.,J. KUBISCHTA 1 1,DUCK CREEK
5493,,3308900170,OG,DRY,9/29/1974,8955,SESE 1-139-97,TESORO PETROLEUM CORP.,KUBISHTA 1,DICKINSON
13754,413754,3308900424,OG,A,1/15/2019,10214,NWNE 2-139-97,SCOUT ENERGY MANAGEMENT LLC,DUCK CREEK UNIT 1-2,DUCK CREEK
13785,413715,3308900435,OG,AB,8/19/2025,10350,SWSW 2-139-97,SCOUT ENERGY MANAGEMENT LLC,C. J. STEFFAN 2-2,DICKINSON
4228,,3308900033,OG,PA,3/15/1983,8890,SENW 2-139-97,CONOCO INC.,DICKINSON-HEATH-SAND UNIT 43,DICKINSON
6430,404150,3308900212,OG,PA,1/17/2024,7886,SENW 2-139-97,SCOUT ENERGY MANAGEMENT LLC,DICKINSON-HEATH-SAND UNIT 58,DICKINSON
6463,,3308900216,OG,PA,5/26/1978,8100,E2NE 2-139-97,CONOCO INC.,DICKINSON-HEATH-SAND UNIT 60,DICKINSON
13622,404150,3308900410,OG,A,3/4/2025,8007,NENW 3-139-97,SCOUT ENERGY MANAGEMENT LLC,DICKINSON-HEATH-SAND UNIT 78,DICKINSON
13744,413715,3308900421,WI,A,5/30/2025,10232,SESE 3-139-97,SCOUT ENERGY MANAGEMENT LLC,KADRMAS 3-1,ELAND
4246,,3308900036,OG,DRY,4/20/1967,9070,SENW 3-139-97,SHELL OIL CO.,PAZOUREK 22-3,DICKINSON
4353,,3308900061,OG,PA,6/4/1993,7960,NENW 3-139-97,CONOCO INC.,DICKINSON-HEATH-SAND UNIT 42,DICKINSON
6431,407025,3308900213,OG,PA,8/18/2021,7885,SENE 3-139-97,SCOUT ENERGY MANAGEMENT LLC,DICKINSON-HEATH-SAND UNIT 59,DICKINSON
10896,,3308900337,OG,DRY,6/28/1984,8100,NENW 4-139-97,SAMEDAN OIL CORPORATION,SEMERAD ET AL 1-4,HEART RIVER
14418,,3308900508,OG,DRY,11/27/1996,10230,SESW 4-139-97,AMERADA HESS CORPORATION,KOSTELECKY TRUST 4-24,HEART RIVER
27902,127902,3308900829,OG,A,8/30/2014,19937,LOT3 4-139-97,"PETRO-HUNT DAKOTA, LLC",LLOYD CHRISTMAS 2-4-9H,HEART RIVER
27903,,3308900830,OG,PA,3/19/2018,20038,LOT3 4-139-97,"PETRO-HUNT DAKOTA, LLC",LLOYD CHRISTMAS 1-4-9H,HEART RIVER
28276,128276,3308900834,OG,PNC,7/24/2020,,LOT3 4-139-97,"PETRO-HUNT DAKOTA, LLC",LLOYD CHRISTMAS 3-4-9H,HEART RIVER
28277,128277,3308900835,OG,A,9/8/2014,19850,LOT3 4-139-97,"PETRO-HUNT DAKOTA, LLC",LLOYD CHRISTMAS 4-4-9H,HEART RIVER
28852,128852,3308900849,OG,PNC,9/12/2017,,LOT2 4-139-97,"PETRO-HUNT DAKOTA, LLC",LLOYD CHRISTMAS 6-4-9H,HEART RIVER
28853,128853,3308900850,OG,PNC,9/12/2017,,LOT2 4-139-97,"PETRO-HUNT DAKOTA, LLC",LLOYD CHRISTMAS 5-4-9H,HEART RIVER
19685,119685,3308900599,OG,A,4/19/2012,19830,LOT4 5-139-97,MORNINGSTAR OPERATING LLC,KOSTELECKY  5-8H,HEART RIVER
23172,123172,3308900707,OG,A,9/16/2012,19648,LOT2 5-139-97,MORNINGSTAR OPERATING LLC,KUDRNA 5-8H,HEART RIVER
25021,125021,3308900768,OG,A,7/5/2013,19720,LOT1 5-139-97,MORNINGSTAR OPERATING LLC,RUDY 5-8H,HEART RIVER
6944,,3308900225,OG,PA,4/14/1989,7951,NWSE 5-139-97,BOB DENNIS,KOSTELECKY A-1,HEART RIVER
6945,,3308900226,OG,PNC,10/23/1997,,SENW 5-139-97,"ARMSTRONG OPERATING, INC.",KOSTELECKY 5-1,HEART RIVER
11467,,3308900354,OG,PNC,4/16/1986,,SWSE 6-139-97,ANR PRODUCTION COMPANY,NORTH CREEK 1-6,HEART RIVER
19264,119264,3308900588,OG,A,10/15/2017,14642,LOT2 6-139-97,MORNINGSTAR OPERATING LLC,KOSTELECKY 31-6H,HEART RIVER
24032,224032,3308900751,OG,A,2/15/2018,19639,LOT3 6-139-97,MORNINGSTAR OPERATING LLC,MULARCHEK 6-7H,HEART RIVER
27638,224032,3308900828,OG,A,11/7/2014,19620,LOT2 6-139-97,MORNINGSTAR OPERATING LLC,ISADORE 6-7H,HEART RIVER
5194,,3308900130,OG,DRY,8/18/1972,8050,SESE 6-139-97,UNIVERSAL RESOURCES CORP.,KOSTELECKY 1,HEART RIVER
11396,,3308900352,OG,DRY,5/30/1985,8150,NENE 7-139-97,ANR PRODUCTION COMPANY,NORTH CREEK 1-7,HEART RIVER
24030,124030,3308900749,OG,A,3/19/2013,14695,NENE 7-139-97,MORNINGSTAR OPERATING LLC,LARRY  41-7H,HEART RIVER
5641,,3308900185,OG,DRY,7/30/1975,9100,NESW 7-139-97,KERR-MCGEE CORP.,JOHN J. ADAMSKI ET UX 1,HEART RIVER
6943,,3308900224,OG,PNC,2/22/1983,,NESE 7-139-97,ANADARKO PRODUCTION CO.,KOSTELECKY C-1,HEART RIVER
10428,110428,3308900305,OG,IA,6/17/2025,7932,NWSE 8-139-97,"KRB ENTERPRISE, INC.",RIDL 1-8,HEART RIVER
6447,,3308900215,OG,PA,4/12/1989,12802,SWNW 8-139-97,BOB DENNIS,KOSTELECKY 1,HEART RIVER
6682,,3308900218,OG,DRY,10/4/1978,7930,NWNW 9-139-97,ANADARKO PRODUCTION CO.,BURLINGTON NORTHERN 1,HEART RIVER
13731,413715,3308900419,WI,A,5/30/2025,10086,NESE 10-139-97,SCOUT ENERGY MANAGEMENT LLC,LR 1-10,ELAND
13715,413715,3308900417,OG,A,2/15/2019,10150,NWNW 11-139-97,SCOUT ENERGY MANAGEMENT LLC,KNOPIK 1-11,ELAND
13724,408428,3308900418,OG,A,5/2/2025,10100,NWSE 11-139-97,SCOUT ENERGY MANAGEMENT LLC,RIDL 11-1,ELAND
13531,,3308900401,OG,DRY,6/28/1993,10021,NENW 12-139-97,CONOCO INC.,PRIVRATSKY 77,ELAND
13773,408428,3308900431,OG,A,4/3/2025,10070,SWNW 12-139-97,SCOUT ENERGY MANAGEMENT LLC,PRIVRATSKY 12-2,ELAND
13819,408428,3308900451,WI,A,5/30/2025,10759,SWNE 12-139-97,SCOUT ENERGY MANAGEMENT LLC,PRIVRATSKY 12A-3,ELAND
13808,,3308900444,OG,DRY,3/18/2004,10072,SESE 13-139-97,"WESTPORT OIL & GAS COMPANY, L.P.",MOI FEE 44-13,ELAND
13758,413715,3308900427,OG,A,5/27/2020,10796,NWNW 14-139-97,SCOUT ENERGY MANAGEMENT LLC,K. R. 1-14,ELAND
14511,,3308900515,OG,PNC,11/28/1997,,SENW 15-139-97,"DUNCAN OIL, INC.",BR 22-15,ELAND
14512,,3308900516,OG,PNC,11/28/1997,,NWSE 15-139-97,"DUNCAN OIL, INC.",BR 33-15,ELAND
33997,,3308900900,OG,DRY,10/18/2017,12276,SESE 15-139-97,"FREEDOM ENERGY OPERATING, LLC",FREEDOM ENERGY ND 1-15,HEART RIVER
16945,,3308900577,OG,PA,11/10/2016,9802,NWSE 16-139-97,"BLACK GOLD ENERGY RESOURCE DEVELOPMENT, LLC",RIDL 16-1,WILDCAT
23880,123880,3308900742,OG,A,12/21/2013,20035,NENW 17-139-97,MORNINGSTAR OPERATING LLC,NORKEN 17-20H,HEART RIVER
28213,128213,3308900833,OG,A,9/20/2014,19815,NWNW 17-139-97,MORNINGSTAR OPERATING LLC,DEBORAH 17-20H,HEART RIVER
4250,,3308900038,OG,DRY,5/9/1967,9001,SENW 17-139-97,WOLF EXPLORATION CO.,DVORAK - STATE OF NORTH DAKOTA 1,HEART RIVER
23635,123635,3308900728,OG,A,11/27/2012,19950,SWSE 19-139-97,WHITING OIL AND GAS CORPORATION,PERZINSKI FAMILY TRUST 34-19PH,HEART RIVER
27392,223782,3308900817,OG,A,8/27/2014,19817,SESE 20-139-97,MORNINGSTAR OPERATING LLC,BARNHART3 20-17H,HEART RIVER
27393,127393,3308900818,OG,A,9/13/2014,19700,SESE 20-139-97,MORNINGSTAR OPERATING LLC,BARNHART2 20-17H,HEART RIVER
27394,127394,3308900819,OG,A,8/27/2014,20005,SESE 20-139-97,MORNINGSTAR OPERATING LLC,BARNHART1 20-17H,HEART RIVER
4311,,3308900052,OG,DRY,10/21/1967,12180,NESW 20-139-97,UNION OIL COMPANY OF CALIFORNIA,VICTOR H. KUDRNA 1,WILDCAT
539,,3308900002,OG,DRY,4/28/1954,10501,SWNW 20-139-97,WILLIAM HERBERT HUNT,VICTOR H. KUDRNA 1,WILDCAT
13762,,3308900429,OG,DRY,3/27/1995,10070,NENE 21-139-97,"DUNCAN OIL, INC.",KUDRNA 1-21,WILDCAT
14906,,3308900553,OG,DRY,10/9/1999,11200,SWNE 21-139-97,"DUNCAN OIL, INC.",KREHLIK 1-21,WILDCAT
23782,223782,3308900740,OG,A,5/17/2013,19845,SESW 21-139-97,MORNINGSTAR OPERATING LLC,DIAMOND J 21-16H,HEART RIVER
25833,223782,3308900796,OG,A,4/27/2014,19780,SWSE 21-139-97,MORNINGSTAR OPERATING LLC,WEILER 21-16H,HEART RIVER
25834,223782,3308900797,OG,A,5/7/2014,19810,SWSE 21-139-97,MORNINGSTAR OPERATING LLC,DACKER 21-16H,HEART RIVER
11289,,3308900348,OG,PNC,2/10/1986,,SWSW 22-139-97,ANR PRODUCTION COMPANY,NORTH CREEK 1-22,WILDCAT
19258,,3308900587,OG,PA,11/24/2013,9680,NESE 22-139-97,"OIL FOR AMERICA EXPLORATION, LLC",ZASTOUPIL  22-1,WILDCAT
19585,,3308900596,SWD,PA,3/3/2018,9980,SENE 22-139-97,"EXECUTIVE DRILLING, LLC",HALEK 5-22 1,WILDCAT
13745,408411,3308900422,OG,A,3/20/1995,10050,NENE 23-139-97,SCOUT ENERGY MANAGEMENT LLC,KLEIN 1-23,ELAND
13783,413715,3308900433,OG,A,7/4/2023,10540,NENW 23-139-97,SCOUT ENERGY MANAGEMENT LLC,STEFFAN 1-14,ELAND
15600,,3308900567,OG,PNC,5/25/2005,,NESE 23-139-97,"QUANTUM OIL & GAS, L.L.C.",SCHOCH 23-1,WILDCAT
19853,,3308900609,OG,PNC,8/6/2012,,NWSE 23-139-97,"CORE 54 OIL AND GAS, LLC",LONGSHOT 10-23 1,WILDCAT
13751,413715,3308900423,WI,A,5/30/2025,10127,NWSE 24-139-97,SCOUT ENERGY MANAGEMENT LLC,PATTERSON 1-24,ELAND
13755,408411,3308900425,OG,A,5/11/2020,10070,SWNW 24-139-97,SCOUT ENERGY MANAGEMENT LLC,RANCHOS 1,ELAND
13886,413715,3308900464,OG,A,7/4/2023,10600,NWSE 24-139-97,SCOUT ENERGY MANAGEMENT LLC,ROLLER 1-24,ELAND
15525,,3308900563,OG,DRY,11/26/2004,4515,SWSE 26-139-97,"PETROSEARCH OPERATING COMPANY, L.L.C.",PETROSEARCH ZASTOUPIL 26-1,WILDCAT
15534,,3308900564,OG,DRY,3/5/2004,9960,SWSE 26-139-97,"PETROSEARCH OPERATING COMPANY, L.L.C.",PETROSEARCH ZASTOUPIL 26-1A,WILDCAT
5169,,3308900129,OG,DRY,5/22/1972,9224,NWNE 26-139-97,KEWANEE OIL CO.,JOE ZASTOUPIL 1,WILDCAT
20002,120002,3308900618,OG,A,9/10/2011,19944,NENW 28-139-97,WHITING OIL AND GAS CORPORATION,PRAUS 21-28TFH,HEART RIVER
13833,,3308900454,OG,DRY,9/17/1995,10320,NWSW 34-139-97,"ARMSTRONG OPERATING, INC.",DVORAK 34-1,WILDCAT
19277,119277,3308900591,OG,A,2/2/2011,14738,SWSE 34-139-97,MORNINGSTAR OPERATING LLC,OUKROP 34-34H,HEART RIVER
10663,,3308900320,OG,DRY,2/29/1984,8200,NWSW 2-139-98,BASS ENTERPRISES PRODUCTION CO.,STREITZ 2-21,WILDCAT
23695,223695,3308900733,OG,A,9/14/2014,20002,LOT4 2-139-98,MORNINGSTAR OPERATING LLC,HERAUF 2-11H,ZENITH
24914,223695,3308900764,OG,PNC,6/18/2025,,LOT2 2-139-98,KAISER-FRANCIS OIL COMPANY,AGNES 2-11H,ZENITH
24915,223695,3308900765,OG,PNC,6/18/2025,,LOT2 2-139-98,KAISER-FRANCIS OIL COMPANY,ALBERT J 2-11H,ZENITH
5405,,3308900145,OG,DRY,4/5/1974,8158,SENE 2-139-98,"GAS PRODUCING ENTERPRISES, INC.",ADOLPH KUDRNA 1,GREEN RIVER
13300,,3308900396,OG,PA,6/11/1997,8130,SWSW 3-139-98,COLUMBUS ENERGY CORP.,BN 1,ZENITH
3767,,3308900018,OG,DRY,1/16/1965,8219,SENE 3-139-98,TOM JORDAN,NORTHERN PACIFIC RAILWAY 1,WILDCAT
5028,,3308900116,OG,DRY,2/25/1971,8249,SENW 3-139-98,SHELL OIL CO.,BURLINGTON NORTHERN 22-3,ZENITH
5084,,3308900118,OG,DRY,8/29/1971,8210,SESE 3-139-98,"ZOLLER & DANNEBERG, INC.",B-N INC. 1,ZENITH
10618,,3308900316,OG,PA,12/12/1992,8110,SESE 4-139-98,COLUMBUS ENERGY CORP.,JABLONSKY 1-A,ZENITH
19688,,3308900600,OG,PNC,3/17/2015,,LOT4 4-139-98,FIDELITY EXPLORATION & PRODUCTION COMPANY,WAGNER 4-9H,ZENITH
4575,,3308900067,WI,DRY,10/28/1995,8227,SENW 4-139-98,COLUMBUS ENERGY CORP.,WAGNER 1,ZENITH
4993,,3308900111,OG,PA,6/26/1997,8149,SESE 4-139-98,COLUMBUS ENERGY CORP.,EDWARD JABLONSKY 1,ZENITH
5003,,3308900113,OG,PA,6/24/1997,8160,SESW 4-139-98,COLUMBUS ENERGY CORP.,EDWARD JABLONSKY 2,ZENITH
14310,,3308900493,OG,DRY,7/4/1996,10470,NWNE 5-139-98,BURLINGTON RESOURCES OIL & GAS COMPANY,ZARAK 31-5,ZENITH
14740,,3308900546,OG,DRY,4/11/1969,8140,SENW 5-139-98,CARDINAL PETROLEUM CO.,NORTHERN PACIFIC RAILWAY CO. 6-5,ZENITH
4524,,3308900066,OG,PA,6/19/1997,8176,SESE 5-139-98,COLUMBUS ENERGY CORP.,NORTHERN PACIFIC C 16-5,ZENITH
4648,,3308900071,OG,PA,6/26/1997,8155,SENW 5-139-98,COLUMBUS ENERGY CORP.,NORTHERN PACIFIC 6-5A,ZENITH
5701,,3308900191,OG,DRY,3/5/1976,8100,SESW 5-139-98,PHILLIPS PETROLEUM COMPANY,NORTHERN PACIFIC D 14-5,ZENITH
17697,,3308900581,OG,PNC,10/6/2009,,NESW 6-139-98,"SAGEBRUSH RESOURCES, LLC",ZARAK TRUST 23-6,ZENITH
17782,,3308900582,OG,DRY,12/17/2008,10476,SWNE 6-139-98,"PETRO HARVESTER OPERATING COMPANY, LLC",ZARAK TRUST 32-6,ZENITH
4793,,3308900087,OG,PA,4/6/1975,8120,SESE 6-139-98,CARDINAL PETROLEUM CO.,ZARAK-OYHUS 16-6,ZENITH
4893,,3308900097,OG,DRY,3/4/1970,8160,SWNE 6-139-98,TENNECO OIL CO.,WILLIAM ZARAK 1,ZENITH
10634,,3308900317,OG,PNC,6/20/1985,,NENW 7-139-98,COASTAL OIL & GAS CORPORATION,COGC 7-139-98 BN 1,ZENITH
12361,,3308900388,OG,DRY,3/22/1988,8160,NENE 7-139-98,"MERIDIAN OIL, INC.",MOI 41-7,ZENITH
4583,,3308900068,OG,DRY,11/26/1968,8285,SENW 7-139-98,SHELL OIL CO.,NORTHERN PACIFIC RR 22-7,ZENITH
4959,,3308900107,OG,PA,9/23/1977,8115,CNE 7-139-98,RANGER OIL CO.,BURLINGTON NORTHERN 1,ZENITH
5093,,3308900119,OG,DRY,8/30/1971,8175,SESE 7-139-98,"PETROLEUM, INC.","BURLINGTON NORTHERN, INC. 1",ZENITH
4616,,3308900070,OG,DRY,2/15/1969,8189,SENW 8-139-98,CARDINAL PETROLEUM CO.,ZARAK-RICE 1,ZENITH
4826,,3308900088,OG,PA,9/1/1995,8090,NENW 8-139-98,COLUMBUS ENERGY CORP.,WILLIAM J. ZARAK 1,ZENITH
12094,,3308900379,OG,DRY,2/17/1989,8100,NWNE 9-139-98,COLUMBUS ENERGY CORP.,TUHY 2,ZENITH
12260,,3308900382,OG,DRY,11/29/1987,8124,NWNW 9-139-98,COLUMBUS ENERGY CORP.,TUHY 3,ZENITH
4975,,3308900109,OG,PA,6/13/1997,8093,SENW 9-139-98,COLUMBUS ENERGY CORP.,TUHY 1,ZENITH
4224,,3308900030,OG,DRY,2/17/1967,9200,SESE 10-139-98,SHELL OIL CO.,L. AND M. MEDUNA 44X-10-1,WILDCAT
5372,,3308900142,OG,DRY,1/12/1974,8065,SENW 10-139-98,CONTINENTAL OIL CO.,WAGNER-PAVEL 1,ZENITH
5431,,3308900150,OG,DRY,7/3/1974,8125,NWNW 10-139-98,CONTINENTAL OIL CO.,WAGNER-PAVEL 2,ZENITH
11032,,3308900341,OG,DRY,9/7/1984,8090,SWNE 12-139-98,DIAMOND SHAMROCK EXPLORATION CO.,DSEC-MORAN FEE 32-12,HEART RIVER
23222,123222,3308900712,OG,A,1/3/2025,19983,NWNW 14-139-98,MORNINGSTAR OPERATING LLC,PAVEL 14-23H,ZENITH
20933,,3308900641,OG,PNC,4/24/2012,,NENE 15-139-98,FIDELITY EXPLORATION & PRODUCTION COMPANY,PERDAEMS 15-22H,ZENITH
6369,,3308900211,OG,DRY,12/19/1977,8155,CSW 15-139-98,ANADARKO PRODUCTION CO.,PERDAEMS 1,ZENITH
20894,,3308900638,OG,PNC,5/6/2015,,NENW 17-139-98,BURLINGTON RESOURCES OIL & GAS COMPANY LP,SOUTH HART 17-1H,ZENITH
23733,,3308900738,OG,PNC,2/20/2013,,SWSE 22-139-98,FIDELITY EXPLORATION & PRODUCTION COMPANY,JERRY 22-15H PNC,ZENITH
25128,,3308900771,OG,PNC,5/6/2015,,SWSE 22-139-98,FIDELITY EXPLORATION & PRODUCTION COMPANY,JERRY 22-15H,ZENITH
25129,,3308900772,OG,PNC,5/6/2015,,SWSE 22-139-98,FIDELITY EXPLORATION & PRODUCTION COMPANY,JIM 22-15H,ZENITH
25130,,3308900773,OG,PNC,5/6/2015,,SWSE 22-139-98,FIDELITY EXPLORATION & PRODUCTION COMPANY,JOE 22-15H,ZENITH
14224,,3308900485,OG,PNC,5/22/1997,,NWSE 1-139-99,AMERADA HESS CORPORATION,CHRISTIANSON 1-33,ZENITH
14225,,3308900486,OG,PNC,5/22/1997,,NWNW 1-139-99,AMERADA HESS CORPORATION,STATE 1-11,ZENITH
4764,,3308900083,OG,DRY,9/8/1969,8268,SENW 1-139-99,"BHP PETROLEUM COMPANY, INC.",HIBL 1,ZENITH
9315,,3308900263,OG,DRY,2/7/1982,8250,NWNW 1-139-99,SAMEDAN OIL CORPORATION,HIBL STATE 1-1,ZENITH
10466,,3308900307,OG,DRY,12/1/1983,8300,CSW 2-139-99,CONOCO INC.,BUCKMAN 3,ZENITH
14222,,3308900483,OG,DRY,9/17/1996,10520,SWSE 2-139-99,AMERADA HESS CORPORATION,BOLTZ 2-34,ZENITH
14223,,3308900484,OG,PNC,5/22/1997,,SWNW 2-139-99,AMERADA HESS CORPORATION,BOLTZ 2-12,ZENITH
4769,,3308900084,OG,DRY,10/15/1969,8254,SESE 2-139-99,"BHP PETROLEUM COMPANY, INC.",RIDL 1,ZENITH
5918,,3308900203,OG,DRY,7/25/1976,8244,NENW 2-139-99,HOME PETROLEUM CORP.,BOLTZ-FLB UNIT 1,ZENITH
10119,,3308900296,OG,PA,7/29/1997,8400,NWNW 3-139-99,JN EXPLORATION & PRODUCTION LIMITED PARTNERSHIP,MEECH 1,ZENITH
12750,,3308900393,WI,PA,6/20/2007,8350,SESE 3-139-99,"CHAPARRAL ENERGY, L.L.C.",ZENITH-NEWTON TYLER UNIT 3,ZENITH-NEWTON
26290,226290,3308900805,OG,A,4/7/2014,20571,NWSW 3-139-99,WHITING OIL AND GAS CORPORATION,NEWTON FEDERAL 42-4PH,BELL
26291,226290,3308900806,OG,A,4/7/2014,21248,NWSW 3-139-99,WHITING OIL AND GAS CORPORATION,NEWTON 41-4PH,BELL
26292,226290,3308900807,OG,A,4/7/2014,21010,NWSW 3-139-99,WHITING OIL AND GAS CORPORATION,NEWTON FEDERAL 44-4PH,BELL
5027,,3308900115,WS,PA,3/28/2011,9400,SESE 3-139-99,"CHAPARRAL ENERGY, L.L.C.",ZENITH-NEWTON TYLER UNIT 1,ZENITH-NEWTON
5119,,3308900123,OG,DRY,11/3/1971,8380,SENW 3-139-99,CONTINENTAL OIL CO.,MEECH-BOLTZ ET AL 1,ZENITH
5489,,3308900167,OG,DRY,9/29/1974,8245,E2NE 3-139-99,CONTINENTAL OIL CO.,MEECH-BOLTZ ET AL 2,ZENITH
9917,,3308900291,OG,PA,7/23/2016,8309,SESW 3-139-99,WHITING OIL AND GAS CORPORATION,ZENITH-NEWTON UNIT 2,ZENITH-NEWTON
10555,,3308900311,OG,DRY,11/3/2001,8400,NENW 4-139-99,JN EXPLORATION & PRODUCTION LIMITED PARTNERSHIP,RITA MAE 1,BELL
5418,,3308900149,OG,DRY,7/24/1974,8200,SESE 4-139-99,CONTINENTAL OIL CO.,NEWTON-MOORE 1,BELL
10909,,3308900338,OG,DRY,8/5/1984,8380,NENE 6-139-99,SAMEDAN OIL CORPORATION,KROGH 1-6,BELL
32702,,3308900894,OG,PNC,4/18/2017,,LOT3 6-139-99,WHITING OIL AND GAS CORPORATION,HOFFMAN 24-31PH,BELL
32703,,3308900895,OG,PNC,4/18/2017,,LOT3 6-139-99,WHITING OIL AND GAS CORPORATION,HOFFMAN 34-31PH,BELL
11568,,3308900357,OG,DRY,7/30/1985,9500,NENE 7-139-99,"SOUTHPORT EXPLORATION, INC.",FLB-NEWTON 1-7,BELL
11753,,3308900362,OG,DRY,10/10/1985,9540,NWSE 7-139-99,LOUISIANA LAND & EXPLORATION CO.,NEWTON 33-7 1,BELL
13865,,3308900462,OG,DRY,11/16/1995,10540,SWNW 9-139-99,EQUITABLE RESOURCES ENERGY CO.,FROEHLICH STATE 12-9,ZENITH
18833,218833,3308900585,OG,A,9/16/2010,20480,SESE 9-139-99,WHITING OIL AND GAS CORPORATION,FROEHLICH 44-9TFH,BELL
21291,218833,3308900651,OG,A,6/4/2024,19934,NENE 9-139-99,WHITING OIL AND GAS CORPORATION,FROEHLICH 41-9TFH,BELL
23273,218833,3308900714,OG,IA,8/19/2025,18360,SWSE 9-139-99,WHITING OIL AND GAS CORPORATION,FROEHLICH 34-9PH,BELL
5014,,3308900114,OG,DRY,1/16/1971,8310,SENW 9-139-99,CARDINAL PETROLEUM CO.,FROEHLICH-STATE 6-9,ZENITH
5613,,3308900183,OG,DRY,6/24/1975,8300,SESE 9-139-99,KIRBY PETROLEUM CO. & A. G. GOLDEN,FROELICH-STATE 1,ZENITH
8098,,3308900243,OG,DRY,12/21/1980,12550,SENE 9-139-99,"BHP PETROLEUM COMPANY, INC.",FROELICH 1,ZENITH
10677,,3308900324,OG,PNC,6/20/1985,,NESE 10-139-99,"BHP PETROLEUM COMPANY, INC.",DELBERT 1,ZENITH
11153,,3308900345,SWD,A,2/25/2025,8340,E2SW 10-139-99,"COMPASS SWD, LLC",ZENITH-NEWTON UNIT 5,ZENITH-NEWTON
20789,220789,3308900631,OG,A,3/12/2014,20038,SWSE 10-139-99,WHITING OIL AND GAS CORPORATION,KADRMAS FEDERAL 34-10PH,ZENITH
24871,220789,3308900762,OG,A,5/2/2025,20509,SWSE 10-139-99,WHITING OIL AND GAS CORPORATION,KADRMAS FEDERAL 44-10PH,ZENITH
24872,220789,3308900763,OG,A,11/4/2025,21450,SWSE 10-139-99,WHITING OIL AND GAS CORPORATION,KADRMAS FEDERAL 14-10PH,ZENITH
4963,,3308900108,OG,PA,6/16/2004,8304,SENW 10-139-99,"H&R WELL SERVICES, INC.",ZENITH-NEWTON UNIT 4,ZENITH-NEWTON
4991,,3308900110,OG,PA,7/19/1973,8310,SESE 10-139-99,"BHP PETROLEUM COMPANY, INC.",HEART RIVER 16-10,ZENITH-NEWTON
26159,226159,3308900800,OG,A,5/14/2014,21670,SWSE 11-139-99,WHITING OIL AND GAS CORPORATION,KADRMAS FEDERAL 14-11PH,ZENITH
26160,226159,3308900801,OG,A,5/14/2014,20176,SWSE 11-139-99,WHITING OIL AND GAS CORPORATION,KADRMAS FEDERAL 34-11PH,ZENITH
26161,226159,3308900802,OG,A,5/14/2014,20587,SWSE 11-139-99,WHITING OIL AND GAS CORPORATION,KADRMAS FEDERAL 44-11PH,ZENITH
4737,,3308900080,OG,PA,6/14/1991,8440,SENW 11-139-99,CONOCO INC.,ZENITH-NEWTON TYLER UNIT 6,ZENITH-NEWTON
5805,,3308900198,WI,PA,6/22/2004,8214,NWSE 11-139-99,"H&R WELL SERVICES, INC.",ZENITH-NEWTON TYLER UNIT 7,ZENITH-NEWTON
8570,,3308900251,OG,DRY,6/30/1981,8300,E2SE 11-139-99,BLACK HAWK RESOURCES CORP.,STATE-KADRMAS 44X-11,ZENITH
11406,,3308900353,OG,DRY,4/21/1985,8252,NESE 12-139-99,XPLOR ENERGY CORP.,RIDL 43-12,ZENITH
20796,220796,3308900633,OG,A,1/25/2012,20226,SWSE 12-139-99,WHITING OIL AND GAS CORPORATION,RIDL 34-12TFH,ZENITH
26316,220796,3308900808,OG,A,6/5/2014,20319,SWSE 12-139-99,WHITING OIL AND GAS CORPORATION,RIDL FEDERAL 44-12PH,ZENITH
26317,220796,3308900809,OG,A,7/15/2018,21334,SWSE 12-139-99,WHITING OIL AND GAS CORPORATION,RIDL FEDERAL 14-12PH,ZENITH
4786,,3308900086,OG,DRY,11/29/1969,8158,SENW 12-139-99,TOM JORDAN,MARY FRANCHUCK 1,ZENITH
5001,,3308900112,OG,DRY,12/23/1970,8150,NENE 12-139-99,"CARDINAL PETROLEUM CO. & PETROLEUM, INC.",FRANCHUK 1-X,ZENITH
23214,223214,3308900711,OG,A,2/5/2025,20135,NENW 13-139-99,WHITING OIL AND GAS CORPORATION,FROEHLICH 21-13PH,ZENITH
25996,223214,3308900798,OG,A,11/4/2025,20560,NENW 13-139-99,WHITING OIL AND GAS CORPORATION,FROEHLICH 11-13PH,ZENITH
25997,223214,3308900799,OG,A,2/1/2023,21096,NENW 13-139-99,WHITING OIL AND GAS CORPORATION,FROEHLICH 41-13PH,ZENITH
21958,221958,3308900664,OG,A,1/14/2022,20320,NENW 14-139-99,WHITING OIL AND GAS CORPORATION,IVER & MINNIE 21-14PH,ZENITH
22002,221958,3308900669,OG,A,4/15/2019,20041,NENW 14-139-99,WHITING OIL AND GAS CORPORATION,IVER & MINNIE 11-14PH,ZENITH
29179,,3308900855,OG,PNC,12/9/2019,,NENW 14-139-99,WHITING OIL AND GAS CORPORATION,IVER & MINNIE 41-14PH,ZENITH
5646,,3308900186,OG,DRY,7/22/1975,8235,NWSE 14-139-99,KIRBY EXPLORATION CO. & A. G. GOLDEN,W. A. RICHARD 1,ZENITH
14882,,3308900552,OG,DRY,11/21/1998,10375,SWSE 15-139-99,AMERADA HESS CORPORATION,STATE 34-15,ZENITH
19923,219923,3308900613,OG,A,10/4/2025,20290,NENW 15-139-99,WHITING OIL AND GAS CORPORATION,RICHARD 21-15TFH,ZENITH
23710,219923,3308900735,OG,A,4/15/2017,20840,NENW 15-139-99,WHITING OIL AND GAS CORPORATION,RICHARD 31-15PH,ZENITH
20028,220028,3308900619,OG,A,6/4/2011,20150,NENW 16-139-99,WHITING OIL AND GAS CORPORATION,DULETSKI 21-16TFH,GAYLORD
20912,220028,3308900640,OG,A,2/5/2025,20309,NWNW 16-139-99,WHITING OIL AND GAS CORPORATION,DULETSKI 11-16TFH,GAYLORD
2117,,3308900015,OG,DRY,1/20/1959,9610,NWNW 16-139-99,TENNESSEE GAS TRANSMISSION CO.,CASIMER DULETSKI 1,WILDCAT
19820,219820,3308900608,OG,A,12/3/2024,20300,NENW 17-139-99,WHITING OIL AND GAS CORPORATION,DIETZ 21-17TFH,GAYLORD
20960,219820,3308900642,OG,A,3/1/2023,20265,NENE 17-139-99,WHITING OIL AND GAS CORPORATION,KESSEL 41-17TFH,GAYLORD
29152,,3308900854,OG,PNC,12/5/2019,,NENW 17-139-99,WHITING OIL AND GAS CORPORATION,DIETZ  11-17PH,GAYLORD
19810,219810,3308900605,OG,A,11/22/2022,20216,NENW 18-139-99,WHITING OIL AND GAS CORPORATION,DIETZ 21-18TFH,GAYLORD
22120,219810,3308900675,OG,A,6/7/2012,20425,NENE 18-139-99,WHITING OIL AND GAS CORPORATION,DULETSKI 41-18PH,GAYLORD
22954,219810,3308900701,OG,IA,8/19/2025,20211,LOT1 18-139-99,WHITING OIL AND GAS CORPORATION,DIETZ 11-18PH,GAYLORD
24859,224859,3308900760,OG,A,12/4/2025,20230,LOT1 18-139-99,WHITING OIL AND GAS CORPORATION,DIETZ 34-7PH,BELL
24860,224859,3308900761,OG,A,12/4/2025,19978,LOT1 18-139-99,WHITING OIL AND GAS CORPORATION,DIETZ 14-7PH,BELL
27947,224859,3308900831,OG,A,7/4/2025,20860,NENE 18-139-99,WHITING OIL AND GAS CORPORATION,BOCK FEDERAL 44-7PH,BELL
15134,115134,3308900559,OG,A,8/4/2001,14700,NENE 19-139-99,SCOUT ENERGY MANAGEMENT LLC,HANSON 41-19,GAYLORD
19871,,3308900610,OG,PNC,10/12/2012,,NENW 25-139-99,WHITING OIL AND GAS CORPORATION,KESSEL 21-25TFH,ZENITH
19926,119926,3308900614,OG,A,5/2/2011,20240,NENW 26-139-99,WHITING OIL AND GAS CORPORATION,ROLLER 21-26TFH,ZENITH
19937,119937,3308900615,OG,PA,4/28/2020,20055,NENW 27-139-99,WHITING OIL AND GAS CORPORATION,PALUCK 21-27TFH,ZENITH
11911,,3308900370,OG,DRY,2/17/1986,8352,NENW 28-139-99,NANCE PETROLEUM CORPORATION,PALUCK 3-28,ZENITH
19816,119816,3308900606,OG,A,4/18/2011,20264,NENW 28-139-99,WHITING OIL AND GAS CORPORATION,PALUCK 21-28TFH,GAYLORD
16649,,3308900576,SWD,A,11/1/2024,13099,NWNW 29-139-99,"RAGNAR EXPLORATION, LLC",GRACE 1 SWD,GAYLORD
19809,119809,3308900604,OG,A,5/20/2011,20156,NENW 29-139-99,WHITING OIL AND GAS CORPORATION,ARTHAUD  21-29TFH,GAYLORD
20060,120060,3308900621,OG,PA,7/1/2021,19818,NENW 30-139-99,WHITING OIL AND GAS CORPORATION,BINSTOCK 21-30TFH,GAYLORD
32782,132782,3300701860,OG,A,1/14/2022,21991,LOT4 1-139-100,WHITING OIL AND GAS CORPORATION,KESSEL FEDERAL 34-36PH,PARK
32783,,3300701861,OG,PNC,4/21/2022,,LOT4 1-139-100,WHITING OIL AND GAS CORPORATION,KESSEL FEDERAL 24-36PH,PARK
32784,132784,3300701862,OG,A,10/31/2018,20918,LOT4 1-139-100,WHITING OIL AND GAS CORPORATION,KESSEL 44-35PHU,PARK
5534,,3300700165,OG,DRY,12/18/1974,8340,NWNE 1-139-100,TIGER OIL COMPANY,KESSEL 1-1,BELFIELD
2458,,3300700036,OG,DRY,10/5/1959,8384,NWNE 2-139-100,AMERADA HESS CORPORATION,KNOPIK-REIS UNIT 1,FRYBURG
13640,,3300701338,OG,DRY,2/22/1994,10600,NESE 4-139-100,AMERADA HESS CORPORATION,JOUBERT 4-43,FRYBURG
13776,,3300701354,OG,DRY,6/12/1995,8310,SWSE 4-139-100,AMERADA HESS CORPORATION,FRYBURG HEATH-MADISON UNIT O-813X,FRYBURG
2577,406559,3300700038,OG,PA,10/12/2020,9445,SESE 4-139-100,SCOUT ENERGY MANAGEMENT LLC,FRYBURG HEATH-MADISON UNIT P-813,FRYBURG
2909,,3300700046,OG,DRY,6/10/1961,8347,NWNE 4-139-100,AMERADA HESS CORPORATION,STATE-FRYBURG UNIT 1,FRYBURG
375,,3300700002,OG,PA,9/27/1985,9451,SESW 4-139-100,AMERADA HESS CORPORATION,FRYBURG HEATH-MADISON UNIT O-813,FRYBURG
522,,3300700005,OG,PA,2/23/1974,9422,SESE 4-139-100,AMERADA HESS CORPORATION,EARL JOUBERT T-1 1,FRYBURG
5874,,3300700187,OG,DRY,10/29/1976,8282,W2SW 4-139-100,AMERADA HESS CORPORATION,FRYBURG HEATH-MADISON UNIT O-814I,FRYBURG
3502,,3300700060,OG,PA,9/2/2017,8342,SWSE 5-139-100,SCOUT ENERGY MANAGEMENT LLC,FRYBURG HEATH-MADISON UNIT N-813,FRYBURG
3918,,3300700083,OG,PA,9/6/2017,8494,SENW 5-139-100,SCOUT ENERGY MANAGEMENT LLC,FRYBURG HEATH-MADISON UNIT M-815,FRYBURG
6009,,3300700192,WI,PA,9/14/2017,8320,W2W2 5-139-100,SCOUT ENERGY MANAGEMENT LLC,FRYBURG HEATH-MADISON UNIT M-814I,FRYBURG
2395,,3300700034,OG,PA,5/16/2001,8266,NWSE 6-139-100,SCOUT ENERGY MANAGEMENT LLC,FRYBURG HEATH-MADISON UNIT L-814,FRYBURG
4008,,3300700095,OG,PA,8/19/2015,8297,NWNW 6-139-100,SCOUT ENERGY MANAGEMENT LLC,FRYBURG HEATH-MADISON UNIT K-816,FRYBURG
5342,406556,3300700156,OG,TA,10/16/2024,9564,NENE 6-139-100,SCOUT ENERGY MANAGEMENT LLC,FRYBURG HEATH-MADISON UNIT L-816,FRYBURG
5585,,3300700169,OG,PA,5/21/2001,8750,NWNE 6-139-100,SCOUT ENERGY MANAGEMENT LLC,FRYBURG HEATH-MADISON UNIT L-817,FRYBURG
15593,,3300701505,OG,TA,10/16/2024,11510,SESW 7-139-100,SCOUT ENERGY MANAGEMENT LLC,FHMU K-810H,FRYBURG
2309,406520,3300700032,WI,PA,9/17/2025,8310,NWSE 7-139-100,SCOUT ENERGY MANAGEMENT LLC,FRYBURG HEATH-MADISON UNIT L-810,FRYBURG
3457,,3300700058,OG,PA,7/2/2003,8135,NENW 7-139-100,SCOUT ENERGY MANAGEMENT LLC,FRYBURG HEATH-MADISON UNIT K-812,FRYBURG
6070,,3300700200,OG,PA,9/19/2017,8260,NWNE 7-139-100,SCOUT ENERGY MANAGEMENT LLC,FRYBURG HEATH-MADISON UNIT L-812,FRYBURG
2486,,3300700037,OG,PA,6/3/2006,8433,NWSE 8-139-100,SCOUT ENERGY MANAGEMENT LLC,FRYBURG HEATH-MADISON UNIT N-810,FRYBURG
3435,,3300700057,OG,PA,9/18/1987,8369,NWNW 8-139-100,SCOUT ENERGY MANAGEMENT LLC,FRYBURG HEATH-MADISON UNIT M-812,FRYBURG
6010,,3300700193,OG,PNC,11/26/1980,,SENW 8-139-100,AMERADA HESS CORPORATION,FRYBURG HEATH-MADISON UNIT M-811,FRYBURG
6051,,3300700197,OG,DRY,2/6/1977,9525,SENE 8-139-100,AMERADA HESS CORPORATION,FRYBURG HEATH-MADISON UNIT N-811,FRYBURG
6069,400291,3300700199,SWD,TA,10/16/2024,8350,NWSW 8-139-100,SCOUT ENERGY MANAGEMENT LLC,FRYBURG HEATH-MADISON UNIT M-809D,FRYBURG
291,,3300700001,OG,PA,2/24/1967,13325,NWNE 9-139-100,AMERADA HESS CORPORATION,FRYBURG HEATH-MADISON UNIT P-812,FRYBURG
518,,3300700004,OG,PA,2/26/1974,9495,SENW 9-139-100,AMERADA HESS CORPORATION,FRYBURG HEATH-MADISON UNIT O-811,FRYBURG
5343,406559,3300700157,OG,TA,9/24/2025,13219,CNE 9-139-100,SCOUT ENERGY MANAGEMENT LLC,FRYBURG HEATH-MADISON UNIT P-812XHR,FRYBURG
6067,,3300700198,OG,PNC,12/27/1977,,NESW 9-139-100,AMERADA HESS CORPORATION,FRYBURG HEATH-MADISON UNIT O-811X,FRYBURG
625,406520,3300700009,WI,A,5/30/2025,9515,SESW 9-139-100,SCOUT ENERGY MANAGEMENT LLC,FRYBURG HEATH-MADISON UNIT O-809,FRYBURG
658,,3300700010,OG,PA,5/13/1984,9387,SESE 9-139-100,AMERADA HESS CORPORATION,FRYBURG HEATH-MADISON UNIT P-809,FRYBURG
794,,3300700013,OG,PA,5/15/1974,9435,NWSE 9-139-100,AMERADA HESS CORPORATION,FRYBURG HEATH-MADISON UNIT P-810,FRYBURG
1587,,3300700022,OG,PA,5/10/2008,9398,NWSW 10-139-100,"HESS BAKKEN INVESTMENTS II, LLC",FRYBURG HEATH-MADISON UNIT Q-810XHR,FRYBURG
4306,,3300700126,OG,PA,5/14/2008,9472,NWNW 10-139-100,HESS CORPORATION,FRYBURG HEATH-MADISON UNIT Q-812,FRYBURG
448,,3300700003,OG,PA,5/21/1984,9403,NWSW 10-139-100,AMERADA HESS CORPORATION,FRYBURG SWD SYSTEM 1,FRYBURG
598,,3300700008,OG,PA,3/10/1974,9476,SENW 10-139-100,AMERADA HESS CORPORATION,FRYBURG HEATH-MADISON UNIT Q-811,FRYBURG
10857,,3300701004,OG,DRY,7/7/1985,9560,SESE 11-139-100,"SOUTHPORT EXPLORATION, INC.",DULETSKI ET AL 1-11,FRYBURG
27833,227833,3300701823,OG,A,2/3/2024,21137,SWSE 11-139-100,WHITING OIL AND GAS CORPORATION,DULETSKI FEDERAL 14-11PH,FRYBURG
27834,227833,3300701824,OG,A,7/4/2025,20378,SWSE 11-139-100,WHITING OIL AND GAS CORPORATION,DULETSKI FEDERAL  34-11PH,FRYBURG
27835,227833,3300701825,OG,A,7/4/2025,20489,SWSE 11-139-100,WHITING OIL AND GAS CORPORATION,DULETSKI FEDERAL  44-11PH,FRYBURG
23165,,3300701746,OG,PNC,1/22/2013,,SWSE 12-139-100,WHITING OIL AND GAS CORPORATION,DULETSKI 41-13PH,GAYLORD
25131,225132,3300701789,OG,A,8/30/2013,19280,SWSE 12-139-100,WHITING OIL AND GAS CORPORATION,JURGENS 34-12PH,FRYBURG
25132,225132,3300701790,OG,A,12/4/2025,19780,SWSE 12-139-100,WHITING OIL AND GAS CORPORATION,JURGENS 44-12PH,FRYBURG
25133,221259,3300701791,OG,A,8/30/2013,21075,SWSE 12-139-100,WHITING OIL AND GAS CORPORATION,JURGENS 41-13PH,GAYLORD
4229,,3300700122,OG,DRY,2/13/1967,8340,SENE 12-139-100,TENNECO OIL CO.,P. DULETSKI 1,WILDCAT
21259,221259,3300701689,OG,A,4/20/2012,20274,NENW 13-139-100,WHITING OIL AND GAS CORPORATION,DULETSKI 21-13TFH,GAYLORD
21975,221259,3300701713,OG,A,1/14/2022,19964,NENW 13-139-100,WHITING OIL AND GAS CORPORATION,DULETSKI 11-13PH,GAYLORD
27971,225132,3300701828,OG,A,2/23/2015,20486,NENW 13-139-100,WHITING OIL AND GAS CORPORATION,DULETSKI FEDERAL 14-12PH,FRYBURG
12315,112315,3300701139,OG,PA,10/28/2025,9485,SWNW 14-139-100,ABRAXAS PETROLEUM CORP.,FRANK 1-14,FRYBURG
558,,3300700007,OG,PA,8/11/2010,9377,NWNW 15-139-100,SCOUT ENERGY MANAGEMENT LLC,FRYBURG HEATH-MADISON UNIT Q-808,FRYBURG
738,,3300700011,OG,PA,10/15/2013,9356,NWSW 15-139-100,SCOUT ENERGY MANAGEMENT LLC,FRYBURG HEATH-MADISON UNIT Q-806,FRYBURG
13446,406559,3300701298,OG,A,4/4/2023,13255,SWSE 16-139-100,SCOUT ENERGY MANAGEMENT LLC,FRYBURG HEATH-MADISON UNIT P-805HR,FRYBURG
14629,,3300701378,OG,DRY,6/27/1997,8340,SENW 16-139-100,AMERADA HESS CORPORATION,FRYBURG HEATH-MADISON UNIT O-807,FRYBURG
739,,3300700012,OG,PA,5/21/2008,9347,SENE 16-139-100,HESS CORPORATION,FRYBURG HEATH-MADISON UNIT P-807,FRYBURG
795,406559,3300700014,OG,A,2/24/2017,9390,NWNE 16-139-100,SCOUT ENERGY MANAGEMENT LLC,FRYBURG HEATH-MADISON UNIT P-808,FRYBURG
12222,,3300701128,OG,PNC,10/5/1988,,SESW 17-139-100,AMERADA HESS CORPORATION,FRYBURG HEATH-MADISON UNIT M-805,FRYBURG
13752,,3300701348,OG,DRY,3/25/1995,8430,NENE 17-139-100,AMERADA HESS CORPORATION,FRYBURG HEATH-MADISON UNIT N-808,FRYBURG
2426,,3300700035,OG,PA,11/8/1977,8410,NWNW 17-139-100,AMERADA HESS CORPORATION,FRYBURG HEATH-MADISON UNIT M-808,FRYBURG
39996,239996,3300701939,OG,A,9/22/2023,14209,SESE 17-139-100,"RAGNAR EXPLORATION, LLC",REARDON 1-20H,FRYBURG
39997,239996,3300701940,OG,A,9/19/2023,14365,SESE 17-139-100,"RAGNAR EXPLORATION, LLC",FRANCISCO 2-20H,FRYBURG
4020,406520,3300700099,WI,TA,11/13/2024,9560,NESE 17-139-100,SCOUT ENERGY MANAGEMENT LLC,FRYBURG HEATH-MADISON UNIT N-806,FRYBURG
12178,400291,3300701120,OG,A,4/15/2019,13103,NWSE 18-139-100,SCOUT ENERGY MANAGEMENT LLC,FRYBURG HEATH-MADISON UNIT L-806HR,FRYBURG
12223,,3300701129,OG,PNC,10/5/1988,,NESW 18-139-100,AMERADA HESS CORPORATION,R. LOGAN 18-23,FRYBURG
13207,400291,3300701264,OG,A,4/4/2023,12710,SWSW 18-139-100,SCOUT ENERGY MANAGEMENT LLC,FRYBURG HEATH-MADISON UNIT K-806HR,FRYBURG
14277,406520,3300701374,WI,A,5/30/2025,8240,SWSW 18-139-100,SCOUT ENERGY MANAGEMENT LLC,FRYBURG HEATH-MADISON UNIT K-805I,FRYBURG
12001,,3300701101,OG,PA,11/7/2018,9535,SWNE 19-139-100,SCOUT ENERGY MANAGEMENT LLC,SFTU 7-19,FRYBURG
12054,412001,3300701107,OG,TA,11/13/2024,9482,SESW 19-139-100,SCOUT ENERGY MANAGEMENT LLC,SFTU 13-19,FRYBURG
12179,412001,3300701121,WI,PA,9/17/2020,9475,SESE 19-139-100,SCOUT ENERGY MANAGEMENT LLC,SFTU 16-19,FRYBURG
12181,412001,3300701123,OG,A,6/4/2025,9496,SWNW 19-139-100,SCOUT ENERGY MANAGEMENT LLC,SFTU 5-19,FRYBURG
12476,112476,3300701152,OG,PA,8/2/2023,9489,SESW 19-139-100,SCOUT ENERGY MANAGEMENT LLC,SOUTH FRYBURG 14-19T,FRYBURG
12180,,3300701122,OG,PNC,10/5/1988,,NENW 20-139-100,JERRY CHAMBERS EXPLORATION CO.,TRACY MOUNTAIN 3-20,FRYBURG
13144,,3300701251,OG,PNC,7/1/1993,,NWNE 20-139-100,WISER OIL CO.,STATE 1,FRYBURG
13557,,3300701326,OG,DRY,9/19/1993,9498,NENE 20-139-100,"AXEM RESOURCES, INC.",FRYBURG STATE 1-20,FRYBURG
3803,,3300700076,OG,DRY,3/17/1965,9470,NENW 22-139-100,QUINTANA PETROLEUM CORP.,BILL SYMINOW ETAL 1,FRYBURG
15302,,3300701485,OG,PA,2/7/2006,14530,NENE 24-139-100,WHITING OIL AND GAS CORPORATION,HANSON 41-24H,GAYLORD
90099,,3300790099,SWD,PNC,3/1/2004,,NENE 24-139-100,"WESTPORT OIL & GAS COMPANY, L.P.",HANSON 41-24 SWD,GAYLORD
16386,,3300701576,OG,PNC,9/18/2008,,SWSW 26-139-100,UPTON RESOURCES U.S.A. INC.,DAVIS CREEK 1-26H,WILDCAT
23575,,3300701753,OG,PNC,7/28/2014,,NENW 26-139-100,WHITING OIL AND GAS CORPORATION,ADAMS 21-26PH,NORWEGIAN CREEK
16450,116450,3300701589,OG,A,4/11/2007,13820,SWSW 27-139-100,"MEDORA MINERALS, LLC",DAVIS CREEK 1-27H,NORWEGIAN CREEK
5819,,3300700182,OG,PA,8/11/1992,9375,SWSW 27-139-100,"ARMADILLO OIL COMPANY, INC.",PATRIKUS 1,NORWEGIAN CREEK
6298,,3300700229,OG,DRY,10/5/1977,9400,SWNE 27-139-100,"ALPAR RESOURCES, INC.",LOGAN 1-27,NORWEGIAN CREEK
15125,,3300701455,OG,PNC,1/27/2005,,SWSE 28-139-100,UPTON RESOURCES U.S.A. INC.,DAVIS CREEK 2-28H,DAVIS CREEK
15126,115126,3300701456,OG,A,10/15/2001,14000,SWSW 28-139-100,"MEDORA MINERALS, LLC",DAVIS CREEK 1-28H,DAVIS CREEK
16616,,3300701608,OG,PNC,3/17/2010,,SWSE 28-139-100,UPTON RESOURCES U.S.A. INC.,DAVIS CREEK 2-28H,DAVIS CREEK
39182,139182,3300701927,OG,A,1/26/2023,14180,NWNW 28-139-100,"RAGNAR EXPLORATION, LLC",DANNESKJOLD 1-21H,FRYBURG
39184,139184,3300701929,OG,A,1/24/2023,14080,NENE 28-139-100,"RAGNAR EXPLORATION, LLC",GALT 1-22H,FRYBURG
41104,141104,3300701957,OG,A,10/30/2024,,NENE 28-139-100,"MEDORA MINERALS, LLC",DAVIS CREEK 2-28H,DAVIS CREEK
13546,,3300701323,OG,PNC,7/13/1994,,NENE 29-139-100,AMERADA HESS CORPORATION,TRACY MOUNTAIN FEDERAL 29-41,FRYBURG
15135,115135,3300701457,OG,A,9/25/2009,13320,NENW 29-139-100,SCOUT ENERGY MANAGEMENT LLC,FRYBURG FEDERAL 21-29,FRYBURG
15238,,3300701477,OG,PNC,7/22/2003,,SESW 29-139-100,"WESTPORT OIL & GAS COMPANY, L.P.",FRYBURG FEDERAL 24-29,FRYBURG
12139,,3300701116,OG,PA,12/7/2015,9388,SWNW 30-139-100,"DENBURY ONSHORE, LLC",SFTU 5-30,FRYBURG
13634,412001,3300701337,OG,PA,4/15/2020,9520,NWSE 30-139-100,SCOUT ENERGY MANAGEMENT LLC,SFTU 10-30,FRYBURG
15101,115101,3300701451,OG,A,8/17/2023,13400,NESW 30-139-100,SCOUT ENERGY MANAGEMENT LLC,SOUTH FRYBURG 23-30,FRYBURG
12457,,3300701151,OG,PNC,9/20/1989,,NESE 31-139-100,AMERADA HESS CORPORATION,FEDERAL 31-43,DAVIS CREEK
14997,114997,3300701423,OG,A,4/18/2001,13472,NENE 31-139-100,SCOUT ENERGY MANAGEMENT LLC,FRYBURG 31-1,FRYBURG
12430,112430,3300701148,OG,A,5/15/2018,9430,NWSE 32-139-100,SCOUT ENERGY MANAGEMENT LLC,STATE ET AL 32-33,DAVIS CREEK
15018,115018,3300701427,OG,TA,8/26/2024,13760,SESW 32-139-100,T2 OPERATING CORPORATION,DAVIS CREEK 1-5H,DAVIS CREEK
15087,115087,3300701445,OG,A,4/1/2001,13725,SWSW 32-139-100,"MEDORA MINERALS, LLC",DAVIS CREEK 1-32H,DAVIS CREEK
15120,115120,3300701454,OG,PA,9/6/2023,11501,NESE 32-139-100,"MEDORA MINERALS, LLC",DAVIS CREEK 2-32H,DAVIS CREEK
90098,,3300790098,SWD,A,1/15/2020,6380,NESE 32-139-100,"MEDORA MINERALS, LLC",DAVIS CREEK SWD 1,DAVIS CREEK
6709,,3300700288,OG,PA,3/27/1990,10816,SESW 34-139-100,BOB DENNIS,NORTH DAKOTA FEDERAL 34-14,NORWEGIAN CREEK
39183,139183,3300701928,OG,A,12/5/2023,14104,SESW 35-139-100,"RAGNAR EXPLORATION, LLC",DAGNY 1-2H,NORWEGIAN CREEK
41091,141091,3300701956,OG,A,11/9/2024,15820,SESE 35-139-100,"RAGNAR EXPLORATION, LLC",HALLEY 1-36H,GAYLORD
41154,,3300701958,,Confidential,,,SESW 35-139-100,"RAGNAR EXPLORATION, LLC",AKSTON 1-35H,NORWEGIAN CREEK
3146,406554,3300700052,OG,A,5/15/2019,8159,NWSW 1-139-101,SCOUT ENERGY MANAGEMENT LLC,FRYBURG HEATH-MADISON UNIT I-814,FRYBURG
3959,406520,3300700093,WI,A,5/30/2025,8320,NWNE 1-139-101,SCOUT ENERGY MANAGEMENT LLC,FRYBURG HEATH-MADISON UNIT J-815,FRYBURG
5590,406554,3300700171,OG,PA,4/29/2025,8680,NWNE 1-139-101,SCOUT ENERGY MANAGEMENT LLC,FRYBURG HEATH-MADISON UNIT J-817,FRYBURG
5869,406520,3300700186,SWD,A,5/30/2025,8283,NESE 1-139-101,SCOUT ENERGY MANAGEMENT LLC,FRYBURG HEATH-MADISON UNIT J-814D,FRYBURG
13767,400291,3300701351,OG,TA,11/25/2024,11481,NENW 2-139-101,SCOUT ENERGY MANAGEMENT LLC,FRYBURG HEATH-MADISON UNIT G-818H,FRYBURG
1678,,3300700024,OG,PA,5/1/1996,12233,SWSW 2-139-101,AMERADA HESS CORPORATION,FRYBURG HEATH-MADISON UNIT G-813,FRYBURG
1855,,3300700029,OG,PA,5/8/1984,9348,SWNW 2-139-101,AMERADA HESS CORPORATION,FRYBURG HEATH-MADISON UNIT G-815,FRYBURG
3619,,3300700063,OG,PA,11/30/1992,9451,NENE 2-139-101,AMERADA HESS CORPORATION,FRYBURG HEATH-MADISON UNIT H-816,FRYBURG
5432,,3300700160,OG,PA,3/23/1995,9515,NENW 2-139-101,AMERADA HESS CORPORATION,FRYBURG HEATH-MADISON UNIT G-816,FRYBURG
5436,406554,3300700162,OG,A,10/15/2018,12100,S2SE 2-139-101,SCOUT ENERGY MANAGEMENT LLC,FRYBURG HEATH-MADISON UNIT H-814HR,FRYBURG
2928,,3300700048,OG,DRY,7/3/1961,8410,NWNE 3-139-101,AMERADA HESS CORPORATION,SCORIA UNIT 6,FRYBURG
4325,406549,3300700128,OG,A,11/23/1967,9465,NWSE 3-139-101,SCOUT ENERGY MANAGEMENT LLC,FRYBURG HEATH-MADISON UNIT F-814,FRYBURG
6036,,3300700195,OG,PNC,11/19/1977,,NENE 3-139-101,AMERADA HESS CORPORATION,FRYBURG HEATH-MADISON UNIT F-816X,FRYBURG
11569,,3300701069,OG,PNC,12/20/1994,,SWNE 6-139-101,"AXEM RESOURCES, INC.",MARQUIS FEDERAL 7-6,MARQUIS
15694,,3300701512,OG,PNC,2/6/2009,,NWSW 7-139-101,HESS CORPORATION,MEDORA FEDERAL 7-13H,MEDORA
3885,406548,3300700080,OG,A,4/15/2019,9127,NESE 9-139-101,SCOUT ENERGY MANAGEMENT LLC,FRYBURG HEATH-MADISON UNIT D-810,FRYBURG
3957,406548,3300700092,OG,A,10/15/2018,9077,SESW 9-139-101,SCOUT ENERGY MANAGEMENT LLC,FRYBURG HEATH-MADISON UNIT C-809,FRYBURG
1508,406520,3300700020,WI,A,5/30/2025,9476,NENE 10-139-101,SCOUT ENERGY MANAGEMENT LLC,FRYBURG HEATH-MADISON UNIT F-812,FRYBURG
2725,406549,3300700040,OG,A,10/13/1960,9402,NWNW 10-139-101,SCOUT ENERGY MANAGEMENT LLC,FRYBURG HEATH-MADISON UNIT E-812,FRYBURG
3268,,3300700054,OG,PA,12/31/1987,13750,NESW 10-139-101,AMERADA HESS CORPORATION,FRYBURG HEATH-MADISON UNIT E-810,FRYBURG
5437,,3300700163,OG,PA,9/26/2017,9260,NESE 10-139-101,SCOUT ENERGY MANAGEMENT LLC,FRYBURG HEATH-MADISON UNIT F-810,FRYBURG
1741,406549,3300700026,OG,PA,6/28/2023,13292,NESW 11-139-101,SCOUT ENERGY MANAGEMENT LLC,FRYBURG HEATH-MADISON UNIT G-810HR2,FRYBURG
4320,406519,3300700127,OG,A,11/15/2018,9249,NWNE 11-139-101,SCOUT ENERGY MANAGEMENT LLC,FRYBURG HEATH-MADISON UNIT H-812,FRYBURG
5435,,3300700161,SWD,PA,9/9/2015,9234,C NW 11-139-101,SCOUT ENERGY MANAGEMENT LLC,FRYBURG HEATH-MADISON UNIT G-812,FRYBURG
3339,,3300700056,SWD,A,5/30/2025,8180,NWNE 12-139-101,SCOUT ENERGY MANAGEMENT LLC,FRYBURG HEATH-MADISON UNIT 2 SWDS,FRYBURG
3643,,3300700065,OG,PA,5/6/1987,9526,NWNW 12-139-101,AMERADA HESS CORPORATION,FRYBURG HEATH-MADISON UNIT I-812,FRYBURG
13453,406583,3300701301,OG,A,3/8/2007,12913,NWSE 13-139-101,SCOUT ENERGY MANAGEMENT LLC,FRYBURG HEATH-MADISON UNIT J-806HR,FRYBURG
13545,406583,3300701322,OG,A,9/15/2019,12690,NENW 13-139-101,SCOUT ENERGY MANAGEMENT LLC,FRYBURG-HEATH-MADISON UNIT I-808HR2,FRYBURG
13497,406519,3300701312,OG,A,3/4/2025,13098,SWSW 14-139-101,SCOUT ENERGY MANAGEMENT LLC,FRYBURG HEATH-MADISON UNIT G-805HR,FRYBURG
1789,406519,3300700028,OG,PA,4/30/2020,9461,NENW 14-139-101,SCOUT ENERGY MANAGEMENT LLC,FRYBURG HEATH-MADISON UNIT G-808,FRYBURG
13511,406519,3300701318,OG,A,8/15/2018,9292,SWSE 15-139-101,SCOUT ENERGY MANAGEMENT LLC,FRYBURG HEATH-MADISON UNIT F-805HR,FRYBURG
3475,,3300700059,OG,PA,2/19/1974,9166,NWNE 15-139-101,AMERADA HESS CORPORATION,USA MORTON MADISON-HEATH UNITS 1,FRYBURG
3951,406548,3300700091,OG,A,12/3/2022,9240,SWSW 15-139-101,SCOUT ENERGY MANAGEMENT LLC,FRYBURG HEATH-MADISON UNIT E-805,FRYBURG
4185,406519,3300700120,OG,A,2/15/2018,9171,NWNE 15-139-101,SCOUT ENERGY MANAGEMENT LLC,FRYBURG HEATH-MADISON UNIT F-808,FRYBURG
5340,406520,3300700154,WI,TA,11/13/2024,7935,NWNW 15-139-101,SCOUT ENERGY MANAGEMENT LLC,FRYBURG HEATH-MADISON UNIT E-808I,FRYBURG
10926,406548,3300701011,OG,TA,10/16/2024,9693,SWNW 16-139-101,SCOUT ENERGY MANAGEMENT LLC,FRYBURG HEATH-MADISON UNIT C-807HR,FRYBURG
3522,406548,3300700061,OG,A,2/15/2019,9186,E2NE 16-139-101,SCOUT ENERGY MANAGEMENT LLC,FRYBURG HEATH-MADISON UNIT D-808,FRYBURG
4046,406548,3300700107,OG,A,1/15/2018,9130,NESW 16-139-101,SCOUT ENERGY MANAGEMENT LLC,FRYBURG HEATH-MADISON UNIT C-806,FRYBURG
14242,,3300701373,OG,DRY,7/27/1996,9288,NWNE 17-139-101,AMERADA HESS CORPORATION,FRYBURG HEATH-MADISON UNIT A-808,FRYBURG
4090,406548,3300700116,OG,A,10/15/2018,9115,NESE 17-139-101,SCOUT ENERGY MANAGEMENT LLC,FRYBURG HEATH-MADISON UNIT B-806,FRYBURG
4121,406548,3300700118,OG,A,10/15/2018,9152,NESW 17-139-101,SCOUT ENERGY MANAGEMENT LLC,FRYBURG HEATH-MADISON UNIT A-806,FRYBURG
3632,,3300700064,OG,DRY,4/1/1968,9275,NWNW 18-139-101,CALVERT DRILLING & PRODUCING CO.,U.S.A. 1,MEDORA
13571,113571,3300701328,OG,A,11/15/2017,11790,NENW 19-139-101,SCOUT ENERGY MANAGEMENT LLC,FEDERAL 19-21 HR,MEDORA
13572,,3300701329,OG,PNC,3/25/1994,,NWSE 19-139-101,AMERADA HESS CORPORATION,FEDERAL 19-33,MEDORA
13711,113711,3300701346,OG,A,8/15/2018,11182,NESE 19-139-101,SCOUT ENERGY MANAGEMENT LLC,FEDERAL 19-43H,MEDORA
4009,406548,3300700096,OG,A,4/15/2019,9154,NENE 20-139-101,SCOUT ENERGY MANAGEMENT LLC,FRYBURG HEATH-MADISON UNIT B-804,FRYBURG
4060,,3300700110,OG,PNC,3/22/1967,,NENW 20-139-101,AMERADA HESS CORPORATION,USA ANDERSON 1,FRYBURG
5341,406548,3300700155,OG,A,6/15/2019,9175,N2N2 20-139-101,SCOUT ENERGY MANAGEMENT LLC,FRYBURG HEATH-MADISON UNIT A-804,FRYBURG
3927,,3300700085,OG,PA,8/20/2010,12146,NWNE 21-139-101,SCOUT ENERGY MANAGEMENT LLC,FRYBURG HEATH-MADISON UNIT D-804,FRYBURG
4055,,3300700108,WI,PA,5/30/2008,9380,NWSW 21-139-101,SCOUT ENERGY MANAGEMENT LLC,FRYBURG HEATH-MADISON UNIT C-802,FRYBURG
13496,,3300701311,OG,PNC,9/27/2005,,NENE 22-139-101,"WESTPORT OIL & GAS COMPANY, L.P.",SFTU 31-22,FRYBURG
14712,412001,3300701385,OG,PA,1/23/2023,9284,SWSE 22-139-101,SCOUT ENERGY MANAGEMENT LLC,SFTU 40-22,FRYBURG
4067,,3300700112,OG,PA,1/28/1978,9224,SWNW 22-139-101,AMERADA HESS CORPORATION,FRYBURG HEATH-MADISON UNIT E-803,FRYBURG
13215,412001,3300701265,OG,TA,3/5/2025,9344,NESE 23-139-101,SCOUT ENERGY MANAGEMENT LLC,SFTU 9-23,FRYBURG
13337,412001,3300701283,WI,A,7/4/2025,9400,SESW 23-139-101,SCOUT ENERGY MANAGEMENT LLC,SFTU 14-23,FRYBURG
13515,412001,3300701319,WI,TA,3/3/2025,9310,NWNE 23-139-101,SCOUT ENERGY MANAGEMENT LLC,SFTU 2-23,FRYBURG
14951,412001,3300701415,OG,A,7/3/2024,8150,NWSW 23-139-101,SCOUT ENERGY MANAGEMENT LLC,SFTU 13-23,FRYBURG
13186,412001,3300701259,OG,A,12/23/2020,9228,SESW 24-139-101,SCOUT ENERGY MANAGEMENT LLC,SFTU 14-24,FRYBURG
13347,412001,3300701285,OG,TA,11/13/2024,9350,NWNE 24-139-101,SCOUT ENERGY MANAGEMENT LLC,SFTU 2-24,FRYBURG
14693,412001,3300701382,OG,PA,9/23/2020,9255,NWNW 24-139-101,SCOUT ENERGY MANAGEMENT LLC,SFTU 11-24,FRYBURG
12693,412001,3300701177,WS,A,3/6/1995,9195,NWSE 25-139-101,SCOUT ENERGY MANAGEMENT LLC,SFTU 10-25 WSW,FRYBURG
12943,412001,3300701227,SWD,,,,,,,
4640,,3300300004,OG,DRY,5/15/1969,1943,SESW 9-140-59,J. M. JOHNSTON,ALLAN E. VIG 1,WILDCAT
406,,3309300006,OG,DRY,10/4/1953,3316,NENE 20-140-65,H. HANSON OIL SYNDICATE,M. M. MUELLER 2,WILDCAT
370,,3309300005,OG,DRY,9/6/1953,3293,NWNW 21-140-65,H. HANSON OIL SYNDICATE,REG OGILVIE 1,WILDCAT
671,,3309300012,OG,DRY,9/23/1954,3989,NWSW 12-140-67,CALVERT EXPLORATION CO.,GEORGE GANSER 1,WILDCAT
8,,3304300002,OG,DRY,1/15/1930,3884,SWSW 2-140-73,PRAIRIE OIL & GAS,ARMSTRONG 1,WILDCAT
155,,3301500004,OG,DRY,10/31/1952,6155,NENE 9-140-75,CONTINENTAL OIL CO.,DRONEN 1,WILDCAT
6927,,3301500040,OG,DRY,4/9/1979,4025,SESW 1-140-76,TOM F. MARSH,BERGER 1,WILDCAT
6254,,3301500029,OG,DRY,9/2/1978,4022,NWSW 10-140-76,TOM F. MARSH,CLARK 1,WILDCAT
6911,,3301500039,OG,DRY,3/28/1979,4008,NWNE 11-140-76,TOM F. MARSH,SEIBEL 1,WILDCAT
6948,,3301500041,OG,DRY,4/28/1979,4000,NWSW 12-140-76,TOM F. MARSH,ALEX SEIBEL 1,WILDCAT
6902,,3301500038,OG,DRY,3/15/1979,3952,SESE 13-140-76,TOM F. MARSH,JUNGROTH 1,WILDCAT
4201,,3301500016,OG,DRY,12/11/1966,3900,NWNE 36-140-76,"CHEVRON USA, INC.",NORTH DAKOTA STATE 140-76-36 1,WILDCAT
174,,3301500005,OG,DRY,12/8/1952,6864,NWNW 3-140-77,CONTINENTAL OIL CO.,DUENELAND 1,WILDCAT
19,,3301500001,OG,DRY,10/15/1949,6957,SWSW 6-140-77,"CONTINENTAL-PURE, DAVIDSON",STRATIGRAPHIC TEST 1,WILDCAT
1409,,3301500014,OG,DRY,4/20/1957,6595,NWSE 11-140-77,"LEACH OIL CORP. & CALVERT DRILLING, INC.",PATTERSON LAND CO. 1,WILDCAT
772,,3301500011,OG,DRY,1/13/1955,7230,NWNW 23-140-79,CAROLINE HUNT TRUST ESTATE,PAUL RYBERG 1,WILDCAT
4593,,3301500025,OG,DRY,11/27/1968,3001,SESW 7-140-80,"E. C. JOHNSTON, INC.",ROBERT SCHONERT 2,WILDCAT
4582,,3301500023,OG,DRY,11/7/1968,3061,NWSW 17-140-80,"E. C. JOHNSTON, INC.",ROY ANDAHL 1,WILDCAT
151,,3301500003,OG,DRY,11/16/1952,8115,SWSW 18-140-80,HUNT OIL COMPANY,EMMA KLEVEN 1,WILDCAT
4592,,3301500024,OG,DRY,11/24/1968,4604,SWSW 18-140-80,"E. C. JOHNSTON, INC.",KLEVEN 1-A,WILDCAT
4685,,3301500027,OG,DRY,7/30/1969,7730,SWSW 19-140-80,"E. C. JOHNSTON, INC.",L. EDWARDS 1,WILDCAT
99097,,3301599097,ST,DRY,3/20/1969,1001,SESE 19-140-80,"E. C. JOHNSTON, JR.",CORE HOLE 5,WILDCAT
99098,,3301599098,ST,DRY,3/20/1969,1001,SWSW 29-140-80,"E. C. JOHNSTON, JR.",CORE HOLE 6,WILDCAT
4581,,3301500022,OG,DRY,11/13/1968,3092,NWNE 12-140-81,"E. C. JOHNSTON, INC.",ROBERT SCHONERT 1,WILDCAT
99093,,3301599093,ST,DRY,12/24/1968,1105,SWSE 13-140-81,"E. C. JOHNSTON, JR.",CORE HOLE 1,WILDCAT
99094,,3301599094,ST,DRY,3/20/1969,1001,SESE 24-140-81,"E. C. JOHNSTON, JR.",CORE HOLE 2,WILDCAT
99095,,3301599095,ST,DRY,3/20/1969,1003,SWSW 24-140-81,"E. C. JOHNSTON, JR.",CORE HOLE 3,WILDCAT
99096,,3301599096,ST,DRY,3/20/1969,1005,NWSE 24-140-81,"E. C. JOHNSTON, JR.",CORE HOLE 4,WILDCAT
8553,,3305900034,OG,DRY,5/29/1981,8922,SENW 17-140-82,SHELL OIL CO.,VOGEL 22-17,WILDCAT
5017,,3305900015,OG,DRY,1/23/1971,5963,NWSW 36-140-86,CALVERT DRILLING & ANMAR OIL & GAS CORP.,STATE 1,WILDCAT
7340,,3305900026,OG,DRY,2/6/1980,11402,NWSE 26-140-88,AMOCO PRODUCTION CO.,RICHTER 1,WILDCAT
7818,,3305900030,OG,DRY,7/17/1980,9320,NESE 5-140-89,AMOCO PRODUCTION CO.,WEHRI 1,WILDCAT
115,,3305900003,OG,DRY,9/11/1952,4155,NESW 5-140-90,HEBRON BRICK CO.,HEBRON BRICK 1,WILDCAT
21235,,3308900650,OG,PA,12/22/2016,12381,SWSW 4-140-93,"BTA OIL PRODUCERS, LLC",SHARON  #1,NORTH TAYLOR
3515,,3308900016,OG,DRY,4/15/1964,11748,NWNW 9-140-93,CONTINENTAL OIL CO.,CHRIST STOXEN 1,WILDCAT
5415,,3308900147,OG,DRY,5/15/1974,8780,NWNW 11-140-93,INEXCO OIL CO.,ANNA HOFF 1,WILDCAT
13676,,3308900412,OG,DRY,8/5/1994,9700,SWSE 3-140-94,TRUE OIL CO.,SCHMIDT 34-3,WILDCAT
14143,,3308900476,OG,DRY,3/24/1996,9900,NESW 8-140-94,TRUE OIL CO.,HAICH 23-8,WILDCAT
20061,,3308900622,OG,DRY,11/27/2013,9615,SESW 13-140-94,"OIL FOR AMERICA EXPLORATION, LLC",DOHRMANN  13-1,WILDCAT
20195,,3308900626,OG,DRY,11/24/2013,9680,NENE 14-140-94,"OIL FOR AMERICA EXPLORATION, LLC",DOHRMANN 14-1,WILDCAT
4513,,3308900065,OG,DRY,9/9/1968,5475,NENE 14-140-94,SUN EXPLORATION & PRODUCTION CO.,W. DOHRMANN 1,WILDCAT
9475,,3308900274,OG,DRY,4/29/1982,12600,NWNE 24-140-94,FLARE ENERGY CORP.,HAUGEN 2X-24,WILDCAT
13471,,3308900398,OG,DRY,4/29/1993,11875,NESW 26-140-94,TRUE OIL CO.,DOHRMANN 23-26,WILDCAT
6691,,3308900219,OG,DRY,10/20/1978,8935,NESE 27-140-94,ENERGETICS OPERATING CO.,DOHRMAN 43-27,WILDCAT
1935,,3308900012,OG,DRY,10/5/1958,11080,SENE 29-140-94,SINCLAIR OIL & GAS COMPANY,JOSEPH MUECKE 1,WILDCAT
13851,,3308900459,OG,PA,7/12/2006,12015,SWNE 34-140-94,TRUE OIL LLC,TORMASCHY 32-34,GLADSTONE
14600,,3308900530,OG,DRY,3/3/1997,10250,NWNW 2-140-95,"DUNCAN OIL, INC.",A. H. KADRMAS 1,WILDCAT
7247,,3308900236,OG,DRY,12/25/1979,12575,NESW 5-140-95,HUNT ENERGY CORP.,BARTA 1,WILDCAT
23771,123771,3308900739,OG,A,4/4/2023,20868,SESW 7-140-95,MORNINGSTAR OPERATING LLC,RC-SVIHL 140-95-0706H-1,DAVIS BUTTES
12330,,3308900384,OG,DRY,4/10/1988,7832,SENW 9-140-95,"SMOKEY OIL COMPANY, INC.",BINSTOCK 22-9,WILDCAT
4895,,3308900098,OG,DRY,2/26/1970,7865,NENE 9-140-95,PAN AMERICAN PETROLEUM CORP.,PERPETUA BINSTOCK 1,WILDCAT
5282,,3308900135,OG,DRY,3/31/1973,7915,NWNW 12-140-95,"RAINBOW RESOURCES, INC.",MATH A. REBEL 1-12,WILDCAT
5361,,3308900139,OG,DRY,11/21/1973,8895,SWNE 13-140-95,LAMAR HUNT,JOHN ZWICK 1,WILDCAT
5265,,3308900134,OG,DRY,3/13/1973,7878,SENE 17-140-95,"RAINBOW RESOURCES, INC.",C. AND V. PIRKL 1-17,WILDCAT
12343,,3308900387,OG,DRY,2/23/1988,7915,SENE 18-140-95,TRUE OIL CO.,PIRKL 42-18,DAVIS BUTTES
10732,,3308900328,OG,DRY,4/29/1984,8010,SWSW 19-140-95,BHP PETROLEUM (AMERICAS) INC.,RAY R. JILEK 13-19,WILDCAT
16947,,3308900578,OG,DRY,1/31/2008,10100,NENW 22-140-95,"PLAYA OIL & GAS, LP",PELTON 21-22,WILDCAT
5137,,3308900124,OG,DRY,12/12/1971,7888,NENE 22-140-95,CONTINENTAL OIL CO.,PELTON 1,WILDCAT
5477,,3308900164,OG,DRY,8/27/1974,7786,SESE 23-140-95,LAMAR HUNT,EUGENE PELTON 1,WILDCAT
13678,,3308900414,OG,DRY,8/22/1994,9980,NENW 25-140-95,"ARMSTRONG OPERATING, INC.",SABO 25-1,WILDCAT
7588,,3308900239,OG,DRY,4/16/1980,8850,SENW 25-140-95,SUPRON ENERGY CORP.,E. D. CULVER 1,WILDCAT
6177,,3308900205,OG,DRY,9/15/1977,7800,NWSE 27-140-95,TIGER OIL COMPANY,ANNA BERGER 33-27,WILDCAT
13677,,3308900413,OG,DRY,8/9/1994,10160,NESW 29-140-95,"DUNCAN OIL, INC.",JILEK 1,DAVIS BUTTES
24025,,3308900748,OG,PNC,9/27/2013,,NENW 29-140-95,"HESS BAKKEN INVESTMENTS II, LLC",RC-LONNA-140-95- 2932H-1,DAVIS BUTTES
5472,,3308900161,OG,DRY,8/31/1974,7920,SENW 29-140-95,TIGER OIL COMPANY,JILEK-SCHANK 22-29,DAVIS BUTTES
11637,,3308900359,OG,PA,10/11/2017,7937,SWSW 30-140-95,MUREX PETROLEUM CORPORATION,DECKER 2-30,DAVIS BUTTES
11764,,3308900364,OG,PA,3/5/1988,7934,SENW 30-140-95,"WESTBURNE EXPLORATION, INC.",DECKER A 1-30,DAVIS BUTTES
11833,,3308900366,WI,PA,10/17/2017,7910,NWSE 30-140-95,MUREX PETROLEUM CORPORATION,DECKER B 1-30,DAVIS BUTTES
11298,,3308900349,OG,PA,9/20/2017,7925,NENW 31-140-95,MUREX PETROLEUM CORPORATION,DECKER 1-31,DAVIS BUTTES
4587,,3308900069,OG,DRY,1/1/1969,7930,SWNW 31-140-95,TOM JORDAN,C. D. DECKER 1,DAVIS BUTTES
5488,,3308900166,OG,DRY,9/14/1974,7865,NWSE 31-140-95,LAMAR HUNT,C. D. DECKER 1,WILDCAT
4840,,3308900091,OG,DRY,2/5/1970,7690,NESE 35-140-95,PAN AMERICAN PETROLEUM CORP.,JOHN J. WANNER 1,WILDCAT
8342,,3308900249,OG,DRY,6/17/1993,12996,NWNW 36-140-95,"BMG, INC.",LAWRENCE 1,WILDCAT
5820,,3308900200,OG,DRY,1/27/1976,7920,SWSW 1-140-96,"SHAKESPEARE OIL COMPANY, INC.",MARY REBENSDORF 1,DICKINSON
5461,,3308900158,OG,DRY,7/19/1974,8142,SENW 5-140-96,BOMAC EXPLORATION CO.,ALBERT A. FICEK 1,DICKINSON
11320,,3308900350,OG,DRY,1/2/1985,8060,SESE 6-140-96,NANCE PETROLEUM CORPORATION,KUPPER 16-6,WILDCAT
23185,,3308900709,OG,PNC,3/17/2015,,SESW 7-140-96,FIDELITY EXPLORATION & PRODUCTION COMPANY,EHRMANTRAUT 7-6H,DICKINSON
24617,124617,3308900755,OG,A,5/21/2013,21470,SESE 8-140-96,WHITING OIL AND GAS CORPORATION,MISCHEL 34-8PH,DICKINSON
5504,,3308900172,OG,DRY,1/18/1975,7956,SESE 10-140-96,PATRICK PETROLEUM CO.,DVORAK-FLB 1,DICKINSON
5153,,3308900128,OG,DRY,6/30/1972,7907,SWSE 11-140-96,CARDINAL PETROLEUM CO.,PAVLICEK - WOLFE 15-11,DICKINSON
5291,,3308900136,OG,PA,10/23/1987,7920,SESW 11-140-96,CONOCO INC.,DICKINSON-HEATH-SAND UNIT 61,DICKINSON
5387,,3308900143,OG,DRY,3/10/1974,7930,S2NW 11-140-96,PHILLIPS PETROLEUM COMPANY,KESTING-STATE 1,DICKINSON
10594,,3308900315,OG,PNC,1/25/1985,,SWSE 13-140-96,ENSTAR CORP.,RIDL 15-13,DICKINSON
14243,,3308900487,OG,DRY,5/22/1996,10300,NWSE 13-140-96,BURLINGTON RESOURCES OIL & GAS COMPANY,BISHOP 33-13,DICKINSON
7995,107995,3308900241,OG,A,9/15/2018,7899,SWSW 13-140-96,"WHITE ROCK OIL & GAS, LLC",BEATRICE RIDL 13-13,DICKINSON
4906,,3308900101,OG,PA,7/30/1998,8040,SWNW 14-140-96,CONOCOPHILLIPS COMPANY,DICKINSON-HEATH-SAND UNIT 01,DICKINSON
4911,,3308900103,OG,DRY,5/14/1970,7950,SWSE 14-140-96,CONTINENTAL OIL CO.,WOLFE-FLB 1,DICKINSON
5111,,3308900122,OG,DRY,10/16/1971,7996,CNE 14-140-96,CONTINENTAL OIL CO.,WOLFE-FLB 2,DICKINSON
5526,,3308900175,OG,DRY,12/17/1974,7975,SESW 14-140-96,CONTINENTAL OIL CO.,DICKINSON-HEATH-SAND UNIT 49,DICKINSON
4905,,3308900100,OG,PA,7/2/2003,8000,SWSE 15-140-96,CLINE PRODUCTION COMPANY,DICKINSON-HEATH-SAND UNIT 02,DICKINSON
4944,,3308900106,OG,DRY,8/6/1971,7973,SWNW 15-140-96,CARDINAL PETROLEUM CO.,KADRMAS ET AL 5-15,DICKINSON
5110,,3308900121,OG,DRY,9/29/1971,8000,CSW 15-140-96,CARDINAL PETROLEUM CO.,KRALICEK - KADRMAS 15X,DICKINSON
4690,,3308900074,WI,PA,8/1/2002,8033,SWNW 16-140-96,C12 ENERGY: NORTH DAKOTA LLC,DICKINSON-HEATH-SAND UNIT 47,DICKINSON
4718,,3308900079,OG,DRY,8/2/1969,8062,SWSE 16-140-96,"NORTH AMERICAN ROYALTIES, INC.",AMOS FREED 1,DICKINSON
5041,,3308900117,WI,PA,7/11/2003,8043,SWSE 17-140-96,CLINE PRODUCTION COMPANY,DICKINSON-HEATH-SAND UNIT 03,DICKINSON
5763,,3308900197,OG,DRY,11/29/1975,8056,SWSE 18-140-96,CONTINENTAL OIL CO.,MILLER-RAMBOUSEK ET AL 1,DICKINSON
10651,407025,3308900318,OG,A,11/1/2024,8108,SWNE 19-140-96,SCOUT ENERGY MANAGEMENT LLC,DICKINSON-HEATH-SAND UNIT 66,DICKINSON
13835,,3308900455,OG,DRY,11/22/1995,10325,NENE 19-140-96,CONOCO INC.,RIDL 19 1,DICKINSON
4265,,3308900040,OG,PNC,5/5/1968,,SWSW 19-140-96,THE SUPERIOR OIL CO.,ZAHRADNIK 2,DICKINSON
4300,,3308900050,OG,PA,5/25/1995,8085,SWSE 19-140-96,CONOCOPHILLIPS COMPANY,DICKINSON-HEATH-SAND UNIT 11,DICKINSON
12342,401646,3308900386,WI,PA,4/29/2022,8130,SWNE 20-140-96,SCOUT ENERGY MANAGEMENT LLC,DICKINSON-HEATH-SAND UNIT 73,DICKINSON
4326,407025,3308900055,OG,PA,10/17/2024,8020,SWSE 20-140-96,SCOUT ENERGY MANAGEMENT LLC,DICKINSON-HEATH-SAND UNIT 10,DICKINSON
4762,407025,3308900082,OG,PA,4/22/2022,8119,SWNW 20-140-96,SCOUT ENERGY MANAGEMENT LLC,DICKINSON-HEATH-SAND UNIT 04,DICKINSON
11971,401646,3308900373,WI,IA,9/17/2025,8200,SWNW 21-140-96,SCOUT ENERGY MANAGEMENT LLC,DICKINSON-HEATH-SAND UNIT 70,DICKINSON
4381,401646,3308900062,WI,IA,9/17/2025,8125,SWSE 21-140-96,SCOUT ENERGY MANAGEMENT LLC,DICKINSON-HEATH-SAND UNIT 09,DICKINSON
4672,,3308900073,OG,PA,3/19/1986,8175,SWNW 21-140-96,CONOCO INC.,DICKINSON-HEATH-SAND UNIT 05,DICKINSON
5525,,3308900174,OG,PA,6/21/2004,8040,NWNE 21-140-96,CLINE PRODUCTION COMPANY,DICKINSON-HEATH-SAND UNIT 50,DICKINSON
5606,407025,3308900182,OG,A,11/1/2024,7980,SWSW 21-140-96,SCOUT ENERGY MANAGEMENT LLC,DICKINSON-HEATH-SAND UNIT 53,DICKINSON
4831,407025,3308900090,OG,IA,11/18/2025,8038,SWNW 22-140-96,SCOUT ENERGY MANAGEMENT LLC,DICKINSON-HEATH-SAND UNIT 06,DICKINSON
4908,,3308900102,OG,DRY,4/26/1970,7930,SWSE 22-140-96,CONTINENTAL OIL CO.,PRIBYL-HEWSON 1,DICKINSON
4919,401646,3308900104,WI,PA,8/3/2021,7960,NWSE 22-140-96,SCOUT ENERGY MANAGEMENT LLC,DICKINSON-HEATH-SAND UNIT 08,DICKINSON
7077,,3308900230,OG,PA,2/21/2000,8036,NWNW 22-140-96,CONOCOPHILLIPS COMPANY,DICKINSON-HEATH-SAND UNIT 63,DICKINSON
11952,,3308900371,OG,DRY,3/26/1986,8000,NENE 23-140-96,CONOCO INC.,DICKINSON-HEATH-SAND UNIT 69,DICKINSON
14620,,3308900535,OG,DRY,4/24/1997,11167,NWSW 23-140-96,CONOCO INC.,FICEK 26 1,DICKINSON
14628,,3308900536,OG,PNC,6/15/1998,,NESW 23-140-96,CONOCO INC.,JILEK 23 1,DICKINSON
4341,,3308900059,OG,DRY,10/24/1967,7975,SWSE 23-140-96,CONTINENTAL OIL CO.,JILEK-RIDL 1,DICKINSON
4902,,3308900099,OG,PA,5/15/1995,8000,SWNW 23-140-96,CONOCO INC.,DICKINSON-HEATH-SAND UNIT 07,DICKINSON
8540,,3308900250,OG,DRY,6/2/1981,7940,SWNW 24-140-96,MCALESTER FUEL CO.,RIDL 24-5,DICKINSON
4324,,3308900054,OG,DRY,10/1/1967,9071,SWNW 25-140-96,CONTINENTAL OIL CO.,M. SERVIS 1,DICKINSON
11529,,3308900355,OG,DRY,6/17/1985,7950,SWNE 26-140-96,NANCE PETROLEUM CORPORATION,STEFFAN 7-26,DAVIS BUTTES
13692,113692,3308900415,OG,A,5/22/2020,7950,NWSE 27-140-96,SCOUT ENERGY MANAGEMENT LLC,9403 JV-P RASHKO 1,DICKINSON
14607,,3308900531,OG,PNC,8/6/1997,,NWSE 27-140-96,TRANSTEXAS GAS CORPORATION,BRATTEN 1-34,DICKINSON
4437,407025,3308900063,OG,PA,9/19/2023,7956,SWNW 27-140-96,SCOUT ENERGY MANAGEMENT LLC,DICKINSON-HEATH-SAND UNIT 18,DICKINSON
12332,407025,3308900385,OG,PA,7/17/2024,8051,SWNE 28-140-96,SCOUT ENERGY MANAGEMENT LLC,DICKINSON-HEATH-SAND UNIT 72,DICKINSON
3800,,3308900019,OG,PA,2/7/1996,7960,SWSW 28-140-96,CONOCOPHILLIPS COMPANY,DICKINSON-HEATH-SAND UNIT 19,DICKINSON
4345,407025,3308900060,OG,A,11/1/2024,7970,SWNW 28-140-96,SCOUT ENERGY MANAGEMENT LLC,DICKINSON-HEATH-SAND UNIT 17,DICKINSON
13559,,3308900405,OG,PNC,8/23/1994,,SWSW 29-140-96,CONOCO INC.,ADDINGTON 80,DICKINSON
3700,407025,3308900017,OG,PA,8/17/2024,9030,SWSE 29-140-96,SCOUT ENERGY MANAGEMENT LLC,DICKINSON-HEATH-SAND UNIT 20,DICKINSON
4266,407031,3308900041,WI,PA,3/5/2020,8050,SWSW 29-140-96,SCOUT ENERGY MANAGEMENT LLC,DICKINSON-HEATH-SAND UNIT 21,DICKINSON
4284,,3308900044,WI,PA,2/23/2006,8029,SWNW 29-140-96,C12 ENERGY: NORTH DAKOTA LLC,DICKINSON-HEATH-SAND UNIT 16,DICKINSON
5600,,3308900181,WI,PA,1/6/2005,7950,SWNE 29-140-96,CLINE PRODUCTION COMPANY,DICKINSON-HEATH-SAND UNIT 52,DICKINSON
13558,,3308900404,OG,PNC,8/23/1994,,NWSE 30-140-96,CONOCO INC.,RIDL 81,DICKINSON
4202,,3308900028,OG,PA,5/8/1995,8057,SWSE 30-140-96,CONOCO INC.,DICKINSON-HEATH-SAND UNIT 22,DICKINSON
4243,,3308900035,OG,PA,8/19/1983,8150,SWNW 30-140-96,CONOCO INC.,DICKINSON-HEATH-SAND UNIT 14,DICKINSON
4299,,3308900049,OG,PA,8/6/2002,8018,SWNE 30-140-96,CLINE PRODUCTION COMPANY,DICKINSON-HEATH-SAND UNIT 15,DICKINSON
4307,,3308900051,SWD,PA,11/14/2024,7985,SWSW 30-140-96,SCOUT ENERGY MANAGEMENT LLC,DICKINSON-HEATH-SAND UNIT 23,DICKINSON
13514,413447,3308900400,OG,A,9/2/1993,10150,NWSE 31-140-96,SCOUT ENERGY MANAGEMENT LLC,DICKINSON-LODGEPOLE UNIT 75,DICKINSON
13554,413447,3308900403,WI,A,5/30/2025,10270,NWNE 31-140-96,SCOUT ENERGY MANAGEMENT LLC,DICKINSON-LODGEPOLE UNIT 79,DICKINSON
1646,,3308900011,OG,PA,8/12/1999,8970,NESE 31-140-96,CONOCOPHILLIPS COMPANY,DICKINSON-HEATH-SAND UNIT 37,DICKINSON
4225,,3308900031,OG,PA,6/5/1997,8020,SWNW 31-140-96,CONOCO INC.,DICKINSON-HEATH-SAND UNIT 31,DICKINSON
4267,,3308900042,OG,PNC,5/5/1968,,SWSW 31-140-96,THE SUPERIOR OIL CO.,KADRMAS 2,DICKINSON
4332,407025,3308900057,OG,A,2/5/2025,7925,SWNE 31-140-96,SCOUT ENERGY MANAGEMENT LLC,DICKINSON-HEATH-SAND UNIT 32,DICKINSON
13447,413447,3308900397,OG,A,2/3/1993,12855,SWNW 32-140-96,SCOUT ENERGY MANAGEMENT LLC,DICKINSON-LODGEPOLE UNIT 74,DICKINSON
13513,,3308900399,OG,DRY,10/19/1993,10130,SWNE 32-140-96,CONOCO INC.,FILIPI 76,DICKINSON
1466,,3308900007,OG,PA,4/1/1980,9100,SWNW 32-140-96,CONOCO INC.,DICKINSON-HEATH-SAND UNIT 33,DICKINSON
3825,,3308900021,OG,PNC,3/5/1966,,SWNE 32-140-96,CONTINENTAL OIL CO.,A. FILIPI 2,DICKINSON
4217,,3308900029,OG,PA,9/2/1986,8030,SWNE 32-140-96,CONOCO INC.,DICKINSON-HEATH-SAND UNIT 34,DICKINSON
4288,,3308900046,OG,PA,9/10/1986,8009,SWSE 32-140-96,CONOCO INC.,DICKINSON-HEATH-SAND UNIT 36,DICKINSON
7078,,3308900231,WS,PA,9/18/2024,8000,SWNW 32-140-96,SCOUT ENERGY MANAGEMENT LLC,DICKINSON-LODGEPOLE UNIT WSW 62,DICKINSON
14323,414307,3308900494,DF,A,5/30/2025,10666,SWNW 33-140-96,SCOUT ENERGY MANAGEMENT LLC,KOSTELECKY 33 1,STADIUM
14597,,3308900527,OG,DRY,4/12/1997,11333,SWNW 33-140-96,CONOCO INC.,KOSTELECKY 33 2,DICKINSON
3809,,3308900020,WI,PA,5/16/2012,7990,SWNW 33-140-96,CLINE PRODUCTION COMPANY,DICKINSON-HEATH-SAND UNIT 35,DICKINSON
14719,,3308900543,OG,PNC,10/21/1999,,NWSW 35-140-96,TRANSTEXAS GAS CORPORATION,SHINAGLE 2-34,STADIUM
14720,,3308900544,OG,PNC,10/21/1999,,NWSW 35-140-96,TRANSTEXAS GAS CORPORATION,SHINAGLE 2-3,STADIUM
14721,,3308900545,OG,PNC,10/21/1999,,NWSW 35-140-96,TRANSTEXAS GAS CORPORATION,SHINAGLE 3-2,STADIUM
8272,,3308900247,OG,DRY,3/28/1981,7950,NENE 35-140-96,WHITESTONE CORP.,MCALESTER STATE 1-35,WILDCAT
11154,,3308900346,OG,DRY,10/31/1984,9030,SENW 36-140-96,NANCE PETROLEUM CORPORATION,HEWSON 6-36,WILDCAT
7212,,3308900233,OG,DRY,12/21/1979,9035,SENE 36-140-96,ANADARKO PRODUCTION CO.,DECKER A 1,DAVIS BUTTES
22959,122959,3308900703,OG,A,4/15/2017,15159,SWSW 2-140-97,MORNINGSTAR OPERATING LLC,SCHWARTZ 14-2H,DUTCH HENRY BUTTE
13626,,3308900411,OG,DRY,12/24/1993,10475,SENW 3-140-97,TRUE OIL CO.,MERIDIAN 22-3,WILDCAT
15609,115609,3308900569,OG,A,3/3/2023,17044,SWSW 5-140-97,"CONTINENTAL RESOURCES, INC.",ELEANORE 1-5,DUTCH HENRY BUTTE
25626,125626,3308900791,OG,A,12/14/2013,20239,NESE 5-140-97,"CONTINENTAL RESOURCES, INC.",AMY 2-5H1,DUTCH HENRY BUTTE
22176,222176,3308900679,OG,A,4/30/2012,21362,SWSE 9-140-97,WHITING OIL AND GAS CORPORATION,MARSH 34-9PH,DUTCH HENRY BUTTE
23435,222176,3308900718,OG,A,2/11/2013,21335,SESE 9-140-97,WHITING OIL AND GAS CORPORATION,MARSH 44-9PH,DUTCH HENRY BUTTE
23436,221483,3308900719,OG,A,2/11/2013,20858,SESE 9-140-97,WHITING OIL AND GAS CORPORATION,MARSH 41-16PH,DUTCH HENRY BUTTE
5440,,3308900152,OG,DRY,6/19/1974,8320,NWNE 9-140-97,BOMAC EXPLORATION CO.,CHARLES MARSH 1,WILDCAT
21527,221527,3308900654,OG,A,1/29/2012,21288,SWSE 10-140-97,WHITING OIL AND GAS CORPORATION,BURESH 34-10TFH,DUTCH HENRY BUTTE
23640,221527,3308900729,OG,A,2/1/2013,21358,SESE 10-140-97,WHITING OIL AND GAS CORPORATION,BURESH 44-10PH,DUTCH HENRY BUTTE
23641,223577,3308900730,OG,A,10/4/2025,20660,SESE 10-140-97,WHITING OIL AND GAS CORPORATION,BURESH 41-15PH,DICKINSON
19275,119275,3308900590,OG,A,4/28/2011,15158,SWSW 11-140-97,MORNINGSTAR OPERATING LLC,WOCK 14-11H,DUTCH HENRY BUTTE
23396,123396,3308900715,OG,A,2/7/2013,21170,SWSE 11-140-97,MORNINGSTAR OPERATING LLC,SCHMIDT 11-2H,DUTCH HENRY BUTTE
19698,119698,3308900601,OG,A,7/6/2012,21435,SESW 12-140-97,MORNINGSTAR OPERATING LLC,KUCHYNSKI 12-1H,DUTCH HENRY BUTTE
11754,,3308900363,OG,DRY,11/18/1985,8080,NWNW 13-140-97,BHP PETROLEUM (AMERICAS) INC.,SCHMIDT 4-13,WILDCAT
23727,123727,3308900737,OG,A,3/12/2013,19832,NENW 13-140-97,MORNINGSTAR OPERATING LLC,PEACEFUL VALLEY 13-24H,DICKINSON
25097,,3308900769,OG,PNC,6/18/2025,,NWNE 13-140-97,KAISER-FRANCIS OIL COMPANY,SOLO 13-24H,DICKINSON
25098,,3308900770,OG,PNC,6/18/2025,,NWNE 13-140-97,KAISER-FRANCIS OIL COMPANY,LADY4 13-24H,DICKINSON
25193,,3308900774,OG,PNC,6/18/2025,,NWNE 13-140-97,KAISER-FRANCIS OIL COMPANY,ECKO 12-1H,DUTCH HENRY BUTTE
25194,,3308900775,OG,PNC,6/18/2025,,NWNE 13-140-97,KAISER-FRANCIS OIL COMPANY,DIESEL 12-1H,DUTCH HENRY BUTTE
26590,,3308900813,OG,PNC,11/5/2015,,NWNW 13-140-97,FIDELITY EXPLORATION & PRODUCTION COMPANY,DK  13-24H,DICKINSON
23700,223700,3308900734,OG,A,11/1/2024,20145,NENW 14-140-97,MORNINGSTAR OPERATING LLC,ALBERT  14-23H,DICKINSON
24989,223700,3308900766,OG,A,10/20/2013,20286,NWNE 14-140-97,MORNINGSTAR OPERATING LLC,ALLAN 14-23H,DICKINSON
24990,223700,3308900767,OG,A,10/20/2013,20098,NWNE 14-140-97,MORNINGSTAR OPERATING LLC,DOLORIS 14-23H,DICKINSON
25729,223700,3308900792,OG,A,9/5/2013,20102,NWNW 14-140-97,MORNINGSTAR OPERATING LLC,CINDY 14-23H,DICKINSON
21625,,3308900655,OG,PNC,7/10/2012,,NENW 15-140-97,WHITING OIL AND GAS CORPORATION,HAVELKA 21-15TFH,DICKINSON
23576,223577,3308900724,OG,A,2/11/2013,20130,NWNW 15-140-97,WHITING OIL AND GAS CORPORATION,HAVELKA 11-15PH,DICKINSON
23577,223577,3308900725,OG,A,2/11/2013,20909,NWNW 15-140-97,WHITING OIL AND GAS CORPORATION,HAVELKA 21-15PH,DICKINSON
23579,221527,3308900726,OG,A,2/11/2013,21895,NWNW 15-140-97,WHITING OIL AND GAS CORPORATION,HAVELKA 14-10PH,DUTCH HENRY BUTTE
5817,,3308900199,OG,DRY,2/4/1976,8257,SESE 15-140-97,ANADARKO PRODUCTION CO.,ALBERT SCHIMDT 1,DICKINSON
20449,,3308900627,OG,DRY,9/9/2011,4006,NENW 16-140-97,WHITING OIL AND GAS CORPORATION,MARSH 21-16TFH,DUTCH HENRY BUTTE
21483,221483,3308900653,OG,A,5/2/2025,20180,NENW 16-140-97,WHITING OIL AND GAS CORPORATION,MARSH 21-16TFH-R,DUTCH HENRY BUTTE
23652,221483,3308900731,OG,A,6/4/2013,19942,NWNW 16-140-97,WHITING OIL AND GAS CORPORATION,WAGNER FARMS 11-16PH,DUTCH HENRY BUTTE
23653,222176,3308900732,OG,A,12/15/2019,21890,NWNW 16-140-97,WHITING OIL AND GAS CORPORATION,MARSH 14-9PH,DUTCH HENRY BUTTE
23959,223959,3308900744,OG,A,4/18/2013,20700,SWSE 17-140-97,WHITING OIL AND GAS CORPORATION,HAVELKA 14-17PH,DUTCH HENRY BUTTE
23960,223959,3308900745,OG,A,4/18/2013,20213,SWSE 17-140-97,WHITING OIL AND GAS CORPORATION,HAVELKA 34-17PH,DUTCH HENRY BUTTE
23961,223959,3308900746,OG,A,4/18/2013,20162,SWSE 17-140-97,WHITING OIL AND GAS CORPORATION,HAVELKA 44-17PH,DUTCH HENRY BUTTE
24031,225758,3308900750,OG,A,12/7/2012,20430,SWSE 18-140-97,WHITING OIL AND GAS CORPORATION,MARSH 34-18PH,DUTCH HENRY BUTTE
25758,225758,3308900793,OG,A,9/3/2025,21208,SWSE 18-140-97,WHITING OIL AND GAS CORPORATION,MARSH 14-18PH,DUTCH HENRY BUTTE
25759,225758,3308900794,OG,A,10/4/2025,20610,SWSE 18-140-97,WHITING OIL AND GAS CORPORATION,MARSH 44-18PH,DUTCH HENRY BUTTE
23179,123179,3308900708,OG,A,9/11/2012,19777,LOT3 19-140-97,MORNINGSTAR OPERATING LLC,PAVLISH 19-20H,DUTCH HENRY BUTTE
23712,123712,3308900736,OG,A,3/13/2013,19716,LOT4 19-140-97,MORNINGSTAR OPERATING LLC,BMP 19-20H,DUTCH HENRY BUTTE
26418,126418,3308900811,OG,A,2/1/2023,20004,LOT2 19-140-97,MORNINGSTAR OPERATING LLC,BEN 19-20H,DUTCH HENRY BUTTE
26447,126447,3308900812,OG,A,3/24/2014,19888,LOT2 19-140-97,MORNINGSTAR OPERATING LLC,MARY P 19-20H,DUTCH HENRY BUTTE
5454,,3308900157,OG,PNC,6/17/1975,,NESW 19-140-97,"FARMERS UNION CENTRAL EXCHANGE, INC.",PAVLISH 11-19,GREEN RIVER
8305,,3308900248,OG,DRY,2/14/1981,8160,NWNE 19-140-97,MCALESTER FUEL CO.,RICHARD G. MARSH 19-1,SOUTH HEART
12370,,3308900389,OG,DRY,3/12/1988,8155,NWSW 20-140-97,"SMOKEY OIL COMPANY, INC.",RIDL 13-20,SOUTH HEART
14676,,3308900540,OG,DRY,8/14/1997,8100,SESE 20-140-97,TRUE OIL CO.,RUDNIK 44-20,SOUTH HEART
6247,,3308900209,OG,DRY,8/21/1977,8140,NENW 20-140-97,"HILLIARD OIL & GAS, INC.",RIDL 1,WILDCAT
11260,,3308900347,OG,DRY,11/21/1984,8170,SWNE 21-140-97,BHP PETROLEUM (AMERICAS) INC.,MARSH 7-21,SOUTH HEART
25589,,3308900788,OG,DRY,11/23/2016,20674,SESW 21-140-97,WHITING OIL AND GAS CORPORATION,KOSTELECKY 21-28PH,SOUTH HEART
25590,225591,3308900789,OG,A,9/3/2025,21060,SESW 21-140-97,WHITING OIL AND GAS CORPORATION,KOSTELECKY 41-28PH,SOUTH HEART
25591,225591,3308900790,OG,A,10/28/2013,20905,SESW 21-140-97,WHITING OIL AND GAS CORPORATION,KOSTELECKY 11-28PH,SOUTH HEART
30010,,3308900861,OG,PNC,12/9/2019,,SESW 21-140-97,WHITING OIL AND GAS CORPORATION,KOSTELECKY 21-28PHR,SOUTH HEART
4842,,3308900092,OG,PA,7/18/1997,8100,SESE 23-140-97,CONOCO INC.,DICKINSON-HEATH-SAND UNIT 12,DICKINSON
6053,,3308900204,OG,DRY,1/4/1977,8129,NESW 23-140-97,CONTINENTAL OIL CO.,DICKINSON-HEATH-SAND UNIT 55,DICKINSON
11953,407025,3308900372,WI,A,3/17/2025,8213,NESW 24-140-97,SCOUT ENERGY MANAGEMENT LLC,DICKINSON-HEATH-SAND UNIT 68,DICKINSON
12138,,3308900380,OG,DRY,7/10/1987,8110,NENW 24-140-97,CONOCO INC.,ANTON 1,DICKINSON
4261,,3308900039,OG,PA,5/15/1995,8053,SESE 25-140-97,CONOCO INC.,DICKINSON-HEATH-SAND UNIT 24,DICKINSON
4292,,3308900047,OG,DRY,8/9/1967,8136,SENW 25-140-97,CONTINENTAL OIL CO.,ZAHRADNIK-RIDL 1,DICKINSON
5371,,3308900141,WI,DRY,10/4/1985,8060,NESW 25-140-97,CONOCO INC.,DICKINSON-HEATH-SAND UNIT 46,DICKINSON
90092,,3308990092,WS,A,6/11/2020,5850,SESE 25-140-97,SCOUT ENERGY MANAGEMENT LLC,WEST DICKINSON UNIT 44,DICKINSON
4293,401646,3308900048,WI,A,5/30/2025,8050,SESE 26-140-97,SCOUT ENERGY MANAGEMENT LLC,DICKINSON-HEATH-SAND UNIT 25,DICKINSON
4653,,3308900072,OG,PA,5/7/2015,8050,SENW 26-140-97,C12 ENERGY: NORTH DAKOTA LLC,DICKINSON-HEATH-SAND UNIT 13,DICKINSON
5599,407025,3308900180,OG,PA,8/12/2021,8055,SESW 26-140-97,SCOUT ENERGY MANAGEMENT LLC,DICKINSON-HEATH-SAND UNIT 51,DICKINSON
10148,,3308900298,OG,PA,4/29/1995,8138,SWNW 27-140-97,CONOCO INC.,DICKINSON-HEATH-SAND UNIT 65,DICKINSON
11563,,3308900356,OG,PA,6/3/1997,8202,SENE 27-140-97,CONOCO INC.,DICKINSON-HEATH-SAND UNIT 67,DICKINSON
4331,,3308900056,OG,PA,7/18/1997,8045,SESE 27-140-97,CONOCOPHILLIPS COMPANY,DICKINSON-HEATH-SAND UNIT 26,DICKINSON
4890,,3308900096,OG,DRY,2/12/1970,8050,SENW 27-140-97,KING RESOURCES CO. & PRONGHORN PETROLEUM,BURESH-MARSH 22-27,DICKINSON
9759,404150,3308900282,OG,A,11/3/2023,8100,SESW 27-140-97,SCOUT ENERGY MANAGEMENT LLC,DICKINSON-HEATH-SAND UNIT 64,DICKINSON
10489,,3308900308,OG,DRY,12/19/1983,8176,NESE 28-140-97,INEXCO OIL CO.,MARSH 2-28,SOUTH HEART
13839,,3308900457,OG,DRY,10/14/1995,10260,SESW 28-140-97,BTA OIL PRODUCERS,9411 JV-P ELBERT 1,DICKINSON
5533,,3308900176,OG,PA,9/28/1992,8030,SESW 28-140-97,SOUTH HEART COMPANY,RIDL 1-28,SOUTH HEART
5560,,3308900178,SWD,PA,6/29/2021,7988,SESE 28-140-97,WHITING OIL AND GAS CORPORATION,MARSH 1-28,SOUTH HEART
6965,,3308900227,OG,PA,10/2/1992,8053,SWNW 28-140-97,SOUTH HEART COMPANY,RIDL 2-28,SOUTH HEART
7558,,,,,,,,,,
4678,,3300300006,OG,DRY,5/25/1969,1835,NWSE 30-141-61,JACK M. JOHNSTON DRILLING CO.,CLARENCE JOHNSON 1,WILDCAT
111,,3300300001,OG,DRY,7/28/1952,1671,SWSW 35-141-61,S. D. JOHNSON DRILLING CO.,A. C. THORKLESON 1,WILDCAT
4548,,3309300017,OG,DRY,11/17/1968,1630,SWSW 28-141-65,CHAMBERS & KENNEDY,ALVA H. PERLEBERG ET AL 1,WILDCAT
40,,3309300001,OG,DRY,12/3/1951,4145,NWNW 11-141-67,"BARNETT DRILLING, INC.",JOHN GAIER 1,WILDCAT
750,,3309300015,OG,DRY,11/12/1954,3076,NWSE 14-141-69,"SOCONY-VACUUM OIL COMPANY, INC.",WILLIAM J. GROSS F-33-14-D,WILDCAT
24,,3304300003,OG,DRY,12/24/1950,5609,SENE 36-141-73,MAGNOLIA PETROLEUM CO.,NORTH DAKOTA STATE A 1,WILDCAT
6253,,3301500028,OG,DRY,8/29/1977,4185,SWSW 5-141-75,GULF OIL CORP.,KOSKI 1,WILDCAT
1375,,3301500013,OG,DRY,2/12/1957,4160,SESW 15-141-75,CONTINENTAL OIL CO.,PATTERSON LAND CO. 1,WILDCAT
6263,,3301500031,OG,PNC,8/5/1978,,SESE 16-141-75,GULF OIL CORP.,BURLEIGH STATE 1,WILDCAT
6690,,3301500034,OG,DRY,9/23/1978,4060,SESE 19-141-75,TOM F. MARSH,STATE 1,WILDCAT
6889,,3301500037,OG,DRY,2/27/1979,4039,NENW 33-141-75,TOM F. MARSH,QUALE 1-A,WILDCAT
4199,,3301500015,OG,DRY,11/30/1966,4172,NESE 11-141-76,"CHEVRON USA, INC.",LAVRI J. KOSKI 1,WILDCAT
8674,,3301500043,OG,DRY,6/17/1981,6891,SWSW 17-141-76,SUN EXPLORATION & PRODUCTION CO.,T. D. THORSON 1,WILDCAT
8970,,3301500044,OG,DRY,8/15/1981,1701,SWSW 17-141-76,SUN EXPLORATION & PRODUCTION CO.,T. D. THORSON 2,WILDCAT
4580,,3301500021,OG,DRY,11/18/1968,3154,NENE 26-141-80,"E. C. JOHNSTON, JR.",DONALD ELIASON 1,WILDCAT
4579,,3301500020,OG,PNC,11/1/1969,,NWNE 28-141-80,"E. C. JOHNSTON, JR.",ROBERT ELIASON-BND 1,WILDCAT
4389,,3301500019,OG,DRY,3/10/1968,7300,SWNE 33-141-80,TOM VESSELS,HELEN BOURGOIS 1,WILDCAT
95,,3306500002,OG,DRY,9/8/1952,7850,SESW 3-141-81,YOUNGBLOOD & YOUNGBLOOD,EUGENE WACHTER 1,WILDCAT
9867,,3306500017,OG,DRY,12/1/1982,4240,NWNW 6-141-81,ACEITE ENERGY CORP.,BIG BOOT 1-6,WILDCAT
15,,3306500001,OG,DRY,8/21/1976,8850,SESE 18-141-81,"FARMERS UNION CENTRAL EXCHANGE, INC.",WACHTER 16-18,WILDCAT
8144,,3306500014,OG,DRY,4/1/1981,8655,SESE 15-141-82,PENNZOIL CO.,LITTLE BOOT 15-44,WILDCAT
8224,,3306500015,OG,PNC,7/17/1984,,SWSE 34-141-82,PENNZOIL CO.,SQUARE BUTTE 34-34,WILDCAT
37672,,3306500020,ST,LOCR,3/11/2022,9817,SWNW 4-141-83,"Minnkota Power Cooperative, Inc.",Liberty 1,WILDCAT
38826,,3306500022,,Confidential,,,SWNW 4-141-83,"Minnkota Power Cooperative, Inc.",Unity 1,WILDCAT
38827,,3306500023,,Confidential,,,SWNW 4-141-83,"Minnkota Power Cooperative, Inc.",McCall 1,WILDCAT
40873,,3306500029,ST,TATD,2/12/2025,3980,SWNW 4-141-83,"Minnkota Power Cooperative, Inc.",Freeman 1,WILDCAT
2183,,3306500003,OG,DRY,4/18/1959,6894,NWNW 34-141-85,"SIGNAL DRILLING & EXPLORATION, INC.",PAUL BUELIGEN 1,WILDCAT
40158,,3306500026,,Confidential,,,SENE 18-141-87,"SUMMIT CARBON STORAGE #1, LLC",TB Leingang 1,WILDCAT
40178,,3306500027,,Confidential,,,SENE 18-141-87,"SUMMIT CARBON STORAGE #1, LLC",TB Leingang 2,WILDCAT
38594,,3305700041,ST,TATD,11/12/2025,12009,NWNE 35-141-88,"SUMMIT CARBON STORAGE #1, LLC",MILTON FLEMMER 1,WILDCAT
8392,,3302500200,OG,PNC,2/15/1983,,SWSW 6-141-91,HOUSTON OIL & MINERALS CORP.,HAUCK 14-6,WILDCAT
824,,3302500006,OG,DRY,4/3/1955,8411,SESE 8-141-91,NORTHWEST OIL DRILLING CO.,WALTER HAMANN 1,WILDCAT
9074,,3308900257,OG,DRY,10/26/1981,8300,NWNE 28-141-91,TRUE OIL CO.,HUSCHKA 31-28,WILDCAT
4486,,3302500028,OG,DRY,8/15/1968,5370,SENW 9-141-93,CARDINAL PETROLEUM CO.,STATE OF NORTH DAKOTA 1,WILDCAT
5470,,3302500054,OG,DRY,8/10/1974,7500,NENE 17-141-93,LAMAR HUNT,BANK OF NORTH DAKOTA - MYRAN 1-A,WILDCAT
25215,,3302502094,OG,PA,3/16/2015,10245,NWSE 18-141-93,"ARMSTRONG OPERATING, INC.",SCHERR  1-18,WILDCAT
21949,,3302501553,OG,PA,9/10/2013,10168,SWNW 20-141-93,OXY USA INC.,SPRING CREEK 1-20-141-93,WILDCAT
23522,,3302501832,OG,PNC,8/14/2013,,SESE 20-141-93,OXY USA INC.,SPRING CREEK 2-20-141-93,WILDCAT
10627,,3302500388,OG,DRY,4/18/1984,12607,NESW 21-141-93,NANCE PETROLEUM CORPORATION,DAUENHAUER 11-21,WILDCAT
14340,,3308900504,OG,DRY,7/20/1996,9700,SWSE 26-141-93,SHELL WESTERN E&P,FELLER 26-1,WILDCAT
23171,,3308900706,OG,PNC,10/14/2014,,NWNE 28-141-93,OXY USA INC.,CANCELED TOMAHAWK 1-28-33H-141-93,WILDCAT
8088,,3308900242,OG,DRY,5/14/1981,12550,NWNE 28-141-93,MOBIL OIL CORP.,WILLIAM BERNHARDT 1,WILDCAT
5360,,3308900138,OG,DRY,11/20/1973,8632,SENW 30-141-93,LAMAR HUNT,RICHARDTON FARM EQUIPMENT 1,WILDCAT
505,,3302500002,OG,DRY,5/22/1954,12556,SENE 6-141-94,"SOCONY-VACUUM OIL COMPANY, INC.",CHARLES DVORAK 1,WILDCAT
5374,,3302500049,OG,DRY,12/19/1973,8722,SENW 10-141-94,LAMAR HUNT,KASPER KERNER 1,WILDCAT
25372,,3302502122,OG,PA,11/21/2018,12875,SENE 11-141-94,"LIME ROCK RESOURCES III-A, L.P.",GEORGE PALMER 1-11-141-94,WILDCAT
22997,,3302501733,OG,PA,11/11/2015,18301,NENW 15-141-94,"LIME ROCK RESOURCES III-A, L.P.",THUNDERBIRD 1-15-22H-141-94,WILDCAT
5274,,3302500048,OG,DRY,3/30/1973,7693,NESW 24-141-94,"RAINBOW RESOURCES, INC.",RAYMOND GIESER 1-24,WILDCAT
5417,,3302500053,OG,DRY,7/19/1974,8758,SENW 33-141-94,LAMAR HUNT,M. P. FREER 1,WILDCAT
5375,,3302500050,OG,DRY,12/19/1973,8682,SWSW 34-141-94,LAMAR HUNT,CHRIST DILLINGER 1,WILDCAT
17984,117984,3302500902,OG,A,11/22/2022,20025,LOT3 4-141-95,MORNINGSTAR OPERATING LLC,SICKLER STATE  21-4H,SIMON BUTTE
24682,,3302502024,OG,PNC,12/30/2014,,LOT3 4-141-95,OXY USA INC.,CANCELED CARROL JONES 1-33-28H-142-95,MURPHY CREEK
5164,,3302500046,OG,DRY,3/27/1972,8189,SWSW 7-141-95,SHAR-ALAN OIL CORP.,SADOWSKY 1,WILDCAT
9765,,3302500351,OG,DRY,10/19/1982,12600,SWSW 14-141-95,"SOUTHPORT EXPLORATION, INC.",FISHER 1,WILDCAT
13276,113276,3302500477,OG,A,6/14/1996,12621,SWSW 16-141-95,"ARMSTRONG OPERATING, INC.",S. E. RUSSIAN CREEK 14-16,SIMON BUTTE
15278,115278,3302500562,OG,A,11/30/2002,11811,SWSW 16-141-95,"ARMSTRONG OPERATING, INC.",PAVLICEK 16-2H,SIMON BUTTE
13103,,3302500466,OG,PA,3/23/1996,13085,NWSW 17-141-95,HUNT OIL COMPANY,S. E. RUSSIAN CREEK 13-17,SIMON BUTTE
13224,,3302500474,OG,PA,3/13/2013,12700,NWSE 17-141-95,"ARMSTRONG OPERATING, INC.",S. E. RUSSIAN CREEK 33-17,SIMON BUTTE
20092,120092,3302501238,OG,A,10/21/2011,20145,NENW 17-141-95,MORNINGSTAR OPERATING LLC,GORDON PAVLICEK 1-17-20H-141-95,SIMON BUTTE
12972,,3302500460,OG,PA,5/25/1994,11750,SENE 18-141-95,HUNT OIL COMPANY,S. E. RUSSIAN CREEK 42-18,SIMON BUTTE
13560,,3302500489,OG,DRY,9/30/1993,11800,NWNE 18-141-95,D.C. DUDLEY & ASSOCIATES,SE RUSSIAN CREEK 31-18,SIMON BUTTE
18079,,3302500923,OG,PNC,5/14/2010,,LOT1 18-141-95,ANSCHUTZ EXPLORATION CORPORATION,WOLBERG 11-18H,SIMON BUTTE
19088,119088,3302501111,OG,A,10/17/2010,20164,NENW 18-141-95,MORNINGSTAR OPERATING LLC,WOLBERG 21-18H,SIMON BUTTE
29892,,3302502734,OG,PNC,10/23/2015,,NENW 18-141-95,OXY USA INC.,KELSEY ELIZABETH 1-7-6H-141-95,SIMON BUTTE
6530,,3302500120,WS,PA,9/6/1991,14309,SENE 18-141-95,"ARMSTRONG OPERATING, INC.",WOLBERG 1 WSW,SIMON BUTTE
90076,,3302590076,SWD,PA,9/15/2019,6020,SENE 18-141-95,"ARMSTRONG OPERATING, INC.",S. E. RUSSIAN CREEK 42-18 SWD,SIMON BUTTE
3970,,3302500023,OG,DRY,11/9/1965,9280,SWNE 21-141-95,"MIAMI OIL PRODUCERS, INC.",EMIL PAVLICEK 1,WILDCAT
13332,,3302500479,OG,DRY,6/4/1996,12550,SENW 23-141-95,TRUE OIL LLC,FISHER 22-23,WILDCAT
13336,,3302500480,OG,PNC,10/21/1992,,NESE 23-141-95,TRUE OIL CO.,FISHER 43-23,WILDCAT
13478,,3302500487,OG,DRY,3/17/1993,12420,NWSW 24-141-95,TRUE OIL CO.,BARTA 13-24,WILDCAT
14484,,3302500502,OG,DRY,10/24/1996,10210,NWSW 25-141-95,TRUE OIL LLC,KUBIK 13-25,WILDCAT
17961,117961,3302500894,OG,A,4/4/2023,19677,NWNW 27-141-95,MORNINGSTAR OPERATING LLC,KADRMAS 11-27H,SIMON BUTTE
16304,,3302500591,OG,PNC,8/20/2007,,NENE 28-141-95,"ANSBRO PETROLEUM COMPANY, LLC",PRIVRATSKY 41-28H,WILDCAT
21346,,3302501446,OG,PNC,9/28/2011,,NENW 28-141-95,OXY USA INC.,PRIVRATSKY 1-28-33H-141-95 OLD,SIMON BUTTE
21606,121606,3302501487,OG,A,2/10/2012,20060,NENW 28-141-95,MORNINGSTAR OPERATING LLC,PRIVRATSKY 1-28-33H-141-95,SIMON BUTTE
5156,,3302500043,OG,DRY,6/9/1972,8053,SESE 32-141-95,SHAR-ALAN OIL CORP.,TONY H. PAVLICEK 1,WILDCAT
6064,,3302500065,,,,,,,,
13125,,3301700001,OG,DRY,12/27/1994,2680,SWSW 27-142-53,WALLACE R. CARLSON,DONALD VIESTENZ 1,WILDCAT
4660,,3300300005,OG,PA,8/30/2010,1617,NWSE 25-142-60,JAMES E. SCHULTE,JIM SCHULTE SAAR 1,WILDCAT
149,,3300300002,OG,DRY,9/7/1953,2573,NWNW 20-142-61,POLLARD & DAVIS,DWANE GUSCETTE 1,WILDCAT
120,,3309300003,OG,DRY,8/20/1952,2919,SENW 21-142-63,GENERAL ATLAS CARBON CO.,ALVIN PEPLINSKI 1,WILDCAT
2444,,3309300016,OG,DRY,8/30/1959,3050,NENW 4-142-65,H. HANSON OIL SYNDICATE,O. M. KNUTSON 1,WILDCAT
134,,3309300004,OG,DRY,9/12/1952,3427,SWNE 15-142-65,GENERAL ATLAS CARBON CO.,FLOYD L. BARTHEL 1,WILDCAT
4,,3304300001,OG,DRY,,2400,NWNE 12-142-72,A. C. TOWNLEY INTS,ROBINSON PATD LAND 1,WILDCAT
748,,3304300005,OG,DRY,10/30/1954,5904,NWNE 32-142-74,CAROLINE HUNT TRUST ESTATE,E. B. SAUTER 1,WILDCAT
6867,,3301500036,OG,PNC,8/13/1980,,SESE 19-142-75,TOM F. MARSH,BERNARD DECKERT 1,WILDCAT
4249,,3301500018,OG,DRY,4/12/1967,3921,NESW 27-142-75,"CHEVRON USA, INC.",BERNARD B. DECKERT 1,WILDCAT
6726,,3301500035,OG,DRY,10/7/1978,4150,SESW 11-142-76,TOM F. MARSH,OSWALD 1,WILDCAT
6265,,3301500033,OG,PNC,8/5/1978,,NWNE 26-142-76,GULF OIL CORP.,LEHTO 1,WILDCAT
6255,,3301500030,OG,DRY,8/21/1978,4305,NENW 28-142-76,TOM F. MARSH,LIUSKA 1,WILDCAT
765,,3301500010,OG,DRY,12/3/1954,6750,SWSW 31-142-76,CAROLINE HUNT TRUST ESTATE,SODER INVESTMENT COMPANY 1,WILDCAT
40270,,3306500028,,Confidential,,,NESE 34-142-83,"Minnkota Power Cooperative, Inc.",NRDT 1,EAST CENTER CARBON DIOXIDE
4941,,3306500009,OG,DRY,8/5/1970,6218,NESW 7-142-84,GENERAL AMERICAN OIL COMPANY OF TEXAS,KENNETH HENKE 1-7,WILDCAT
34244,,3306500018,ST,DRY,2/6/2018,5316,SESE 27-142-84,UNIVERSITY OF NORTH DAKOTA EERC,BNI 1,WILDCAT
37380,,3306500019,ST,TATD,12/20/2024,10470,SWNE 27-142-84,"Minnkota Power Cooperative, Inc.",J-LOC 1,WILDCAT
4937,,3306500005,OG,DRY,9/8/1970,6042,SENW 34-142-84,GENERAL AMERICAN OIL COMPANY OF TEXAS,HERBERT DRESSER 1-34,WILDCAT
3277,,3306500004,OG,DRY,12/13/1962,8000,NESE 14-142-85,SUNRAY DX OIL CO.,ERVIN V. HENKE 1,WILDCAT
5145,,3306500012,OG,DRY,12/9/1971,3920,NWSE 14-142-85,CALVERT DRILLING & R. K. PETROLEUM CORP.,ALBERT ALBERS 1,WILDCAT
5369,,3306500013,OG,DRY,11/19/1973,3814,NESE 14-142-85,CARDINAL PETROLEUM CO. & R. K. PETROLEUM,HENKE 9-14,WILDCAT
4940,,3306500008,OG,DRY,10/4/1970,9604,SESW 24-142-85,GENERAL AMERICAN OIL COMPANY OF TEXAS,RAYMOND HENKE 1-24,WILDCAT
5099,,3306500011,OG,DRY,9/5/1971,4315,NENW 24-142-85,W. H. HUNT TRUST ESTATE,HENKE 1,WILDCAT
38701,,3306500021,ST,TATD,11/12/2025,6110,LOT1 6-142-86,"SUMMIT CARBON STORAGE #3, LLC",SLASH LAZY H 5,WILDCAT
40127,,3306500024,,Confidential,,,NENE 17-142-86,"SUMMIT CARBON STORAGE #3, LLC",KJ Hintz 1,WILDCAT
40128,,3306500025,,Confidential,,,NENE 17-142-86,"SUMMIT CARBON STORAGE #3, LLC",KJ Hintz 2,WILDCAT
38622,,3305700042,ST,TATD,11/12/2025,6402,SWSW 12-142-88,"Summit Carbon Storage #2, LLC",Archie Erickson 2,WILDCAT
40124,,3305700048,,Confidential,,,NENE 22-142-88,"Summit Carbon Storage #2, LLC",BK Fischer 1,WILDCAT
40125,,3305700049,,Confidential,,,NENE 22-142-88,"Summit Carbon Storage #2, LLC",BK Fischer 2,WILDCAT
21,,3305700001,OG,DRY,10/5/1950,12526,NWNE 28-142-89,KELLY-PLYMOUTH,FRITZ LEUTZ 1,WILDCAT
8675,,3305700024,OG,DRY,7/31/1981,12787,NENW 6-142-90,MGF OIL CORP.,ENTZE 21-6,WILDCAT
21284,,3305700038,OG,DRY,9/26/2013,15111,NWNW 16-142-90,"CIRQUE RESOURCES, LP",OLD ENGINE OIL 16-4H,WILDCAT
4727,,3302500036,OG,DRY,7/23/1969,5150,SWSW 6-142-91,"SIGNAL DRILLING & EXPLORATION, INC.",CARL SIVERTS 1,WILDCAT
17123,,3302500740,OG,PA,11/16/2010,18232,NENW 13-142-92,"HESS BAKKEN INVESTMENTS II, LLC",DRESSLER 13-1H,WILDCAT
14289,,3302500498,OG,DRY,7/4/1996,9650,NWSW 23-142-92,ANSCHUTZ EXPLORATION CORPORATION,DRESSLER 12-23,WILDCAT
5131,,3302500040,OG,DRY,12/11/1971,8420,SENW 24-142-92,H. L. HUNT,NICK DRESSLER 1,WILDCAT
8115,,3302500182,OG,DRY,2/4/1981,12785,NESW 24-142-92,KELDON OIL CO.,DRESSLER 1,WILDCAT
16163,,3302500576,OG,DRY,4/4/2006,9600,SWSW 27-142-92,"DUNCAN OIL, INC.",HAUCK 1-27,WILDCAT
29031,,3302502631,OG,DRY,8/1/2014,12898,NESW 30-142-92,"MBI OIL & GAS, LLC",HUESKE 30-1,WILDCAT
8243,,3302500188,OG,DRY,6/3/1981,11965,SESE 36-142-92,HOUSTON OIL & MINERALS CORP.,UNION STATE 44-36,WILDCAT
9096,,3302500279,OG,DRY,2/10/1982,8900,SWNW 1-142-93,UNION OIL COMPANY OF CALIFORNIA,KNUTSON 1-E1,WILDCAT
10606,,3302500387,OG,DRY,3/7/1984,13080,NWNW 15-142-93,CONOCO INC.,CONOCO-FRIDLEY 15 1,WILDCAT
14636,,3302500514,OG,DRY,7/26/1997,12863,SWNE 25-142-93,"DUNCAN OIL, INC.",FRIDLEY 1-25,WILDCAT
14649,,3302500515,OG,PNC,6/15/1998,,NESE 25-142-93,"DUNCAN OIL, INC.",SITTER 1-25,WILDCAT
11183,,3302500405,OG,DRY,11/30/1984,12275,NWNW 29-142-93,CONOCO INC.,FEDERAL 29 1,WILDCAT
23819,,3302501868,OG,PNC,10/14/2014,,LOT3 3-142-94,OXY USA INC.,CANCELED FEDERAL OTTO BOEHLER 1-3-10H-142-94,MURPHY CREEK
23676,123676,3302501840,OG,A,3/5/2024,19369,LOT2 4-142-94,MORNINGSTAR OPERATING LLC,CHARLES DAVIS 1-4-9H-142-94,MURPHY CREEK
23685,123685,3302501848,OG,A,3/4/2013,19711,SESW 7-142-94,MORNINGSTAR OPERATING LLC,MEDUNA TRUST 1-7-6H-142-94,MURPHY CREEK
23687,,3302501849,OG,PNC,10/14/2014,,SWSE 8-142-94,OXY USA INC.,CANCELED WILLIS DOWNS 1-8-5H-142-94,MURPHY CREEK
14606,,3302500509,OG,DRY,3/16/1997,10095,SWNE 15-142-94,CONOCO INC.,SICKLER 15 1,WILDCAT
20279,,3302501280,OG,PNC,2/21/2011,,NWNE 16-142-94,ANSCHUTZ EXPLORATION CORPORATION,STATE JAEGER 1-16-21H-142-94,MURPHY CREEK
20411,120411,3302501299,OG,A,1/14/2022,20124,SWSW 21-142-94,MORNINGSTAR OPERATING LLC,STATE JAEGER 1-21-16H-142-94,MURPHY CREEK
17094,117094,3302500732,OG,A,7/4/2023,19178,SESW 22-142-94,MORNINGSTAR OPERATING LLC,SICKLER 22-1H,MURPHY CREEK
4705,,3302500032,OG,DRY,9/9/1969,5525,NENE 22-142-94,LADD PETROLEUM CORP.,J. A. MILLER 1,WILDCAT
13615,,3302500491,OG,DRY,12/8/1993,10559,NWNW 24-142-94,CONOCO INC.,FICHTER 1,WILDCAT
21674,121674,3302501494,OG,A,11/22/2022,20297,NWNE 29-142-94,MORNINGSTAR OPERATING LLC,FEDERAL ANNIE OAKLEY 1-20-17H-142-94,MURPHY CREEK
22881,122881,3302501701,OG,A,8/20/2012,19733,NWNE 29-142-94,MORNINGSTAR OPERATING LLC,STATE FRANK BUTLER 1-29-32H-142-94,MURPHY CREEK
6477,,3302500113,OG,DRY,4/15/1978,11050,SESW 2-142-95,AMOCO PRODUCTION CO.,FICEK 1,WILDCAT
15153,,3302500558,OG,PA,11/1/2018,13400,SWSW 5-142-95,SCOUT ENERGY MANAGEMENT LLC,KOVASH 2-5H,MANNING
22077,122077,3302501566,OG,A,7/7/2012,19780,LOT2 5-142-95,"LIME ROCK RESOURCES III-A, L.P.",TONY KRALICEK 1-5-8H-142-95,MANNING
15083,115083,3302500547,OG,A,2/26/2001,13161,NENE 6-142-95,SCOUT ENERGY MANAGEMENT LLC,KOVASH 1-6H,MANNING
24697,124697,3302502029,OG,A,3/15/2019,20076,LOT4 6-142-95,"LIME ROCK RESOURCES III-A, L.P.",HENRY KOVASH 5-6-7H-142-95,MANNING
24592,,3302502020,OG,PNC,12/18/2013,,NENW 7-142-95,OXY USA INC.,CANCEL HENRY KOVASH 6-7-142-95,MANNING
24652,124652,3302502022,OG,A,3/15/2018,20020,SESW 7-142-95,"LIME ROCK RESOURCES III-A, L.P.",HENRY KOVASH 3-7-6H-142-95,MANNING
24653,124653,3302502023,OG,A,2/5/2025,19700,SESW 7-142-95,"LIME ROCK RESOURCES III-A, L.P.",HENRY KOVASH 4-7-6H-142-95,MANNING
17785,,3302500863,OG,PNC,2/21/2011,,SWSE 9-142-95,ANSCHUTZ EXPLORATION CORPORATION,WANNEMACHER 34-9H,MURPHY CREEK
17234,117234,3302500759,OG,A,7/14/2008,18990,SESW 10-142-95,MORNINGSTAR OPERATING LLC,DVORAK 10-1H,MURPHY CREEK
17708,,3302500843,OG,PNC,11/15/2010,,SWSW 11-142-95,ANSCHUTZ EXPLORATION CORPORATION,DVORAK 11-1H,MURPHY CREEK
20765,120765,3302501360,OG,A,6/17/2012,20447,SWSE 11-142-95,MORNINGSTAR OPERATING LLC,GEORGE MILLER 1-11-2H-142-95,MURPHY CREEK
22449,,3302501628,OG,PNC,3/11/2015,,SWSE 11-142-95,OXY USA INC.,EDDY DVORAK 1-14-23H-142-95,MURPHY CREEK
17749,,3302500850,OG,PNC,11/15/2010,,SWSW 12-142-95,"PENN VIRGINIA OIL & GAS, LP",HEISER 12-1H,MURPHY CREEK
20750,120750,3302501359,OG,A,8/28/2012,19760,SWSE 12-142-95,MORNINGSTAR OPERATING LLC,KATIE HEISER 1-12-1H-142-95,MURPHY CREEK
22133,122133,3302501569,OG,A,9/11/2012,20788,SESE 12-142-95,MORNINGSTAR OPERATING LLC,MONGOOSE 1-13-24H-142-95,MURPHY CREEK
11857,,3302500425,OG,DRY,12/19/1985,9300,NESE 14-142-95,PENNZOIL CO.,THREE SPRINGS 14-43,WILDCAT
15111,,3302500553,OG,PNC,6/15/2004,,SWSW 14-142-95,"WESTPORT OIL & GAS COMPANY, L.P.",DVORAK 3-14H,WILDCAT
20580,120580,3302501337,OG,A,4/6/2012,20227,NENE 15-142-95,MORNINGSTAR OPERATING LLC,TERRY DVORAK 1-15-22H-142-95,MURPHY CREEK
20024,120024,3302501226,OG,A,6/1/2011,20026,NWNE 16-142-95,MORNINGSTAR OPERATING LLC,NOVASIO STATE 1-16-21H-142-95,MURPHY CREEK
24151,,3302501939,OG,PNC,10/14/2014,,NWNW 16-142-95,OXY USA INC.,CANCELED WANNEMACHER 2-9-4H-142-95,MURPHY CREEK
22172,122172,3302501575,OG,A,7/11/2012,19949,SWSE 19-142-95,MORNINGSTAR OPERATING LLC,HAVELKA 1-19-18H-142-95,MANNING
22234,122234,3302501584,OG,A,7/27/2012,20740,SWSE 19-142-95,MORNINGSTAR OPERATING LLC,STATE LITTLE MISSOURI 1-30-31H-142-95,MANNING
22984,122984,3302501730,OG,A,11/22/2022,20836,SWSE 20-142-95,MORNINGSTAR OPERATING LLC,SCHAFNER 1-29-32H-142-95,MANNING
22985,122985,3302501731,OG,A,3/7/2013,19973,SWSE 20-142-95,MORNINGSTAR OPERATING LLC,STATE LITTLE KNIFE 1-20-17H-142-95,MANNING
7161,,3302500146,OG,DRY,10/8/1979,9550,NWSE 20-142-95,AMOCO PRODUCTION CO.,"KADRMAS ""A"" 1",WILDCAT
5144,,3302500041,OG,DRY,12/16/1971,7930,SWSW 25-142-95,SHAR-ALAN OIL CORP.,FRANK SICKLER 1,WILDCAT
23353,123353,3302501811,OG,A,2/23/2013,20358,NENW 27-142-95,MORNINGSTAR OPERATING LLC,FRANK ANDERS  1-27-34H-142-95,MURPHY CREEK
6829,,3302500133,OG,DRY,2/22/1979,9550,SESE 28-142-95,AMOCO PRODUCTION CO.,BLACK 1,WILDCAT
22443,,3302501625,OG,PNC,3/11/2015,,SWSE 35-142-95,OXY USA INC.,SAMANTHA 1-2-11H-141-95,SIMON BUTTE
22444,122444,3302501626,OG,A,9/14/2012,20169,SWSE 35-142-95,MORNINGSTAR OPERATING LLC,EASTON 1-35-26H-142-95,MURPHY CREEK
21669,121669,3302501493,OG,A,2/23/2012,19122,SESW 36-142-95,MORNINGSTAR OPERATING LLC,STATE JABLONSKY 1-1-12H-141-95,SIMON BUTTE
22369,122369,3302501613,OG,A,5/27/2012,20050,SESW 36-142-95,MORNINGSTAR OPERATING LLC,STATE JABLONSKY B  1-36-25H-142-95,MURPHY CREEK
15122,,3302500555,OG,PNC,12/29/2004,,NENE 1-142-96,"WESTPORT OIL & GAS COMPANY, L.P.",SADOWSKY 3-1H,MANNING
20080,218343,3302501232,OG,A,6/2/2023,19905,SESW 1-142-96,"LIME ROCK RESOURCES III-A, L.P.",LAURA SADOWSKY 1-1-36H-142-96,MANNING
20278,218343,3302501279,OG,A,4/15/2018,20783,SESW 1-142-96,"LIME ROCK RESOURCES III-A, L.P.",DAVID KOVASH 1-12-13H-142-96,MANNING
34475,218343,3302503436,OG,A,7/23/2018,21118,SESW 1-142-96,"LIME ROCK RESOURCES III-A, L.P.",LAURA SADOWSKY 3-1-36H-142-96,MANNING
34476,218343,3302503437,OG,A,7/23/2018,21050,SESW 1-142-96,"LIME ROCK RESOURCES III-A, L.P.",LAURA SADOWSKY 2-1-36H-142-96,MANNING
20078,120078,3302501231,OG,A,3/9/2012,20278,SESW 2-142-96,"LIME ROCK RESOURCES III-A, L.P.",ROBERT SADOWSKY 1-2-35H-142-96,MANNING
20298,120298,3302501281,OG,A,11/5/2024,20760,SESW 2-142-96,"LIME ROCK RESOURCES III-A, L.P.",DAVID SADOWSKY 1-11-14H-142-96,MANNING
31181,,3302502931,OG,LOC,5/16/2025,,SWSW 2-142-96,"LIME ROCK RESOURCES III-A, L.P.",ROBERT SADOWSKY 8-2-35H-142-96,MANNING
31182,,3302502932,OG,LOC,5/16/2025,,SWSW 2-142-96,"LIME ROCK RESOURCES III-A, L.P.",ROBERT SADOWSKY 9-2-35H-142-96,MANNING
29890,129890,3302502732,OG,PA,3/21/2024,20054,LOT3 4-142-96,"LIME ROCK RESOURCES III-A, L.P.",WILLIAM SADOWSKY 8-4-9H-142-96,MANNING
29891,218343,3302502733,OG,A,2/15/2019,19744,LOT3 4-142-96,"LIME ROCK RESOURCES III-A, L.P.",WILLIAM SADOWSKY 7-4-9H-142-96,MANNING
30144,,3302502783,OG,PNC,3/6/2018,,LOT1 4-142-96,"LIME ROCK RESOURCES III-A, L.P.",SCHNEIDER 10-33-28H-143-96L,FAYETTE
30145,,3302502784,OG,PNC,3/6/2018,,LOT1 4-142-96,"LIME ROCK RESOURCES III-A, L.P.",SCHNEIDER 9-33-28H-143-96,FAYETTE
30146,,3302502785,OG,PNC,3/6/2018,,LOT1 4-142-96,"LIME ROCK RESOURCES III-A, L.P.",SCHNEIDER 8-33-28H-143-96,FAYETTE
19758,,3302501187,OG,PNC,3/14/2012,,SESW 7-142-96,OXY USA INC.,VINCENT STEFFAN 1-7-6H-142-96,MANNING
20390,120390,3302501295,OG,A,5/22/2012,19035,SESW 7-142-96,"LIME ROCK RESOURCES III-A, L.P.",BULLINGER TRUST 1-18-19H-142-96,MANNING
22576,122576,3302501653,OG,A,8/5/2025,20215,SESW 7-142-96,"LIME ROCK RESOURCES III-A, L.P.",FEDERAL STEFFAN 1-7-6H-142-96,MANNING
21920,121920,3302501551,OG,A,5/3/2023,21198,SESE 8-142-96,"LIME ROCK RESOURCES III-A, L.P.",SHARON RAINEY 1-17-20H-142-96,MANNING
22559,122559,3302501646,OG,A,11/8/2012,19455,SESE 8-142-96,"LIME ROCK RESOURCES III-A, L.P.",FEDERAL TORMASCHY  1-8-5H-142-96,MANNING
29411,129411,3302502662,OG,PA,1/24/2022,21153,SESE 8-142-96,"LIME ROCK RESOURCES III-A, L.P.",SHARON RAINEY 2-17-20H-142-96,MANNING
29412,218343,3302502663,OG,A,1/28/2023,20697,SESE 8-142-96,"LIME ROCK RESOURCES III-A, L.P.",SHARON RAINEY 3-17-20H-142-96,MANNING
29524,,3302502671,OG,PNC,10/23/2015,,SESE 8-142-96,OXY USA INC.,SHARON RAINEY 4-17-20H-142-96,MANNING
29580,218343,3302502683,OG,A,7/3/2024,20966,SESE 8-142-96,"LIME ROCK RESOURCES III-A, L.P.",SHARON RAINEY 5-17-20H-142-96L,MANNING
27957,127957,3302502500,OG,A,10/15/2018,20329,SWSE 9-142-96,"LIME ROCK RESOURCES III-A, L.P.",WILLIAM SADOWSKY 2-9-4H-142-96,MANNING
27958,127958,3302502501,OG,A,9/3/2025,20883,SWSE 9-142-96,"LIME ROCK RESOURCES III-A, L.P.",STATE DVORAK A  2-16-21H-142-96,MANNING
19877,119877,3302501209,OG,A,10/15/2018,19995,SESW 10-142-96,"LIME ROCK RESOURCES III-A, L.P.",LOUIS SADOWSKY 1-10-3H-142-96,MANNING
20300,120300,3302501283,OG,A,11/30/2011,20775,SESW 10-142-96,"LIME ROCK RESOURCES III-A, L.P.",LILLIAN SADOWSKY 1-15-22H-142-96,MANNING
10374,,3302500373,OG,DRY,11/19/1983,9600,SENW 14-142-96,GULF OIL CORP.,SADOWSKY 1-14-1C,WILDCAT
19024,119024,3302501105,OG,A,10/3/2024,20266,NWNW 16-142-96,"LIME ROCK RESOURCES III-A, L.P.",DVORAK STATE 1-16-21H-142-96,MANNING
29722,,3302502708,OG,PNC,10/23/2015,,NWNW 16-142-96,OXY USA INC.,STATE DVORAK A 5-16-21H-142-96,MANNING
29723,218343,3302502709,OG,A,1/23/2023,20247,NWNW 16-142-96,"LIME ROCK RESOURCES III-A, L.P.",STATE DVORAK A 4-16-21H-142-96,MANNING
29724,,3302502710,OG,PNC,10/23/2015,,NWNW 16-142-96,OXY USA INC.,STATE DVORAK A 3-16-21H-142-96 L,MANNING
30912,,3302502890,OG,PNC,1/27/2023,,NENW 16-142-96,"LIME ROCK RESOURCES III-A, L.P.",STATE DVORAK A 6-16-21H-142-96,MANNING
31047,,3302502899,OG,PNC,1/27/2023,,NENE 16-142-96,"LIME ROCK RESOURCES III-A, L.P.",STATE DVORAK A 8-16-21H-142-96,MANNING
31048,,3302502900,OG,PNC,1/27/2023,,NENE 16-142-96,"LIME ROCK RESOURCES III-A, L.P.",STATE DVORAK A 9-16-21H-142-96L,MANNING
12841,,3302500452,OG,DRY,3/1/1991,13360,NENW 17-142-96,AMERICAN HUNTER EXPLORATION LTD.,AHEL ET AL KNIFE RIVER H5,WILDCAT
20584,,3302501339,OG,PNC,11/16/2011,,NWNE 17-142-96,OXY USA INC.,SHARON RAINEY CANCELED 1-17-20H-142-96,MANNING
20585,,3302501340,OG,PNC,3/8/2012,,NWNE 17-142-96,OXY USA INC.,RALPH TORMASCHY 1-8-5H-142-96 (canceled),MANNING
8896,,3302500256,OG,DRY,11/4/1981,11280,SWSE 17-142-96,"TERRA RESOURCES, INC.",DVORAK 1-17,WILDCAT
9133,,3302500285,OG,DRY,11/8/1981,9550,SESW 23-142-96,AMOCO PRODUCTION CO.,SADOWSKY AMOCO C 1,WILDCAT
23845,123845,3302501871,OG,A,2/11/2013,19342,NENW 24-142-96,MORNINGSTAR OPERATING LLC,RIDL 1-24-25H-142-96,RUSSIAN CREEK
8491,108491,3302500211,SWD,AB,10/17/2025,14311,NESW 30-142-96,RM RESOURCES LLC,BULLINGER 1-30,RUSSIAN CREEK
7360,,3302500151,OG,PA,7/25/1980,13137,NENE 31-142-96,MESA PETROLEUM CO.,KIRSCH 1-31,RUSSIAN CREEK
21844,121844,3302501537,OG,A,3/1/2021,20242,SESW 32-142-96,MORNINGSTAR OPERATING LLC,KEARY KADRMAS 1-32-29H-142-96,RUSSIAN CREEK
26366,126366,3302502274,OG,A,12/22/2013,19912,SESW 32-142-96,MORNINGSTAR OPERATING LLC,KEARY KADRMAS 2-32-29H-142-96,RUSSIAN CREEK
8403,108403,3302500203,OG,PA,11/7/2016,9550,NENE 32-142-96,"BLACK GOLD ENERGY RESOURCE DEVELOPMENT, LLC",BURESH 1-32,RUSSIAN CREEK
9815,109815,3302500354,SWD,A,12/15/2019,9605,SESE 32-142-96,"MCKENZIE ENERGY PARTNERS, LLC",GEORGE DVORAK 1 SWD,RUSSIAN CREEK
16614,,3302500627,OG,PNC,8/6/2008,,SESE 33-142-96,ANSCHUTZ EXPLORATION CORPORATION,DVORAK TRUST 44-33H,RUSSIAN CREEK
22445,122445,3302501627,OG,A,9/19/2012,20597,SWSW 33-142-96,MORNINGSTAR OPERATING LLC,HATTIE DVORAK  1-33-28H-142-96,RUSSIAN CREEK
9126,,3302500284,SWD,IA,3/18/2025,9580,SENW 33-142-96,"LOENBRO DISPOSAL SERVICES, LLC",BURESH 33-2,RUSSIAN CREEK
16615,,3302500628,OG,PNC,8/6/2008,,NWNW 34-142-96,ANSCHUTZ EXPLORATION CORPORATION,RIDL 11-34H,RUSSIAN CREEK
22441,122441,3302501623,OG,A,2/12/2013,20571,SWSW 34-142-96,MORNINGSTAR OPERATING LLC,BINSTOCK 1-34-27H-142-96,RUSSIAN CREEK
12755,,3302500444,OG,DRY,11/1/1990,9480,SESE 35-142-96,TATEX ENERGY,EMILY 1,RUSSIAN CREEK
24705,124705,3302502030,OG,A,5/19/2013,25437,SESW 35-142-96,"LIME ROCK RESOURCES III-A, L.P.",STAG 1-35-23H-142-96,RUSSIAN CREEK
19494,119494,3302501160,OG,A,7/4/2023,20265,NENW 36-142-96,MORNINGSTAR OPERATING LLC,ALFRED SADOWSKY 1-36-1H-141-96,RUSSIAN CREEK
16374,,3302500601,OG,PNC,9/26/2007,,LOT1 3-142-97,"ANSBRO PETROLEUM COMPANY, LLC",FISHER-GRIGGS 41-3H,WILLMEN
25641,125641,3302502169,OG,A,9/23/2013,20939,LOT3 3-142-97,"LIME ROCK RESOURCES III-A, L.P.",JAKE MCNIECE 1-34-27H-143-97,WILLMEN
25642,125642,3302502170,OG,A,6/4/2024,20279,LOT3 3-142-97,"LIME ROCK RESOURCES III-A, L.P.",STATE BRIAN SADOWSKY 2-3-10H-142-97,WILLMEN
16522,116522,3302500616,OG,A,7/15/2018,9555,SWSW 4-142-97,"P.O. & G. OPERATING, LLC",GRIGGS 1-4,WILLMEN
16989,116989,3302500708,OG,PA,9/20/2022,9700,SWNW 4-142-97,"LIME ROCK RESOURCES III-A, L.P.",MEYER 1-4,WILLMEN
10115,,3302500360,OG,DRY,5/3/1983,13314,NWNW 5-142-97,TENNECO OIL CO.,FRANCHUK 2-5,WILDCAT
15989,115989,3302500571,OG,A,11/4/2025,17010,SESE 5-142-97,"LIME ROCK RESOURCES III-A, L.P.",FRANCHUK 44-5H,WILLMEN
16590,116590,3302500623,OG,A,7/23/2007,9705,SESE 5-142-97,"P.O. & G. OPERATING, LLC",FRANCHUK 1-5,WILLMEN
16043,116043,3302500572,OG,A,12/4/2025,17167,NWNW 7-142-97,"LIME ROCK RESOURCES III-A, L.P.",STEFFAN FAMILY TRUST 11-7H,WILLMEN
16521,116521,3302500615,OG,PA,6/17/2023,19224,SWNW 8-142-97,"LIME ROCK RESOURCES III-A, L.P.",GRIGGS 12-8H,WILLMEN
16592,116592,3302500624,OG,PA,6/17/2023,9803,E2NE 8-142-97,"LIME ROCK RESOURCES III-A, L.P.",GRIGGS 1-8,WILLMEN
22197,122197,3302501578,OG,A,7/15/2019,20388,NWNW 8-142-97,"LIME ROCK RESOURCES III-A, L.P.",GRIGGS 2-8-9H-142-97,WILLMEN
12400,112400,3302500438,OG,PA,2/12/2025,13660,NWSE 9-142-97,MUREX PETROLEUM CORPORATION,GRIGGS 33-9,WILLMEN
16466,116466,3302500612,OG,A,2/24/2007,10815,NWNW 9-142-97,"P.O. & G. OPERATING, LLC",GRIGGS 1-9,WILLMEN
15127,,3302500556,OG,PNC,12/29/2004,,SESE 10-142-97,"WESTPORT OIL & GAS COMPANY, L.P.",SADOWSKY TRUST 2-10H,WILLMEN
20572,120572,3302501336,OG,A,11/5/2024,19576,SWSW 10-142-97,"LIME ROCK RESOURCES III-A, L.P.",STATE BRIAN SADOWSKY 1-10-3H-142-97,WILLMEN
21705,121705,3302501503,OG,A,9/5/2012,20854,SWSW 10-142-97,"LIME ROCK RESOURCES III-A, L.P.",ENGER 1-15-22H-142-97,WILLMEN
15084,115084,3302500548,OG,A,4/2/2001,13400,SWSW 11-142-97,SCOUT ENERGY MANAGEMENT LLC,SADOWSKY TRUST 1-11H,WILLMEN
22070,122070,3302501565,OG,IA,11/18/2025,20229,NENW 11-142-97,"LIME ROCK RESOURCES III-A, L.P.",MILDRED SADOWSKY  1-11-14H-142-97,WILLMEN
26538,126538,3302502300,OG,A,7/3/2024,19528,NENW 11-142-97,"LIME ROCK RESOURCES III-A, L.P.",MILDRED SADOWSKY  2-11-14H-142-97,WILLMEN
26678,126678,3302502309,OG,A,11/5/2024,20396,NENW 11-142-97,"LIME ROCK RESOURCES III-A, L.P.",MILDRED SADOWSKY  3-11-14H-142-97,WILLMEN
19759,119759,3302501188,OG,A,2/9/2012,20440,SESW 12-142-97,"LIME ROCK RESOURCES III-A, L.P.",JOE V SEMERAD 1-12-1H-142-97,WILLMEN
20349,120349,3302501289,OG,A,1/30/2012,21078,SESW 12-142-97,"LIME ROCK RESOURCES III-A, L.P.",EDWARD POLENSKY 1-13-24H-142-97,WILLMEN
14727,,3302500519,OG,DRY,10/29/1998,11256,NWNW 14-142-97,BURLINGTON RESOURCES OIL & GAS COMPANY LP,SADOWSKY 55-10X,WILLMEN
16310,,3302500594,OG,PNC,8/20/2007,,NWNW 14-142-97,"ANSBRO PETROLEUM COMPANY, LLC",POLENSKY 11-14H,WILLMEN
20571,,3302501335,OG,PNC,12/12/2011,,SESW 14-142-97,OXY USA INC.,MILDRED SADOWSKY  1-14-11H-142-97 Canceled,WILLMEN
14626,114626,3302500510,OG,A,5/9/2008,14250,NWNW 15-142-97,COBRA OIL & GAS CORPORATION,JOSODEN 11-15HR,WILLMEN
21293,221293,3302501439,OG,A,11/22/2022,20816,SESE 19-142-97,MORNINGSTAR OPERATING LLC,MAURICE HECKER 1-19-18H-142-97,WILLMEN
27888,221293,3302502492,OG,A,7/30/2014,20639,SESE 19-142-97,MORNINGSTAR OPERATING LLC,MAURICE HECKER 2-19-18H-142-97,WILLMEN
21642,121642,3302501492,OG,A,9/4/2024,20293,SESW 20-142-97,MORNINGSTAR OPERATING LLC,COYOTE CREEK 1-20-17H-142-97,WILLMEN
19438,119438,3302501155,OG,A,12/5/2023,19932,SESW 21-142-97,MORNINGSTAR OPERATING LLC,FISHER STATE 1-21-16H-142-97,WILLMEN
16714,,3302500643,OG,PNC,7/17/2008,,CSE 23-142-97,ANSCHUTZ EXPLORATION CORPORATION,CHARLIE 1-23,WILLMEN
5621,,3302500057,OG,DRY,8/12/1975,13234,NENW 23-142-97,MESA PETROLEUM CO.,ROSHAU 1,WILDCAT
16255,116255,3302500587,OG,A,10/16/2008,19331,NWNW 25-142-97,"P.O. & G. OPERATING, LLC",KADRMAS 11-25H,RUSSIAN CREEK
16668,,3302500635,OG,DRY,7/12/2007,9803,NWNW 25-142-97,ANSCHUTZ EXPLORATION CORPORATION,CHARLIE 1-25,RUSSIAN CREEK
8754,,3302500240,OG,PA,5/30/1984,13215,NESE 25-142-97,VANDERBILT RESOURCES CORP.,KADRMAS 1-25,RUSSIAN CREEK
8755,108755,3302500241,OG,PNC,7/17/1984,,SENW 25-142-97,VANDERBILT RESOURCES CORP.,KADRMAS-STATE 1-25,RUSSIAN CREEK
22271,122271,3302501597,OG,A,5/12/2012,20699,SESW 26-142-97,"LIME ROCK RESOURCES III-A, L.P.",STATE CALLY 1-26-23H-142-97,WILLMEN
22351,122351,3302501611,OG,A,7/9/2012,20276,NWNE 28-142-97,MORNINGSTAR OPERATING LLC,LOUIE PAVLICEK 1-28-33H-142-97,WILLMEN
22352,122352,3302501612,OG,A,7/12/2012,19911,NWNE 28-142-97,MORNINGSTAR OPERATING LLC,STATE FISHER 2-21-16H-142-97,WILLMEN
9568,,3302500329,OG,DRY,7/15/1982,11468,NWSE 29-142-97,"TERRA RESOURCES, INC.",STEFFAN 1-29,WILDCAT
41105,241105,3302504971,OG,A,1/30/2025,21055,LOT1 30-142-97,"Murfin Drilling Company, Inc.",Steffan 1-30H,WILLMEN
41114,241105,3302504972,OG,A,1/30/2025,21627,NWNW 30-142-97,"Murfin Drilling Company, Inc.",Steffan 1-25H,SNOW
41115,241105,3302504973,OG,A,1/30/2025,21575,NWNW 30-142-97,"Murfin Drilling Company, Inc.",Steffan 1-24H,SNOW
41219,,3302505001,SWD,A,1/30/2025,6102,NWNW 30-142-97,"Murfin Drilling Company, Inc.",Steffan 1-30 SWD,WILLMEN
16192,116192,3302500581,OG,A,11/22/2022,16752,SESE 32-142-97,MORNINGSTAR OPERATING LLC,PAVLICEK 44-32H,WILLMEN
20749,120749,3302501358,OG,A,12/1/2011,21151,SWSE 32-142-97,MORNINGSTAR OPERATING LLC,MARLENE STEFFAN 1-5-8H-141-97,ST. ANTHONY
20441,120441,3302501308,OG,A,3/9/2013,19935,SESW 34-142-97,MORNINGSTAR OPERATING LLC,STATE MARSH 1-34-27H-142-97,WILLMEN
20425,120425,3302501304,OG,A,12/5/2023,20568,NWSW 35-142-97,MORNINGSTAR OPERATING LLC,STATE POLENSKY 1-35-36H-142-97,WILLMEN
16031,116031,3300701534,OG,A,7/17/2007,17820,NENE 1-142-98,"LIME ROCK RESOURCES III-A, L.P.",KADRMAS 41-1H,WILLMEN
11782,,3300701085,OG,DRY,11/24/1985,11730,NENW 3-142-98,"MERIDIAN OIL, INC.",REPETOWSKI 21-3,WILDCAT
9648,,3300700875,OG,DRY,7/27/1982,9950,SWSE 3-142-98,ANADARKO PRODUCTION CO.,REPETOWSKI A-1,WILDCAT
16411,116411,3300701579,OG,PA,8/25/2022,16554,SWSW 5-142-98,"CONTINENTAL RESOURCES, INC.",KRUSH 1-5H,SADDLE BUTTE
16594,,3300701606,OG,PNC,12/10/2014,,NWNW 9-142-98,"CONTINENTAL RESOURCES, INC.",SKRUPEY 1-9H,ST. DEMETRIUS
21859,121859,3300701709,OG,A,12/15/2018,19790,SESW 9-142-98,"CONTINENTAL RESOURCES, INC.",SKURUPEY  1-9H,SADDLE BUTTE
14883,,3300701403,OG,DRY,1/22/1999,10889,SESE 13-142-98,"CANYON ENERGY OPERATING, L.L.C.",MCGWIRES HR 13-44,WILDCAT
6470,,3300700245,OG,PA,8/29/1982,13430,SWSW 15-142-98,CRYSTAL EXPLORATION & PRODUCTION CO.,SCHMIDT 1,SADDLE BUTTE
7586,,3300700524,OG,DRY,7/3/1982,13360,SWSE 16-142-98,CRYSTAL EXPLORATION & PRODUCTION CO.,SCHMIDT STATE 34-16,SADDLE BUTTE
11432,,3300701052,OG,DRY,8/4/1985,13400,NESW 18-142-98,PETRO-LEWIS CORP.,DUTCHAK 23-18,WILDCAT
13939,,3300701360,OG,DRY,7/5/2004,13370,SWNE 22-142-98,"ARMSTRONG OPERATING, INC.",SCHMIDT 32-22,SADDLE BUTTE
16901,116901,3300701613,OG,PA,5/12/2021,9837,SWNE 22-142-98,"ARMSTRONG OPERATING, INC.",SCHMIDT  22-1,SADDLE BUTTE
24716,124716,3300701778,OG,A,6/1/2023,20954,SESW 22-142-98,MORNINGSTAR OPERATING LLC,JOHN KINNE  1-27-34H-142-98,SNOW
24717,124717,3300701779,OG,A,4/28/2013,20727,SESW 22-142-98,MORNINGSTAR OPERATING LLC,RICHARD LONGFELLOW 1-22-15H-142-98,SADDLE BUTTE
99016,,3300399016,ST,DRY,9/20/1959,,18-143-56,LEHIGH PORTLAND CEMENT CO.,GREAT NORTHERN RAILWAY CO. 9,WILDCAT
9896,,3300300008,OG,PNC,5/26/1983,,SWSE 14-143-57,NYVATEX OIL CORP.,TRIEBOLD 34-14,WILDCAT
4689,,3300300007,OG,DRY,6/30/1969,1370,SWNE 29-143-58,JACK M. JOHNSTON DRILLING CORP.,MATHILDA WEILAND 1,WILDCAT
401,,3300300003,OG,DRY,10/8/1953,1690,SESW 23-143-61,WRIGHT & POLLARD,GREGORY 1,WILDCAT
9776,,3309300022,OG,DRY,9/9/1982,3100,SWSE 8-143-63,"DABBLER PETROLEUM, INC.",WANZEK 34-8,WILDCAT
4555,,3309300018,OG,DRY,11/20/1968,1450,NWNE 35-143-63,CHAMBERS & KENNEDY,RAY NUTT 1,WILDCAT
602,,3309300007,OG,DRY,6/16/1954,3685,NWNW 4-143-69,S. D. JOHNSON DRILLING CO.,J. J. JOHNSON 1,WILDCAT
230,,3304300004,OG,DRY,1/15/1953,5154,NESE 16-143-71,CARTER OIL CO.,NORTH DAKOTA STATE 1,WILDCAT
1371,,3301500012,OG,DRY,1/25/1957,4290,SESW 30-143-75,CONTINENTAL OIL CO.,J. F. MILLER 1,WILDCAT
4628,,3301500026,OG,DRY,9/13/1969,3252,NENE 6-143-79,RALPH O. BROWN,EDWIN AUNE 1,WILDCAT
4938,,3306500006,OG,DRY,9/25/1970,5759,SWNW 10-143-83,GENERAL AMERICAN OIL COMPANY OF TEXAS,ROCKENBACH 1-10,WILDCAT
9281,,3306500016,OG,DRY,3/7/1982,10215,SENW 9-143-84,"EXXON COMPANY, U.S.A.",OVRI 1,WILDCAT
4939,,3306500007,OG,DRY,8/24/1970,6227,NENE 33-143-84,GENERAL AMERICAN OIL COMPANY OF TEXAS,SCHULTE 1-33,WILDCAT
4942,,3306500010,OG,DRY,8/26/1970,6461,SENE 34-143-86,GENERAL AMERICAN OIL COMPANY OF TEXAS,RAYMOND JENSEN 1-34,WILDCAT
2826,,3305700003,OG,DRY,3/27/1961,8465,SESW 1-143-90,SINCLAIR OIL & GAS COMPANY,AUGUST HAUCK 1,WILDCAT
6683,,3305700022,OG,DRY,11/10/1978,11775,NWSW 13-143-90,TRUE OIL CO.,HAUCK 13-13,WILDCAT
17623,,3305700033,OG,DRY,5/4/2012,12350,SESE 25-143-90,STATOIL OIL & GAS LP,WANNER 25 1-H,WILDCAT
8863,,3302500253,OG,DRY,9/20/1981,12120,SESE 13-143-91,"BWAB, INC.",ENTZE 13-44,WILDCAT
18008,,3302500909,OG,DRY,3/26/2009,10263,SESE 16-143-92,XTO ENERGY INC,HANEL STATE 44X-16,WILDCAT
9106,,3302500281,OG,DRY,8/23/1982,12600,NENW 16-143-92,UNION OIL COMPANY OF CALIFORNIA,SMITH 1-C16,WILDCAT
3044,,3302500020,OG,DRY,2/6/1962,12157,NENE 27-143-92,AMERADA HESS CORPORATION,MARIE SELLE (TRACT 1) 1,WILDCAT
4527,,3302500030,OG,DRY,9/19/1968,5222,NESW 5-143-93,FRED GOODSTEIN,HILDA SYNNESS 1,WILDCAT
1787,,3302500012,OG,DRY,5/31/1958,8907,NWNE 23-143-93,SINCLAIR OIL & GAS COMPANY,BILL P. HEIDECKER 1,WILDCAT
17802,,3302500865,OG,PNC,5/6/2010,,NWNW 29-143-93,"TRACKER RESOURCE DEVELOPMENT II, LLC",MYRAN 29-1H,MURPHY CREEK
18223,118223,3302500951,OG,A,1/15/2019,19777,NENW 2-143-94,ENERPLUS RESOURCES USA CORPORATION,RIEMER 2-1H,MURPHY CREEK
9851,,3302500355,OG,DRY,12/30/1982,13050,SENE 2-143-94,GETTY OIL CO.,SAXON 2-8,WILDCAT
17101,,3302500735,OG,PNC,5/21/2013,,NENW 4-143-94,"HESS BAKKEN INVESTMENTS II, LLC",KNUTSON 4-1H,MURPHY CREEK
17873,,3302500880,OG,PNC,5/14/2010,,LOT3 5-143-94,"TRACKER RESOURCE DEVELOPMENT II, LLC",STECKLER 5-1H,MURPHY CREEK
20453,120453,3302501311,OG,A,9/13/2011,20333,SWSE 7-143-94,ENERPLUS RESOURCES USA CORPORATION,WALLACE 7-1H,MURPHY CREEK
22043,122043,3302501564,OG,A,12/5/2023,19911,SWSE 8-143-94,ENERPLUS RESOURCES USA CORPORATION,MC-STECKLER-143-94- 0805H-1,MURPHY CREEK
16769,,3302500666,OG,PA,10/31/2013,19556,NENW 12-143-94,ENERPLUS RESOURCES USA CORPORATION,HUESKE 12-1H,MURPHY CREEK
8652,,3302500230,OG,DRY,7/17/1981,13049,SENW 12-143-94,MOSBACHER PRODUCTION CO.,FELMONT HUESKE 12-1,WILDCAT
5155,,3302500042,OG,DRY,1/4/1972,7786,SWSW 13-143-94,SHAR-ALAN OIL CORP.,ED MACKEY 1,WILDCAT
24938,,3302502061,OG,PNC,3/11/2015,,SESW 19-143-94,OXY USA INC.,MARY WALKER 1-30-31H-143-94,MURPHY CREEK
24939,124939,3302502062,OG,A,11/15/2018,19722,SESW 19-143-94,"LIME ROCK RESOURCES III-A, L.P.",FEDERAL ADELBERT AMES 1-19-18H-143-94,MURPHY CREEK
22567,,3302501650,OG,DRY,7/1/2012,1872,SWSE 20-143-94,OXY USA INC.,STATE BUFFALO BILL 1-20-17H-143-94 OLD,MURPHY CREEK
23248,123248,3302501787,OG,A,4/15/2019,19548,SWSE 20-143-94,"LIME ROCK RESOURCES III-A, L.P.",STATE BUFFALO BILL 1-20-17H-143-94,MURPHY CREEK
13687,,3302500493,OG,DRY,9/2/1994,10860,SWNW 21-143-94,WEST BAY EXPLORATION CO.,WEST BAY DVORAK 1,WILDCAT
6591,,3302500127,OG,DRY,10/13/1978,12792,NWNW 35-143-94,AMOCO PRODUCTION CO.,ODIN ANDERSON 1,WILDCAT
19608,,3302501170,OG,DRY,3/8/2011,2170,LOT2 2-143-95,ANSCHUTZ EXPLORATION CORPORATION,HARLAN REBSOM 1-2-11H-143-95,MURPHY CREEK
20581,120581,3302501338,OG,A,7/2/2011,20354,LOT2 2-143-95,"LIME ROCK RESOURCES III-A, L.P.",HARLAN REBSOM 1-2-11H-143-95X,MURPHY CREEK
36080,,3302503701,OG,LOC,5/16/2025,,LOT2 2-143-95,"LIME ROCK RESOURCES III-A, L.P.",HARLAN REBSOM 2-2-11H-143-95L,MURPHY CREEK
18847,118847,3302501074,OG,A,9/4/2024,20523,LOT2 3-143-95,"LIME ROCK RESOURCES III-A, L.P.",ELEANOR TWIST  1-3-10H-143-95,MURPHY CREEK
24926,218343,3302502059,OG,IA,10/17/2025,20047,NENW 3-143-95,"LIME ROCK RESOURCES III-A, L.P.",ELEANOR TWIST 2-3-10H-143-95,MURPHY CREEK
38767,218343,3302504413,OG,A,1/4/2023,21220,LOT3 3-143-95,"LIME ROCK RESOURCES III-A, L.P.",Eleanor Twist 3-3-10H 143-95,MURPHY CREEK
38768,218343,3302504414,OG,A,1/4/2023,21235,LOT3 3-143-95,"LIME ROCK RESOURCES III-A, L.P.",ELEANOR TWIST 4-3-10H-143-95,MURPHY CREEK
17525,218343,3302500809,OG,A,2/15/2019,20080,LOT2 4-143-95,"LIME ROCK RESOURCES III-A, L.P.",TWIST 31-4H,MURPHY CREEK
18300,218343,3302500969,OG,A,2/15/2019,20375,LOT2 4-143-95,"LIME ROCK RESOURCES III-A, L.P.",NEAL 1-33-28H-144-95,MURPHY CREEK
28421,218343,3302502554,OG,PNC,5/22/2015,,LOT3 4-143-95,OXY USA INC.,TWIST 2-4-9H-143-95,MURPHY CREEK
28422,,3302502555,OG,PNC,5/22/2015,,LOT3 4-143-95,OXY USA INC.,NEAL  2-33-28H-144-95,MURPHY CREEK
34114,218343,3302503376,OG,A,10/3/2023,21430,LOT3 4-143-95,"LIME ROCK RESOURCES III-A, L.P.",TWIST 2-4-9H-143-95,MURPHY CREEK
34115,218343,3302503377,OG,A,10/3/2023,21044,LOT3 4-143-95,"LIME ROCK RESOURCES III-A, L.P.",NEAL 2-33-28H-144-95,MURPHY CREEK
34116,218343,3302503378,OG,A,3/3/2023,21090,LOT3 4-143-95,"LIME ROCK RESOURCES III-A, L.P.",TWIST 3-4-9H-143-95,MURPHY CREEK
34117,218343,3302503379,OG,A,3/3/2023,21092,LOT3 4-143-95,"LIME ROCK RESOURCES III-A, L.P.",NEAL 3-33-28H-144-95,MURPHY CREEK
35654,218343,3302503611,OG,A,3/3/2023,21213,LOT2 4-143-95,"LIME ROCK RESOURCES III-A, L.P.",TWIST 5-3-10H-143-95L,MURPHY CREEK
35655,218343,3302503612,OG,A,4/4/2023,21255,LOT2 4-143-95,"LIME ROCK RESOURCES III-A, L.P.",NEAL 5-33-28H-144-95L,MURPHY CREEK
38868,218343,3302504459,OG,A,8/9/2023,21277,NENW 4-143-95,"LIME ROCK RESOURCES III-A, L.P.",TWIST 4-4-9H-143-95,MURPHY CREEK
38869,218343,3302504460,OG,A,8/2/2023,21237,NENW 4-143-95,"LIME ROCK RESOURCES III-A, L.P.",NEAL 4-33-28H-144-95,MURPHY CREEK
17448,117448,3302500796,OG,A,7/15/2018,19961,LOT2 5-143-95,"LIME ROCK RESOURCES III-A, L.P.",WITTINGER 31-5H,MURPHY CREEK
24082,224082,3302501917,OG,A,10/3/2023,20831,LOT2 5-143-95,MARATHON OIL COMPANY,SCHMIDT 34-32H,MURPHY CREEK
24083,224082,3302501918,OG,A,9/4/2024,21024,LOT2 5-143-95,MARATHON OIL COMPANY,KEVIN SCHMIDT 44-32H,MURPHY CREEK
17437,218343,3302500795,OG,A,9/6/2023,19740,SESE 7-143-95,"LIME ROCK RESOURCES III-A, L.P.",SCOTT 34-7H,MURPHY CREEK
21685,121685,3302501497,OG,A,12/3/2022,20279,SWSW 7-143-95,"LIME ROCK RESOURCES III-A, L.P.",SCOTT  2-7-6H-143-95,MURPHY CREEK
21686,121686,3302501498,OG,A,6/2/2023,20780,LOT4 7-143-95,"LIME ROCK RESOURCES III-A, L.P.",FEDERAL KUBIK TRUST 2-18-19H-143-95,MURPHY CREEK
35029,218343,3302503510,OG,A,9/27/2018,21217,SESE 7-143-95,"LIME ROCK RESOURCES III-A, L.P.",SCOTT 3-7-6H-143-95,MURPHY CREEK
7994,,3302500175,OG,DRY,12/30/1980,9530,NENE 8-143-95,AMOCO PRODUCTION CO.,WITTINGER 1,WILDCAT
28240,,3302502518,OG,PNC,5/22/2015,,SWSW 11-143-95,OXY USA INC.,HARLAN REBSOM 4-11-2H-143-95,MURPHY CREEK
28241,218343,3302502519,OG,A,3/3/2023,20675,SWSW 11-143-95,"LIME ROCK RESOURCES III-A, L.P.",REBSOM 5-14-23H-143-95,MURPHY CREEK
28242,218343,3302502520,OG,A,9/12/2017,20675,SWSW 11-143-95,"LIME ROCK RESOURCES III-A, L.P.",REBSOM 3-14-23H-143-95,MURPHY CREEK
28243,218343,3302502521,OG,A,9/10/2017,20725,SWSW 11-143-95,"LIME ROCK RESOURCES III-A, L.P.",REBSOM 4-14-23H-143-95,MURPHY CREEK
19206,119206,3302501134,OG,A,3/28/2011,19990,SWSE 12-143-95,"LIME ROCK RESOURCES III-A, L.P.",NELSON 1-12-1H-143-95,MURPHY CREEK
21263,218343,3302501429,OG,A,10/3/2023,20949,NWNW 17-143-95,"LIME ROCK RESOURCES III-A, L.P.",WITTINGER 2-8-5H-143-95,MURPHY CREEK
21264,121264,3302501430,OG,AB,3/19/2024,19437,NWNW 17-143-95,"LIME ROCK RESOURCES III-A, L.P.",EMIL VEVERKA 2-17-20H-143-95,MURPHY CREEK
26636,126636,3302502301,OG,A,4/6/2014,20288,NENW 17-143-95,"LIME ROCK RESOURCES III-A, L.P.",EMIL VEVERKA 3-17-20H-143-95,MURPHY CREEK
26746,126746,3302502326,OG,A,4/6/2014,20249,NENW 17-143-95,"LIME ROCK RESOURCES III-A, L.P.",EMIL VEVERKA 4-17-20H-143-95,MURPHY CREEK
26747,126747,3302502327,OG,A,1/15/2018,20937,NENW 17-143-95,LIME R,,
9898,,3309100006,OG,PNC,5/26/1983,,SESE 5-144-56,NYVATEX OIL CORP.,ZERFACE 44-5,WILDCAT
9884,,3309100003,OG,DRY,11/21/1982,1529,SWSW 16-144-56,NYVATEX OIL CORP.,DRONEN 14-16,WILDCAT
9885,,3309100004,OG,DRY,12/10/1982,1515,SWNW 28-144-56,NYVATEX OIL CORP.,FOSDICK 12-28,WILDCAT
9922,,3309100007,OG,DRY,11/28/1982,1414,SWNW 28-144-56,NYVATEX OIL CORP.,FOSDICK 12-28-R,WILDCAT
99118,,3309199118,ST,DRY,9/13/1959,1285,SWSW 32-144-57,LEHIGH PORTLAND CEMENT CO.,GREAT NORTHERN RAILWAY CO. 8,WILDCAT
99099,,3303999099,ST,DRY,1/14/1969,1300,NESW 18-144-58,"NORTHERN RESOURCES, INC.",HAUGEN 1-18,WILDCAT
99156,,3303999156,ST,DRY,,,NESW 18-144-58,"NORTHERN RESOURCES, INC.",HAUGEN 1-18,WILDCAT
99075,,3303999075,ST,DRY,11/24/1968,1265,SWSE 24-144-58,"NORTHERN RESOURCES, INC.",CHRISTIANSON 1-24,WILDCAT
99155,,3303999155,ST,DRY,,,SWSE 24-144-58,"NORTHERN RESOURCES, INC.",CHRISTIANSON 1-24,WILDCAT
4853,,3303900006,OG,PNC,1/9/1970,,NWNE 9-144-59,"DYNA RAY OIL & GAS COMPANY, INC.",THEO STONE 1,WILDCAT
4713,,3303900003,OG,DRY,6/30/1969,1600,NWSE 15-144-60,JACK M. JOHNSTON DRILLING CO.,ENOCH LARSON 1,WILDCAT
4556,,3309300019,OG,DRY,11/24/1968,1600,NWNW 24-144-65,CHAMBERS & KENNEDY,ROGER NIELAND 1,WILDCAT
5724,,3304300006,OG,PNC,9/9/1976,,NWSE 26-144-72,ARNOLD R. LUND,LOWELL JASPER 1,WILDCAT
6256,,3304300007,OG,PNC,4/11/1983,,NWSW 16-144-74,GULF OIL CORP.,KIDDER STATE 1,WILDCAT
701,,3301500006,OG,DRY,10/2/1954,6300,NENE 36-144-75,CAROLINE HUNT TRUST ESTATE,BOARD OF UNIV AND SCHOOL LANDS 1,WILDCAT
763,,3301500009,OG,DRY,12/4/1954,6919,SESE 14-144-77,CAROLINE HUNT TRUST ESTATE,ANTON NOVY 1,WILDCAT
12057,,3301500046,OG,DRY,12/16/1989,7915,SESE 21-144-79,MCOR OIL & GAS CORP.,L. WALL 1-21,WILDCAT
4811,,3305500012,OG,DRY,12/20/1969,4120,NWNW 6-144-81,W. H. HUNT TRUST ESTATE,EMIL HOFF 1,WILDCAT
8720,,3305500035,OG,DRY,8/13/1981,8770,NENE 34-144-81,SUN EXPLORATION & PRODUCTION CO.,FAHLGREN 1,WILDCAT
4823,,3305700015,OG,DRY,11/24/1969,4800,NWNW 34-144-85,W. H. HUNT TRUST ESTATE,HANS WUERTH 1,WILDCAT
377,,3305700002,OG,DRY,11/4/1953,9014,SWSW 10-144-88,WILLISTON OIL & GAS CO.,BOECKEL ET AL 1,WILDCAT
6676,,3305700021,OG,PNC,8/23/1979,,NENE 4-144-89,ANADARKO PRODUCTION CO.,HORNING 1,WILDCAT
4808,,3305700013,OG,DRY,11/16/1969,5430,NWSE 11-144-89,W. H. HUNT TRUST ESTATE,BANK OF NORTH DAKOTA BUCKFINK 1,WILDCAT
8798,,3305700026,OG,DRY,8/15/1981,10289,NESE 6-144-90,"NUCORP ENERGY, INC.",BELFORD 1,WILDCAT
8799,,3305700027,OG,PNC,1/27/1983,,SWNE 6-144-90,"NUCORP ENERGY, INC.",LABEREE 1,WILDCAT
14834,,3305700031,OG,DRY,4/26/1998,9480,NWNW 9-144-90,ANSCHUTZ EXPLORATION CORPORATION,GOODMAN CREEK 4-9,WILDCAT
4706,,3305700007,OG,DRY,9/17/1969,4965,NWNE 17-144-90,LADD PETROLEUM CORP.,W. A. HERMAN 1,WILDCAT
14640,,3305700030,OG,DRY,7/29/1997,11971,N2SE 18-144-90,ANSCHUTZ EXPLORATION CORPORATION,JACOBSEN 9-18,WILDCAT
7616,,3305700023,OG,PA,8/13/1982,12050,SWNW 29-144-90,CONOCO INC.,ENTZE 29 1,DODGE
17761,,3302500855,OG,PNC,11/10/2009,,LOT3 6-144-91,XTO ENERGY INC,ELEANORE 21X-6,WILDCAT
7402,,3302500155,OG,DRY,2/18/1981,13200,SWNE 9-144-91,MOSBACHER PRODUCTION CO.,NEUROHR 9-1,WILDCAT
4712,,3302500034,OG,DRY,6/30/1969,5255,NESW 15-144-91,TEXACO INC.,ELMER WOLFF 1,WILDCAT
5233,,3302500047,OG,DRY,12/5/1972,8720,NESE 16-144-91,LAMAR HUNT,STATE OF NORTH DAKOTA 1,WILDCAT
11363,,3302500408,OG,DRY,5/12/1985,13307,SWSW 18-144-91,CONOCO INC.,CONOCO NEUROHR 18 1,WILDCAT
17985,,3302500903,OG,DRY,11/4/2011,17219,SESW 21-144-91,XTO ENERGY INC,KRAUTH TRUST 24X-21,WILDCAT
5029,,3302500039,OG,DRY,3/16/1971,5360,NWNE 30-144-91,TEXACO INC.,RODNE 1,WILDCAT
8563,,3302500219,OG,PNC,7/17/1984,,SESW 31-144-91,SANTA FE ENERGY CO.,STATE 1-31,WILDCAT
7346,,3302500150,SWD,A,2/25/2025,12850,SENE 7-144-92,"COMPASS SWD, LLC",KOHN SWD 1,HALLIDAY
5887,,3302500061,OG,PA,7/19/1994,12770,SWSW 8-144-92,TIPPERARY OIL & GAS CORPORATION,MCNAMARA 1-8,HALLIDAY
6244,,3302500098,OG,DRY,8/26/1977,7520,NENW 13-144-92,UNION OIL COMPANY OF CALIFORNIA,NORBERT J. MUGGLI 1-C13,WILDCAT
6202,,3302500089,OG,PNC,1/24/1979,,NENE 14-144-92,UNION OIL COMPANY OF CALIFORNIA,GEORGE H. FISHER 1-A14,WILDCAT
9595,,3302500331,OG,DRY,7/3/1982,10777,NWSW 15-144-92,GETTY OIL CO.,HALLIDAY 15-12,HALLIDAY
3199,,3302500022,OG,DRY,8/13/1962,9025,NWNE 16-144-92,AMERADA HESS CORPORATION,JOHN STEFFEN 1,WILDCAT
9080,,3302500274,OG,PA,11/7/1986,13550,SENW 16-144-92,TEXACO INC.,HALLIDAY 16-6,HALLIDAY
9082,,3302500275,OG,DRY,12/6/1981,10700,SENW 17-144-92,LADD PETROLEUM CORP.,MCNAMARA 1-17,HALLIDAY
9027,,3302500267,OG,DRY,11/12/1981,13358,SESW 31-144-92,LUFF EXPLORATION COMPANY,GELLER N-31,WILDCAT
8235,,3302500187,OG,DRY,4/22/1981,12500,SESE 36-144-92,SANTA FE ENERGY CO.,STATE 1-36,WILDCAT
17057,,3302500721,OG,PA,10/23/2013,19702,NENW 2-144-93,ENERPLUS RESOURCES USA CORPORATION,ROHDE 2-1H,SAXON
7460,107460,3302500160,OG,A,4/18/1980,13239,SWNW 4-144-93,"Phoenix Petroleum, LLC",NORDSVEN 1-4,SAXON
7919,,3302500172,OG,PNC,6/22/1983,,NWSE 4-144-93,"TERRA RESOURCES, INC.",NORDSVEN 2-4,SAXON
8745,,3302500238,OG,PA,7/23/1988,13150,NENE 5-144-93,APACHE CORPORATION,GEGELMANN-STATE 5-1,SAXON
8536,,3302500213,OG,DRY,7/27/1981,13682,SWSE 7-144-93,"TERRA RESOURCES, INC.",KLING 1-7,SAXON
8613,,3302500227,OG,DRY,9/8/1981,13865,SWSW 20-144-93,"EXXON COMPANY, U.S.A.",ADOLF GEIST 1,WILDCAT
8703,,3302500231,OG,PNC,6/9/1982,,SENE 30-144-93,"TERRA RESOURCES, INC.",DIETZ 1-30,WILDCAT
16744,116744,3302500653,OG,A,7/4/2025,19209,NENW 1-144-94,ENERPLUS RESOURCES USA CORPORATION,TRAMPE 1-1H,BAILEY
15059,,3302500544,OG,DRY,1/30/2001,10540,NWSW 3-144-94,MANCAL RESOURCES CORPORATION,MANCAL 1,WILDCAT
16758,116758,3302500657,OG,A,12/3/2024,19608,LOT3 4-144-94,MARATHON OIL COMPANY,SCHOLLMEYER 21-4H,BAILEY
18196,118196,3302500945,OG,A,8/5/2025,20135,LOT1 5-144-94,MARATHON OIL COMPANY,ANDI SCHOLLMEYER 41-5H,BAILEY
18591,118591,3302501025,OG,A,6/29/2010,20770,LOT4 7-144-94,MARATHON OIL COMPANY,JOSEPH SCHOLLMEYER 14-7H,MURPHY CREEK
21119,121119,3302501417,OG,A,2/3/2024,20622,SWSW 10-144-94,MARATHON OIL COMPANY,SHERALEE DOLEZAL USA 14-10H,BAILEY
41138,241138,3302504976,OG,A,6/2/2025,21812,NWNW 13-144-94,Phoenix Operating LLC,Marshall 11-2 2H,BAILEY
41220,241138,3302504987,OG,A,6/2/2025,22445,NWNW 13-144-94,Phoenix Operating LLC,Marshall 11-2 1H,BAILEY
41221,241138,3302504988,OG,A,6/3/2025,21292,NWNW 13-144-94,Phoenix Operating LLC,Marshall 11-2 3H,BAILEY
41222,241138,3302504989,OG,A,6/3/2025,20970,NWNW 13-144-94,Phoenix Operating LLC,Marshall 11-2 4H,BAILEY
41223,241138,3302504990,OG,A,5/30/2025,22539,NWNW 13-144-94,Phoenix Operating LLC,Marshall 14-23 1H,MURPHY CREEK
41224,241138,3302504991,OG,A,5/28/2025,21864,NWNW 13-144-94,Phoenix Operating LLC,Marshall 14-23 2H,MURPHY CREEK
41225,241138,3302504992,OG,A,5/27/2025,21343,NWNW 13-144-94,Phoenix Operating LLC,Marshall 14-23 3H,MURPHY CREEK
41226,241138,3302504993,OG,A,5/28/2025,21015,NWNW 13-144-94,Phoenix Operating LLC,Marshall 14-23 4H,MURPHY CREEK
41303,241138,3302505005,OG,A,5/14/2025,20965,NWNW 13-144-94,Phoenix Operating LLC,Marshall 13-24 1H,MURPHY CREEK
41304,241138,3302505006,OG,A,5/14/2025,20897,NWNW 13-144-94,Phoenix Operating LLC,Marshall 13-24 2H,MURPHY CREEK
41305,241138,3302505007,OG,A,5/14/2025,21204,NWNW 13-144-94,Phoenix Operating LLC,Marshall 13-24 3H,MURPHY CREEK
41306,241138,3302505008,OG,A,5/14/2025,21774,NWNW 13-144-94,Phoenix Operating LLC,Marshall 13-24 4H,MURPHY CREEK
41822,,3302505083,SWD,A,5/21/2025,5597,NWNW 13-144-94,Phoenix Operating LLC,MARSHALL 1 SWD,MURPHY CREEK
9226,,3302500299,OG,DRY,1/28/1982,13140,NWSE 14-144-94,"BWAB, INC.",OESER 14-33,WILDCAT
17774,117774,3302500859,OG,A,8/26/2011,20468,NENW 17-144-94,ENERPLUS RESOURCES USA CORPORATION,LEMIEUX 17-1H,MURPHY CREEK
17765,117765,3302500857,OG,A,10/3/2023,20100,NENW 18-144-94,ENERPLUS RESOURCES USA CORPORATION,FRITZ 18-1H,MURPHY CREEK
892,,3302500008,OG,DRY,8/20/1955,9712,NENW 19-144-94,ARGO OIL CORP.,HARRY LARSON 1,WILDCAT
17818,117818,3302500871,OG,A,3/6/2010,20434,SWSW 20-144-94,ENERPLUS RESOURCES USA CORPORATION,WERRE TRUST 29-1H,MURPHY CREEK
21000,121000,3302501404,OG,A,5/3/2023,19940,SWSE 21-144-94,ENERPLUS RESOURCES USA CORPORATION,MC-SCHOLLMEYER-144-94- 2116H-1,MURPHY CREEK
18258,118258,3302500958,OG,A,8/5/2025,20020,NENW 25-144-94,ENERPLUS RESOURCES USA CORPORATION,KOUBA 25-1H,MURPHY CREEK
16979,116979,3302500704,OG,A,8/5/2025,19575,NENW 26-144-94,ENERPLUS RESOURCES USA CORPORATION,TRAMPE 26-1H,MURPHY CREEK
18000,118000,3302500907,OG,A,9/15/2017,19977,NENW 27-144-94,ENERPLUS RESOURCES USA CORPORATION,SMUGALA 27-1H,MURPHY CREEK
21925,121925,3302501552,OG,A,12/30/2023,20638,NWNE 27-144-94,ENERPLUS RESOURCES USA CORPORATION,MC-HEINERT 144-94-2215H-1,MURPHY CREEK
17596,117596,3302500826,OG,A,3/4/2025,19773,NENW 28-144-94,ENERPLUS RESOURCES USA CORPORATION,LEE 28-1H,MURPHY CREEK
4748,,3302500037,OG,DRY,8/4/1969,5531,SENE 28-144-94,TEXACO INC.,BERNARD TROMPE 1,WILDCAT
17021,117021,3302500715,OG,A,8/5/2025,19864,NENW 30-144-94,ENERPLUS RESOURCES USA CORPORATION,FRITZ 30-1H,MURPHY CREEK
17160,117160,3302500746,OG,AB,11/18/2025,20361,SWSE 7-144-95,MARATHON OIL COMPANY,VIOLA KOBERSTINE  34-7H,MURPHY CREEK
16741,,3302500652,OG,PNC,10/8/2007,,NWNW 8-144-95,"ENCORE OPERATING, L.P.",KUKLA 11-8H,WILDCAT
16995,116995,3302500711,OG,AB,8/19/2025,20389,SWSW 8-144-95,MARATHON OIL COMPANY,KOBERSTINE 14-8H,MURPHY CREEK
17891,117891,3302500887,OG,A,4/15/2019,20337,SWSE 8-144-95,MARATHON OIL COMPANY,KOVALOFF 34-8H,MURPHY CREEK
20303,120303,3302501284,OG,A,10/28/2025,20686,SWSE 8-144-95,MARATHON OIL COMPANY,KOVALOFF 41-17H,MURPHY CREEK
17942,117942,3302500891,OG,A,3/15/2018,20520,SWSW 9-144-95,MARATHON OIL COMPANY,KOVALOFF  14-9H,MURPHY CREEK
18090,118090,3302500927,OG,A,12/5/2023,20300,SWSE 9-144-95,MARATHON OIL COMPANY,DIRKACH 34-9H,MURPHY CREEK
20304,120304,3302501285,OG,A,11/22/2022,20965,SWSW 9-144-95,MARATHON OIL COMPANY,STATE KOVALOFF 11-16H,MURPHY CREEK
42387,,3302505118,,Confidential,,,NENE 9-144-95,BURLINGTON RESOURCES OIL & GAS COMPANY LP,Goldpoint 1C,MURPHY CREEK
42528,,3302505122,,Confidential,,,NWNE 9-144-95,BURLINGTON RESOURCES OIL & GAS COMPANY LP,Goldpoint 1A,MURPHY CREEK
42529,,3302505123,,Confidential,,,NWNE 9-144-95,BURLINGTON RESOURCES OIL & GAS COMPANY LP,Kudrna 1A,MURPHY CREEK
42530,,3302505124,,Confidential,,,NENE 9-144-95,BURLINGTON RESOURCES OIL & GAS COMPANY LP,Goldpoint 1B,MURPHY CREEK
42531,,3302505125,,Confidential,,,NENE 9-144-95,BURLINGTON RESOURCES OIL & GAS COMPANY LP,Kudrna 1B,MURPHY CREEK
9897,,3309100005,OG,PNC,5/26/1983,,NWSW 10-145-56,NYVATEX OIL CORP.,BURCHILL 13-10,WILDCAT
99079,,3309199079,ST,DRY,11/26/1968,1224,SWNE 26-145-57,"NORTHERN RESOURCES, INC.",BRAG 1-26,WILDCAT
99177,,3309199177,ST,DRY,,,SWNE 26-145-57,"NORTHERN RESOURCES, INC.",BRAG 1-26,WILDCAT
4652,,3303900002,OG,PNC,3/3/1970,,NENW 24-145-58,JACK M. JOHNSON ET AL,MARTIN JOHNSON 1,WILDCAT
99071,,3303999071,ST,DRY,1/13/1969,1244,SENE 29-145-58,"NORTHERN RESOURCES, INC.",ERICKSON 1-29,WILDCAT
99140,,3303999140,ST,DRY,,,SENE 29-145-58,"NORTHERN RESOURCES, INC.",ERICKSON 1-29,WILDCAT
295,,3303100003,OG,DRY,4/21/1953,2862,SWNE 26-145-62,T. M. EVANS,F. L. BAILEY 1,WILDCAT
334,,3303100004,OG,DRY,6/29/1953,3297,NESE 24-145-64,T. M. EVANS,CHRISTIAN ERICKSON 1,WILDCAT
661,,3303100007,OG,DRY,7/29/1954,2780,SESE 17-145-66,S. D. JOHNSON DRILLING CO.,C. W. BURNHAM 1,WILDCAT
652,,3303100006,OG,DRY,7/21/1954,3050,SESW 20-145-67,S. D. JOHNSON DRILLING CO.,JOE TAYLOR 1,WILDCAT
635,,3310300007,OG,DRY,7/8/1954,3571,NENE 30-145-68,S. D. JOHNSON DRILLING CO.,C. HAGEL 1,WILDCAT
11599,,3310300023,OG,DRY,7/17/1985,5075,SENE 28-145-70,TRUE OIL CO.,KRUEGER 42-28,WILDCAT
384,,3310300003,OG,DRY,9/13/1953,3500,NWNE 13-145-71,GERMANY & CARDINAL DRILLING CO.,GEORGE J. SEIBEL 1,WILDCAT
385,,3310300004,OG,DRY,11/1/1953,3700,SESE 26-145-72,GERMANY & CARDINAL DRILLING CO.,GERHART BAHNMILLER 1,WILDCAT
425,,3310300005,OG,DRY,11/20/1953,3865,SESE 32-145-72,GERMANY & CARDINAL DRILLING CO.,W. H. DICKENSON 1,WILDCAT
4252,,3310300017,OG,DRY,4/20/1967,3800,SWNE 28-145-73,"CHEVRON USA, INC.",WAYNE A. GRIMM 1,WILDCAT
1605,,3308300008,OG,DRY,10/29/1957,4382,NENW 18-145-75,GENERAL CRUDE OIL CO.,H. R. MCELVAIN 1,WILDCAT
6268,,3308300012,OG,PNC,8/5/1978,,NESE 23-145-75,GULF OIL CORP.,DAVIS 1,WILDCAT
4814,,3305500015,OG,DRY,11/30/1969,4088,NWNW 21-145-80,W. H. HUNT TRUST ESTATE,LELAND ROGERS 1,WILDCAT
4815,,3305500016,OG,DRY,12/12/1969,4270,NENE 8-145-81,W. H. HUNT TRUST ESTATE,RHINHOLDT ROTHMAN 1,WILDCAT
39960,,3305500208,MWUI,A,10/10/2023,9969,SESE 7-145-82,"BLUE FLINT SEQUESTER COMPANY, LLC",MAG 2,UNDERWOOD CARBON DIOXIDE
37833,,3305500196,CO2S,A,10/1/2023,9213,LOT1 18-145-82,"BLUE FLINT SEQUESTER COMPANY, LLC",MAG 1,UNDERWOOD CARBON DIOXIDE
4810,,3305500011,OG,DRY,12/6/1969,4240,SWSW 22-145-82,W. H. HUNT TRUST ESTATE,WALLACE O. GRADIN 1,WILDCAT
40347,,3305500209,ST,TATD,9/19/2025,10570,NWSW 7-145-83,"Neset Consulting Service, Inc.",VISION 1,WILDCAT
4812,,3305500013,OG,DRY,12/13/1969,4540,NESE 28-145-83,W. H. HUNT TRUST ESTATE,DARWIN L. JOHANNES 1,WILDCAT
4824,,3305700016,OG,DRY,11/27/1969,4450,NENE 29-145-84,W. H. HUNT TRUST ESTATE,MAX BORNER 1,WILDCAT
5424,,3305700018,OG,DRY,6/14/1974,9594,NWNW 11-145-85,OIL DEVELOPMENT COMPANY OF TEXAS,LOUIS SAILER 1,WILDCAT
4796,,3305700010,OG,DRY,10/29/1969,4440,SWSW 17-145-85,W. H. HUNT TRUST ESTATE,GOTTLIEB SAILER 1,WILDCAT
4809,,3305700014,OG,DRY,11/14/1969,5086,NENW 10-145-86,W. H. HUNT TRUST ESTATE,LEONARD WEISZ 1,WILDCAT
4795,,3305700009,OG,DRY,10/28/1969,4480,SESE 31-145-86,W. H. HUNT TRUST ESTATE,ADOLPH GEIST 1,WILDCAT
4798,,3305700012,OG,DRY,11/7/1969,5230,NWSW 15-145-87,W. H. HUNT TRUST ESTATE,RAYMOND E. GALSTER 1,WILDCAT
38379,,3305700040,CO2S,A,9/12/2023,6484,SWSW 1-145-88,DAKOTA GASIFICATION COMPANY,Coteau 1,BEULAH CARBON DIOXIDE
38918,,3305700045,CO2S,A,10/16/2023,6380,NESW 1-145-88,DAKOTA GASIFICATION COMPANY,Coteau 4,BEULAH CARBON DIOXIDE
38916,,3305700043,CO2S,A,8/31/2023,6330,SWSW 2-145-88,DAKOTA GASIFICATION COMPANY,Coteau 2,BEULAH CARBON DIOXIDE
38917,,3305700044,CO2S,A,8/18/2023,6406,NWSE 2-145-88,DAKOTA GASIFICATION COMPANY,Coteau 3,BEULAH CARBON DIOXIDE
40027,,3305700047,CO2S,A,9/25/2023,6325,SESW 11-145-88,DAKOTA GASIFICATION COMPANY,Coteau 6,BEULAH CARBON DIOXIDE
39418,,3305700046,CO2S,A,12/21/2023,6317,NESE 12-145-88,DAKOTA GASIFICATION COMPANY,Coteau 5,BEULAH CARBON DIOXIDE
4177,,3305700005,OG,DRY,12/2/1966,8057,NESW 17-145-88,"PEL-TEX, INC. & CONOCO",HERRMANN 1,WILDCAT
5030,,3305700017,OG,DRY,3/3/1971,5261,SESE 9-145-89,TEXACO INC.,PFENNING 1,WILDCAT
4711,,3305700008,OG,DRY,7/11/1969,5051,NWSW 27-145-89,TEXACO INC.,B. R. SIELER 1,WILDCAT
6675,,3305700020,OG,PNC,8/23/1979,,SWSE 31-145-89,ANADARKO PRODUCTION CO.,ISAAK 1,WILDCAT
34243,,3305700039,ST,DRY,12/23/2017,6790,SWSW 32-145-89,UNIVERSITY OF NORTH DAKOTA EERC,FLEMMER 1,WILDCAT
17955,,3305700037,OG,PNC,12/15/2010,,SWSW 33-145-89,"CONTINENTAL RESOURCES, INC.",RICHAU 1-33H,WILDCAT
17723,,3305700035,OG,DRY,11/1/2011,18993,SWSE 9-145-90,XTO ENERGY INC,MILLER 34X-9,WILDCAT
17716,,3305700034,OG,PNC,11/21/2014,,NWNE 29-145-90,XTO ENERGY INC,WOLFER 31X-29,WILDCAT
8712,,3305700025,OG,DRY,8/11/1981,13350,SWSW 29-145-90,GULF OIL CORP.,ISAAK 1-29-4D,WILDCAT
6674,,3305700019,OG,DRY,11/6/1978,8646,NWNE 34-145-90,ANADARKO PRODUCTION CO.,LINK 1,WILDCAT
11111,,3302500404,OG,DRY,6/26/1998,10740,NWNW 5-145-91,ANSCHUTZ EXPLORATION CORPORATION,DODGE 4-5,WILDCAT
2618,,3302500017,OG,DRY,6/22/1960,11360,SWSE 15-145-91,PAN AMERICAN PETROLEUM CORP.,JACOB HUBER 1,WILDCAT
17186,,3302500752,OG,PNC,3/30/2009,,NENW 16-145-91,"TRACKER RESOURCE DEVELOPMENT II, LLC",FLAGET 16-1H,WILDCAT
17168,,3302500748,OG,PA,12/23/2013,18827,NENW 17-145-91,"ARMSTRONG OPERATING, INC.",ALLAN 17-1H,HANS CREEK
4290,,3302500025,OG,DRY,7/3/1967,5316,SENW 17-145-91,PAN AMERICAN PETROLEUM CORP.,BELL THORNLEY CLARKE 1,WILDCAT
734,,3302500004,OG,DRY,9/19/1961,9064,NENW 17-145-91,HUMBLE OIL & REFINING CO.,BELL THORNLEY CLARKE 1,WILDCAT
7978,,3302500174,OG,DRY,11/30/1980,12840,NWSE 17-145-91,"TERRA RESOURCES, INC.",TOZIER 1-17,WILDCAT
6492,,3302500115,OG,DRY,10/27/1978,12500,NWNE 35-145-91,ANADARKO PRODUCTION CO.,GUSTAFSON A 1,WILDCAT
17327,117327,3302500774,OG,PA,10/16/2013,19510,LOT3 3-145-92,"HESS BAKKEN INVESTMENTS II, LLC",FEREBEE 3-1H,LAKE ILO
17784,217784,3302500862,OG,A,11/22/2022,19873,SWSE 7-145-92,MARATHON OIL COMPANY,BERNHARDT 34-7H,LAKE ILO
18385,118385,3302500991,OG,A,10/4/2025,20332,LOT4 7-145-92,MARATHON OIL COMPANY,BERNHARDT  14-7H,LAKE ILO
22149,217784,3302501571,OG,AB,1/17/2025,19904,SWSE 7-145-92,MARATHON OIL COMPANY,DAKOTA 34-7H,LAKE ILO
17779,,3302500860,OG,PNC,9/5/2012,,SWSE 8-145-92,MARATHON OIL COMPANY,ERDMANN 34-8H,LAKE ILO
13192,,3302500469,OG,DRY,7/3/1991,9120,SWNW 13-145-92,BALCRON OIL CO.,CHRISTENSEN 12-13,WILDCAT
18486,118486,3302501005,OG,A,8/3/2023,19678,NENW 18-145-92,MARATHON OIL COMPANY,ALTON CHRISTENSEN 21-18H,LAKE ILO
4488,,3302500029,OG,DRY,8/31/1968,5279,NENE 28-145-92,CARDINAL PETROLEUM CO.,MAYNARD DAHLEN 1,WILDCAT
8768,,3302500245,OG,DRY,9/7/1981,13706,NWNW 30-145-92,"TERRA RESOURCES, INC.",WERNER 1-30,SAXON
24708,,3302502031,OG,PA,10/12/2017,19228,SWSE 31-145-92,MARATHON OIL COMPANY,COOK 24-31H,SAXON
18681,218681,3302501044,OG,A,4/4/2023,20725,LOT4 4-145-93,MARATHON OIL COMPANY,ECKELBERG FARM 24-33H,BAILEY
22657,122657,3302501664,OG,A,7/4/2025,20025,LOT2 4-145-93,MARATHON OIL COMPANY,JUDY CHRISTENSEN 31-4H,BAILEY
22658,122658,3302501665,OG,A,5/2/2025,20608,LOT2 4-145-93,MARATHON OIL COMPANY,LEE CHRISTENSEN 34-33H,BAILEY
38828,218681,3302504440,OG,A,3/7/2023,21141,LOT4 4-145-93,MARATHON OIL COMPANY,BREUER 44-32TFH,BAILEY
38829,218681,3302504441,OG,A,3/2/2023,21044,LOT4 4-145-93,MARATHON OIL COMPANY,PRUDENCE 44-32H,BAILEY
38830,218681,3302504442,OG,A,2/28/2023,21108,LOT4 4-145-93,MARATHON OIL COMPANY,NYLE 14-33TFH,BAILEY
38831,218681,3302504443,OG,A,2/25/2023,21047,LOT4 4-145-93,MARATHON OIL COMPANY,LORALYN 14-33H,BAILEY
38832,218681,3302504444,OG,A,2/23/2023,21058,LOT4 4-145-93,MARATHON OIL COMPANY,REMSING 14-33TFH,BAILEY
41135,218681,3302504975,OG,A,8/8/2025,21027,LOT2 5-145-93,MARATHON OIL COMPANY,SHEPARD 24-32H,BAILEY
41199,218681,3302504980,OG,A,10/2/2025,22017,LOT2 5-145-93,MARATHON OIL COMPANY,BENJAMIN 44-31H,BAILEY
41200,218681,3302504981,OG,A,7/31/2025,21225,LOT2 5-145-93,MARATHON OIL COMPANY,ALVERSON 24-32H,BAILEY
41406,218681,3302505018,OG,A,9/27/2025,21583,LOT2 5-145-93,MARATHON OIL COMPANY,JESSE 14-32H,BAILEY
38623,238623,3302504384,OG,A,4/28/2022,21104,LOT3 6-145-93,MARATHON OIL COMPANY,ROSSOL 24-31H,BAILEY
38624,238623,3302504385,OG,A,4/11/2022,21030,LOT3 6-145-93,MARATHON OIL COMPANY,TARPY 24-31TFH,BAILEY
38625,238623,3302504386,OG,A,4/11/2022,21015,LOT3 6-145-93,MARATHON OIL COMPANY,LUDWIG 14-31TFH,BAILEY
38679,238623,3302504396,OG,A,4/26/2022,21140,LOT3 6-145-93,MARATHON OIL COMPANY,WALKER 14-31H,BAILEY
16764,116764,3302500662,OG,IA,2/18/2025,19970,SWSE 7-145-93,MARATHON OIL COMPANY,KNUDSVIG 34-7H,BAILEY
16868,116868,3302500683,OG,IA,9/17/2025,19770,SESW 7-145-93,MARATHON OIL COMPANY,KNUDSVIG 24-7H,BAILEY
41518,219408,3302505042,OG,A,10/23/2025,21112,LOT4 7-145-93,MARATHON OIL COMPANY,Patton 44-12H,BAILEY
41519,,3302505043,OG,DRL,3/12/2025,,LOT4 7-145-93,MARATHON OIL COMPANY,Partridge 41-13H,BAILEY
41520,219408,3302505044,OG,A,11/2/2025,31664,LOT4 7-145-93,MARATHON OIL COMPANY,Clawson 11-18H,BAILEY
41521,219408,3302505045,OG,DRL,3/10/2025,,LOT4 7-145-93,MARATHON OIL COMPANY,Semerad 11-18H,BAILEY
17171,117171,3302500749,OG,A,10/4/2025,19966,SWSE 8-145-93,MARATHON OIL COMPANY,FRED HANSEN 34-8H,BAILEY
20744,,3302501355,OG,PNC,2/6/2012,,SESW 8-145-93,MARATHON OIL COMPANY,JANENE KNUDSVIG 24-8H,BAILEY
13793,,3302500495,OG,DRY,6/18/1995,9300,SESW 9-145-93,NORTH AMERICAN RESOURCES CO.,HANSEN 24-9,LAKE ILO
16925,116925,3302500693,OG,A,9/6/2023,19860,SWSW 9-145-93,MARATHON OIL COMPANY,MARY HANSEN 14-9H,BAILEY
17164,117164,3302500747,OG,A,10/31/2008,19824,SWSE 9-145-93,MARATHON OIL COMPANY,REPP TRUST  34-9H,BAILEY
41130,,3302504974,OG,TASC,10/27/2025,,SWSW 9-145-93,MARATHON OIL COMPANY,HALCROW 14-9H,BAILEY
41214,,3302504982,OG,TASC,10/27/2025,,SWSW 9-145-93,MARATHON OIL COMPANY,LAURIE 34-8H,BAILEY
41215,,3302504983,OG,TASC,10/27/2025,,SWSW 9-145-93,MARATHON OIL COMPANY,TORGUS 21-16H,LAKE ILO
41216,,3302504984,OG,TASC,10/27/2025,,SWSW 9-145-93,MARATHON OIL COMPANY,VIONE 24-9H,BAILEY
41217,,3302504985,OG,TASC,10/27/2025,,SWSW 9-145-93,MARATHON OIL COMPANY,BJARNE 31-16H,LAKE ILO
41218,,3302504986,OG,TASC,10/27/2025,,SWSW 9-145-93,MARATHON OIL COMPANY,HANNIFAN 34-9H,BAILEY
41262,,3302504996,OG,TASC,10/27/2025,,SWSW 9-145-93,MARATHON OIL COMPANY,MACY 41-17H,BAILEY
41263,,3302504997,OG,TASC,10/27/2025,,SWSW 9-145-93,MARATHON OIL COMPANY,SOULE 44-8H,BAILEY
41264,,3302504998,OG,TASC,10/27/2025,,SWSW 9-145-93,MARATHON OIL COMPANY,NADINE 11-16H,BAILEY
41265,,3302504999,OG,TASC,10/27/2025,,SWSW 9-145-93,MARATHON OIL COMPANY,ODENBORG 41-16H,LAKE ILO
41266,,3302505000,OG,TASC,10/27/2025,,SWSW 9-145-93,MARATHON OIL COMPANY,SAILER 44-9H,BAILEY
18222,218222,3302500950,OG,A,4/4/2023,19561,SWSE 10-145-93,HUNT OIL COMPANY,QUILL 10-3H 1,BAILEY
21567,218222,3302501477,OG,A,4/4/2023,20245,SWSW 10-145-93,HUNT OIL COMPANY,QUILL 2-10-3H,BAILEY
22402,219401,3302501614,OG,A,5/6/2025,20664,SESE 10-145-93,HUNT OIL COMPANY,HALLIDAY 2-15-22H,LAKE ILO
38534,218222,3302504341,OG,A,8/13/2022,21169,SESW 10-145-93,HUNT OIL COMPANY,QUILL 145-93-10-3H 3,LAKE ILO
38535,218222,3302504342,OG,A,8/13/2022,21235,SESW 10-145-93,HUNT OIL COMPANY,HALLIDAY 145-93-15-22H 3,LAKE ILO
38565,218222,3302504347,OG,A,9/13/2022,21218,SWSE 10-145-93,HUNT OIL COMPANY,HALLIDAY 145-93-15-22H 4,LAKE ILO
38566,218222,3302504348,OG,A,12/3/2024,21154,SWSE 10-145-93,HUNT OIL COMPANY,HALLIDAY 145-93-15-22H 5,LAKE ILO
38567,218222,3302504349,OG,A,3/4/2025,21139,SWSE 10-145-93,HUNT OIL COMPANY,HALLIDAY 145-93-15-22H 6,LAKE ILO
38568,218222,3302504350,OG,A,2/5/2025,21160,SWSE 10-145-93,HUNT OIL COMPANY,QUILL 145-93-10-3H 4,LAKE ILO
38569,218222,3302504351,OG,A,12/3/2024,21160,SWSE 10-145-93,HUNT OIL COMPANY,QUILL 145-93-10-3H 5,LAKE ILO
38570,218222,3302504352,OG,A,12/3/2024,21255,SWSE 10-145-93,HUNT OIL COMPANY,QUILL 145-93-10-3H 6,LAKE ILO
38778,,3302504415,SWD,A,8/20/2022,5620,SWSE 10-145-93,HUNT OIL COMPANY,QUILL 145-93-10 SWD 1,LAKE ILO
17216,117216,3302500757,OG,A,4/15/2018,19465,SESW 11-145-93,MARATHON OIL COMPANY,ALFRED HANSEN 24-11H,BAILEY
17528,117528,3302500810,OG,A,1/15/2019,19905,SWSE 11-145-93,MARATHON OIL COMPANY,QUILL 34-11H,BAILEY
11389,,3302500411,OG,DRY,3/24/1985,13450,NWSW 12-145-93,"HG&G, INC.",RIEMER 1-12,WERNER
19148,219148,3302501124,OG,A,3/5/2024,20064,SWSW 12-145-93,HUNT OIL COMPANY,DUNN 1-12-1H,LAKE ILO
21168,219148,3302501419,OG,A,2/5/2025,20118,SWSE 12-145-93,HUNT OIL COMPANY,DUNN 2-12-1H,LAKE ILO
39082,,3302504505,SWD,A,3/8/2023,,SWSW 12-145-93,HUNT OIL COMPANY,DUNN 145-93-12 SWD 1,LAKE ILO
20180,120180,3302501256,OG,A,2/1/2023,20192,NWNW 13-145-93,HUNT OIL COMPANY,HALLIDAY 1-13-24H 1,LAKE ILO
17578,117578,3302500821,OG,A,6/3/2025,19720,NENW 14-145-93,MARATHON OIL COMPANY,GEHRER 21-14H,LAKE ILO
17698,117698,3302500840,OG,A,12/3/2024,19984,NENE 14-145-93,MARATHON OIL COMPANY,BORTH  41-14H,LAKE ILO
19401,219401,3302501149,OG,A,2/1/2023,20426,NWNW 15-145-93,HUNT OIL COMPANY,HALLIDAY 1-15-22H 1,LAKE ILO
10783,210783,3302500393,OG,IA,10/17/2025,13244,NESW 16-145-93,"LELAND OIL & GAS, LLC",HANSEN STATE 23-16,LAKE ILO
13623,210783,3302500492,OG,PA,4/3/2025,9250,SENW 16-145-93,"McRae & Henry, Ltd.",HANSEN STATE 22-16,LAKE ILO
17049,117049,3302500720,OG,A,5/10/2017,20157,NWNE 16-145-93,MARATHON OIL COMPANY,LARRY REPP 31-16H,LAKE ILO
19772,119772,3302501190,OG,A,10/1/2024,19940,NWNW 16-145-93,MARATHON OIL COMPANY,LARRY REPP 11-16H,LAKE ILO
16976,116976,3302500703,OG,A,5/3/2023,19675,NENE 17-145-93,MARATHON OIL COMPANY,JOYCE REPP 41-17H,LAKE ILO
19724,219724,3302501182,OG,IA,10/17/2025,20280,NENW 17-145-93,MARATHON OIL COMPANY,JOYCE REPP 21-17H,LAKE ILO
22450,219724,3302501629,OG,IA,10/17/2025,20726,NWNW 17-145-93,MARATHON OIL COMPANY,NICKY KERR 14-8H,BAILEY
22451,219724,3302501630,OG,A,11/15/2018,20561,NENW 17-145-93,MARATHON OIL COMPANY,CURTIS KERR  24-8H,BAILEY
22452,219724,3302501631,OG,A,6/3/2025,20881,NENW 17-145-93,MARATHON OIL COMPANY,BRENT KERR 21-17H,LAKE ILO
19408,219408,3302501150,OG,IA,12/17/2024,19840,NENE 18-145-93,MARATHON OIL COMPANY,TRINKA 41-18H,BAILEY
39768,,3302504678,OG,PNC,10/28/2024,,NWNE 18-145-93,MARATHON OIL COMPANY,QUINCY 11-17H,LAKE ILO
39769,,3302504679,OG,LOC,3/29/2025,,NWNE 18-145-93,MARATHON OIL COMPANY,MIDDLETON 31-18H,BAILEY
39770,,3302504680,OG,PNC,10/28/2024,,NWNE 18-145-93,MARATHON OIL COMPANY,EBELTOFT 41-18H,BAILEY
39771,,3302504681,OG,PNC,10/28/2024,,NWNE 18-145-93,MARATHON OIL COMPANY,BEVERLY 31-18TFH,BAILEY
41026,,3302504951,OG,LOC,8/15/2025,,NENE 18-145-93,MARATHON OIL COMPANY,BATSON 21-17H,LAKE ILO
41027,,3302504952,OG,LOC,8/15/2025,,NENE 18-145-93,MARATHON OIL COMPANY,ESLINGER 24-8H,BAILEY
41301,219408,3302505003,OG,A,11/4/2025,31669,NENE 18-145-93,MARATHON OIL COMPANY,SUNELL 11-17H,BAILEY
41302,219408,3302505004,OG,A,11/6/2025,31532,NENE 18-145-93,MARATHON OIL COMPANY,BJORGE 41-18H,BAILEY
41338,241338,3302505009,OG,A,9/24/2025,21450,NWNE 18-145-93,MARATHON OIL COMPANY,BAILEY 14-7H,BAILEY
41339,241338,3302505010,OG,A,10/3/2025,21309,NWNE 18-145-93,MARATHON OIL COMPANY,MIMEE  14-7TFH,BAILEY
41340,241338,3302505011,OG,A,10/7/2025,21049,NWNE 18-145-93,MARATHON OIL COMPANY,TOWNSEND 24-7H,BAILEY
41341,241338,3302505012,OG,A,10/14/2025,20935,NWNE 18-145-93,MARATHON OIL COMPANY,WAYNE 24-7H,BAILEY
41342,241338,3302505013,OG,A,10/17/2025,20903,NWNE 18-145-93,MARATHON OIL COMPANY,JENNIE USA 34-7H,BAILEY
41343,241338,3302505014,OG,A,10/23/2025,20850,NWNE 18-145-93,MARATHON OIL COMPANY,SATTIER USA 34-7H,BAILEY
41344,241338,3302505015,OG,A,10/26/2025,20968,NWNE 18-145-93,MARATHON OIL COMPANY,IMOGENE USA 44-7H,BAILEY
41345,219408,3302505016,OG,A,10/13/2025,21172,NWNE 18-145-93,MARATHON OIL COMPANY,GEORGIA 14-8H,BAILEY
7412,,3302500156,OG,DRY,4/17/1980,13963,SWNW 18-145-93,CITIES SERVICE OIL CO.,STATE OF NORTH DAKOTA A-1,WILDCAT
16923,116923,3302500692,OG,A,8/15/2017,19280,SWSW 19-145-93,MARATHON OIL COMPANY,APPLEDOORN 14-19H,BAILEY
24219,124219,3302501951,OG,A,11/3/2023,20090,SWSE 19-145-93,MARATHON OIL COMPANY,AHERN 34-19H,BAILEY
24304,224304,3302501973,OG,A,11/5/2024,20704,SWSE 19-145-93,MARATHON OIL COMPANY,GUSTAFSON 31-30H,BAILEY
24305,224304,3302501974,OG,IA,10/17/2025,20785,SWSE 19-145-93,MARATHON OIL COMPANY,HELGESON 41-30H,BAILEY
90126,,3302590126,SWD,A,7/9/2025,5728,SWSW 19-145-93,MARATHON OIL COMPANY,APPLEDOORN SWD 1,BAILEY
13352,,3302500482,OG,PA,12/22/1993,9275,NWNE 20-145-93,NORTH AMERICAN RESOURCES CO.,LYNCH 31-20,LAKE ILO
10413,,3302500374,OG,PA,10/24/2017,11085,NWNE 21-145-93,"McRae & Henry, Ltd.",HAUSAUER 31-21,LAKE ILO
13374,,3302500483,OG,DRY,7/3/1992,9236,NWNW 21-145-93,NORTH AMERICAN RESOURCES CO.,HAUSAUER 11-21,LAKE ILO
9604,,3302500336,OG,PNC,5/26/1983,,SENE 21-145-93,MESA PETROLEUM CO.,HAUSAUER 21 1,LAKE ILO
8313,,3302500195,OG,PA,11/30/1992,13848,NWSW 22-145-93,"McRae & Henry, Ltd.",HAUSAUER 1-22,LAKE ILO
9601,109601,3302500333,SWD,A,2/25/2025,11103,NWSE 22-145-93,"COMPASS SWD, LLC",HAUSAUER 22-2 (SWD),LAKE ILO
9603,,3302500335,OG,PNC,5/26/1983,,SWNW 22-145-93,MESA PETROLEUM CO.,HAUSAUER 22 2,LAKE ILO
9602,,3302500334,OG,PNC,5/26/1983,,SESW 23-145-93,MESA PETROLEUM CO.,SCHMIDT 23 1,LAKE ILO
4707,,3302500033,OG,DRY,9/24/1969,5497,SWSE 25-145-93,LADD PETROLEUM CORP.,M. A. GOETZ 1,WILDCAT
9605,,3302500337,OG,PNC,5/26/1983,,NWNW 26-145-93,MESA PETROLEUM CO.,SCHMIDT 26 1,LAKE ILO
99070,,3309199070,ST,DRY,11/14/1968,1162,SWSE 32-146-56,"NORTHERN RESOURCES, INC.",PETERSON 1-32,WILDCAT
99176,,3309199176,ST,DRY,,,SWSE 32-146-56,"NORTHERN RESOURCES, INC.",PETERSON 1-32,WILDCAT
99041,,3309199041,ST,DRY,9/26/1968,1104,NENW 9-146-57,"NORTHERN RESOURCES, INC.",ALPH J. OVERBY 1-9,WILDCAT
99163,,3309199163,ST,DRY,,,9-146-57,"NORTHERN RESOURCES, INC.",ALF J. OVERBY 1,WILDCAT
99048,,3309199048,ST,DRY,10/4/1968,1256,NENE 11-146-57,"NORTHERN RESOURCES, INC.",ELMO OLSON 1-11,WILDCAT
99172,,3309199172,ST,DRY,,,NWNE 11-146-57,"NORTHERN RESOURCES, INC.",OLSON 1-11,WILDCAT
99091,,3309199091,ST,DRY,1/10/1969,1244,SESE 30-146-57,"NORTHERN RESOURCES, INC.",NELSON 1-30,WILDCAT
99174,,3309199174,ST,DRY,,,SESE 30-146-57,"NORTHERN RESOURCES, INC.",NELSON 1-30,WILDCAT
99092,,3303999092,ST,DRY,1/13/1969,1263,NESW 16-146-58,"NORTHERN RESOURCES, INC.",LURA 1-16,WILDCAT
99141,,3303999141,ST,DRY,,,NESW 16-146-58,"NORTHERN RESOURCES, INC.",LURA 1-16,WILDCAT
99031,,3303999031,ST,DRY,1/29/1969,1263,NENE 23-146-59,"NORTHERN RESOURCES, INC.",BROWN 1-23,WILDCAT
99142,,3303999142,ST,DRY,,,23-146-59,"NORTHERN RESOURCES, INC.",BROWN 1-23,WILDCAT
4720,,3303900005,OG,DRY,7/7/1969,1719,NESE 10-146-60,JACK M. JOHNSTON DRILLING CO.,VICTOR OTT 1,WILDCAT
4719,,3303900004,OG,DRY,7/19/1969,2780,NWSE 5-146-61,JACK M. JOHNSTON DRILLING CO.,WILLIAM M. RAHLF 1,WILDCAT
4557,,3303900001,OG,DRY,11/27/1968,1285,SWNE 35-146-61,CHAMBERS & KENNEDY,ROBERT L. AND FRANK L. BAILEY 1,WILDCAT
5,,3303100001,OG,DRY,1/1/1928,3240,SE 18-146-62,GLENFIELD OIL CO.,GLENFIELD OIL COMPANY 1,WILDCAT
287,,3303100002,OG,DRY,3/31/1953,3121,NWNW 13-146-63,FRAZIER-CONROY,SARAH DUNBAR 1,WILDCAT
1105,,3303100008,OG,DRY,4/5/1956,3553,SESW 8-146-65,CARDINAL DRILLING CO.,J. S. SMITH 1,WILDCAT
403,,3303100005,OG,DRY,10/11/1953,3559,NENE 15-146-66,PURE OIL CO.,J. M. CARR 1,WILDCAT
1112,,3303100009,OG,DRY,4/27/1956,3803,NENE 23-146-66,CARDINAL DRILLING CO.,N.A.GRAVES AND FEDERAL LAND BANK 1,WILDCAT
1126,,3303100010,OG,DRY,5/14/1956,4185,NWNW 10-146-67,CARDINAL DRILLING CO.,JAMES M. ANDERSON 1,WILDCAT
5392,,3303100016,OG,DRY,2/18/1974,2280,SENW 12-146-67,DON BILLS & ST. CLAIR,BUTTS FARMING ASSOCIATION ETAL 1,WILDCAT
1211,,3310300010,OG,DRY,8/19/1956,4395,NENE 8-146-68,"CALVERT DRILLING, INC.",FRANCIS ZWINGER 1,WILDCAT
9899,,3310300022,GASD,PA,5/7/2009,4482,NENW 25-146-69,"ABL, LLC",POLRIES 2,WILDCAT
4094,,3310300015,OG,DRY,6/17/1966,3100,NENW 2-146-71,DON BILLS,TED AND CLARA KNODEL 1,WILDCAT
207,,3310300001,OG,DRY,1/8/1953,6031,SESE 27-146-73,CONTINENTAL OIL CO.,JOHN LUETH 1,WILDCAT
735,,3308300005,OG,DRY,10/31/1954,6342,SWSW 16-146-74,CAROLINE HUNT TRUST ESTATE,C. A. PFEIFFER 1,WILDCAT
693,,3308300004,OG,DRY,9/26/1954,7140,SWSW 19-146-76,CAROLINE HUNT TRUST ESTATE,WALTER E. BAUER 1,WILDCAT
9343,,3308300014,OG,DRY,2/7/1982,7769,NWNW 29-146-76,MOSBACHER PRODUCTION CO.,STATE-DICK 29-1,WILDCAT
1392,,3308300006,OG,DRY,3/4/1957,4650,NENE 27-146-77,CONTINENTAL OIL CO.,DOLORES ALBRECT 1,WILDCAT
8711,,3305500034,OG,DRY,8/3/1981,8938,SESE 31-146-80,SUN EXPLORATION & PRODUCTION CO.,FLEMMER 1,WILDCAT
432,,3305500004,OG,DRY,11/20/1953,7222,SWSE 2-146-81,H. HANSON OIL SYNDI,,
99090,,3309199090,ST,DRY,1/6/1969,1217,NESW 19-147-56,"NORTHERN RESOURCES, INC.",SMOGAARD 1-19,WILDCAT
99175,,3309199175,ST,DRY,,,NESW 19-147-56,"NORTHERN RESOURCES, INC.",SMOGAARD 1-19,WILDCAT
99067,,3309199067,ST,DRY,11/10/1968,1062,SWSE 35-147-56,"NORTHERN RESOURCES, INC.",PAULSEN 1-35,WILDCAT
99167,,3309199167,ST,DRY,,,SWSE 35-147-56,"NORTHERN RESOURCES, INC.",PAULSEN 1-35,WILDCAT
99072,,3309199072,ST,DRY,11/14/1968,1285,SWSE 1-147-57,"NORTHERN RESOURCES, INC.",KLABO 1-1,WILDCAT
99159,,3309199159,ST,DRY,,,SWSE 1-147-57,"NORTHERN RESOURCES, INC.",KLABO 1-1,WILDCAT
99076,,3309199076,ST,DRY,11/25/1968,1264,SWSW 7-147-57,"NORTHERN RESOURCES, INC.",ERICKSON 1-7,WILDCAT
99160,,3309199160,ST,DRY,,,SWSW 7-147-57,"NORTHERN RESOURCES, INC.",ERICKSON 1-7,WILDCAT
99069,,3309199069,ST,DRY,11/13/1968,1264,SENW 9-147-57,"NORTHERN RESOURCES, INC.",MIDSTOKKE 1-9,WILDCAT
99170,,3309199170,ST,DRY,,,SENW 9-147-57,"NORTHERN RESOURCES, INC.",MIDSTOKKE 1-9,WILDCAT
99047,,3309199047,ST,DRY,10/1/1968,1050,SESE 11-147-57,"NORTHERN RESOURCES, INC.",FROJEN 1-11,WILDCAT
99042,,3309199042,ST,DRY,10/2/1968,1160,SWSW 31-147-57,"NORTHERN RESOURCES, INC.",ARNESON 1-31,WILDCAT
99168,,3309199168,ST,DRY,,,SWSW 31-147-57,"NORTHERN RESOURCES, INC.",ARNESON 1-31,WILDCAT
99100,,3309199100,ST,DRY,1/22/1969,1255,NESW 35-147-57,"NORTHERN RESOURCES, INC.",ROCKNEBERG 1-35,WILDCAT
99161,,3309199161,ST,DRY,,,NESW 35-147-57,"NORTHERN RESOURCES, INC.",ROCKNEBERG 1-35,WILDCAT
99027,,3303999027,ST,DRY,10/2/1968,1285,NENE 3-147-58,"NORTHERN RESOURCES, INC.",JOHNSON 1-3,WILDCAT
99153,,3303999153,ST,DRY,,,NENE 3-147-58,"NORTHERN RESOURCES, INC.",JOHNSON 1-3,WILDCAT
99045,,3303999045,ST,DRY,10/4/1968,1160,SWSW 8-147-58,"NORTHERN RESOURCES, INC.",CUSSONS 1-8,WILDCAT
99143,,3303999143,ST,DRY,,,SWSW 8-147-58,"NORTHERN RESOURCES, INC.",CUSSINS 1-8,WILDCAT
99026,,3303999026,ST,DRY,10/2/1968,1080,SESW 14-147-58,"NORTHERN RESOURCES, INC.",NESHEIM 1-14,WILDCAT
99151,,3303999151,ST,DRY,,,SESW 14-147-58,"NORTHERN RESOURCES, INC.",NESHEIM 1-14,WILDCAT
99074,,3303999074,ST,DRY,11/21/1968,1113,NWSE 22-147-58,"NORTHERN RESOURCES, INC.",C. OVERBY 1-22,WILDCAT
99158,,3303999158,ST,DRY,,,NWSE 22-147-58,"NORTHERN RESOURCES, INC.",OVERBY 1-22,WILDCAT
99073,,3303999073,ST,DRY,11/21/1968,1224,NESW 30-147-58,"NORTHERN RESOURCES, INC.",ANDERSON 1-30,WILDCAT
99146,,3303999146,ST,DRY,,,NESW 30-147-58,"NORTHERN RESOURCES, INC.",ANDERSON 1-30,WILDCAT
99083,,3303999083,ST,DRY,12/9/1968,1304,NWNE 15-147-59,"NORTHERN RESOURCES, INC.",CUSSONS 1-15,WILDCAT
99145,,3303999145,ST,DRY,,,NWNE 15-147-59,"NORTHERN RESOURCES, INC.",CUSSONS 1-15,WILDCAT
9053,,3303900007,OG,PNC,8/9/1984,,SWSW 8-147-61,PETROTEX MANAGEMENT CO.,RORVIG 1,WILDCAT
1208,,3303100012,OG,DRY,8/4/1956,2053,SWNE 2-147-64,"CALVERT DRILLING, INC.",WOODROW TOPP 1,WILDCAT
1227,,3303100013,OG,DRY,10/3/1956,3273,NENE 25-147-64,MIKE WETCH,H. F. SPICKLER 1-A,WILDCAT
4854,,3303100014,OG,PNC,1/9/1971,,SWNW 12-147-66,"DYNA RAY OIL & GAS COMPANY, INC.",LENA ANDERSON 1,WILDCAT
4855,,3303100015,OG,PNC,1/9/1971,,NWNE 24-147-67,"DYNA RAY OIL & GAS COMPANY, INC.",ROY HOLTH 1,WILDCAT
1205,,3303100011,OG,DRY,7/30/1956,2266,NENE 28-147-67,"CALVERT DRILLING, INC.",GEORGE S. GARLAND 1,WILDCAT
15257,,3310300027,OG,DRY,1/24/2002,3625,NWNW 9-147-71,"SAMUEL GARY JR. & ASSOCIATES, INC.",RAU 1-9,WILDCAT
689,,3310300009,OG,DRY,8/31/1954,5247,NENE 31-147-71,CAROLINE HUNT TRUST ESTATE,NORRIS THORMODSGARD 1,WILDCAT
1384,,3310300011,OG,DRY,2/17/1957,3830,SWSW 16-147-73,CONTINENTAL OIL CO.,BOARD OF UNIV SCHOOL LANDS 1,WILDCAT
6266,,3308300010,OG,PNC,12/10/1981,,SWSW 11-147-74,GULF OIL CORP.,ISEMAN 1,WILDCAT
684,,3308300003,OG,DRY,10/1/1954,6400,NENE 1-147-75,CAROLINE HUNT TRUST ESTATE,J. R. MATZ 1,WILDCAT
5261,,3305500018,OG,DRY,1/26/1973,4596,SWNE 11-147-80,"PAN CANADIAN PETROLEUM COMPANY, LTD.",FUELLER 1,WILDCAT
13473,,3305700029,OG,DRY,2/3/1993,8480,SWNE 29-147-90,"AXEM RESOURCES, INC.",SAKAKAWEA FEDERAL 7-29,WILDCAT
41692,,3302505053,,Confidential,,,SESW 6-147-91,"DEVON ENERGY WILLISTON, L.L.C",FREDERICKS EAST 6-31-30HA,HEART BUTTE
41693,,3302505054,,Confidential,,,SESW 6-147-91,"DEVON ENERGY WILLISTON, L.L.C",FREDERICKS EAST 6-31-30HY,HEART BUTTE
41694,,3302505055,,Confidential,,,SESW 6-147-91,"DEVON ENERGY WILLISTON, L.L.C",FREDERICKS EAST 6-31-30HZ,HEART BUTTE
41695,,3302505056,,Confidential,,,SWSE 6-147-91,"DEVON ENERGY WILLISTON, L.L.C",FREDERICKS EAST 6-31-30HB,HEART BUTTE
42118,,3302505095,OG,LOC,7/14/2025,,SESW 6-147-91,"DEVON ENERGY WILLISTON, L.L.C",FREDERICKS EAST 1-2-3HA,TWIN BUTTES
42119,,3302505096,OG,LOC,7/14/2025,,SESW 6-147-91,"DEVON ENERGY WILLISTON, L.L.C",FREDERICKS EAST 1-2-3HX,TWIN BUTTES
42120,,3302505097,OG,LOC,7/14/2025,,SESW 6-147-91,"DEVON ENERGY WILLISTON, L.L.C",FREDERICKS EAST 1-2-3HB,TWIN BUTTES
42122,,3302505098,OG,LOC,7/14/2025,,SESW 6-147-91,"DEVON ENERGY WILLISTON, L.L.C",FREDERICKS EAST 1-2-3HY,TWIN BUTTES
42123,,3302505099,OG,LOC,7/14/2025,,SESW 6-147-91,"DEVON ENERGY WILLISTON, L.L.C",FREDERICKS EAST 1-2-3HC,TWIN BUTTES
42124,,3302505100,OG,LOC,7/14/2025,,SESW 6-147-91,"DEVON ENERGY WILLISTON, L.L.C",FREDERICKS EAST 1-2-3HZ,TWIN BUTTES
35241,235241,3302503557,OG,A,5/20/2019,25284,NENE 8-147-91,"DEVON ENERGY WILLISTON, L.L.C",BADLANDS  4-33-28HA,HEART BUTTE
35242,235241,3302503558,OG,A,11/22/2022,25547,NENE 8-147-91,"DEVON ENERGY WILLISTON, L.L.C",BADLANDS  5-32-29HT,HEART BUTTE
17003,,3302500713,OG,PA,6/30/2016,19800,SESE 15-147-91,WHITING OIL AND GAS CORPORATION,TALL BEAR 16-15-16H,TWIN BUTTES
9191,,3302500292,OG,DRY,1/29/1982,13250,NENW 15-147-91,HOME PETROLEUM CORP.,C. A. DANKS 1-15,
4123,,3309100001,OG,DRY,10/15/1966,661,NENW 30-148-55,I. J. WILHITE & SIMCOX OIL CO.,MELDAHL 1,WILDCAT
99106,,3309199106,ST,DRY,6/19/1969,757,NENW 31-148-55,RALPH O. BROWN,MELDAHL 1,WILDCAT
99089,,3309199089,ST,DRY,12/30/1968,1030,NENE 13-148-56,"NORTHERN RESOURCES, INC.",RYAN 1-13,WILDCAT
99166,,3309199166,ST,DRY,,,NENE 13-148-56,"NORTHERN RESOURCES, INC.",RYAN 1-13,WILDCAT
8027,,3309100002,OG,DRY,10/6/1980,1738,SENW 21-148-56,"RUSSELL DRILLING COMPANY, INC.",MELVIN JOHNSON 1,WILDCAT
99065,,3309199065,ST,DRY,11/15/1968,1062,SESE 22-148-56,"NORTHERN RESOURCES, INC.",NETLAND 1-22,WILDCAT
99088,,3309199088,ST,DRY,12/21/1968,1334,SESE 12-148-57,"NORTHERN RESOURCES, INC.",NERDAHL 1-12,WILDCAT
99165,,3309199165,ST,DRY,,,SESE 12-148-57,"NORTHERN RESOURCES, INC.",NERDAHL 1-12,WILDCAT
99086,,3309199086,ST,DRY,12/18/1968,1238,SESE 17-148-57,"NORTHERN RESOURCES, INC.",LUND 1-17,WILDCAT
99164,,3309199164,ST,DRY,,,SESE 17-148-57,"NORTHERN RESOURCES, INC.",LUND 1-17,WILDCAT
99064,,3309199064,ST,DRY,11/9/1968,1202,SWNW 23-148-57,"NORTHERN RESOURCES, INC.",VIG 1-23,WILDCAT
99162,,3309199162,ST,DRY,,,SWNW 23-148-57,"NORTHERN RESOURCES, INC.",VIG 1-23,WILDCAT
99060,,3303999060,ST,DRY,10/25/1968,1286,NENE 14-148-58,"NORTHERN RESOURCES, INC.",HUSO 1-14,WILDCAT
99144,,3303999144,ST,DRY,,,NENE 14-148-58,"NORTHERN RESOURCES, INC.",HUSO 1-14,WILDCAT
99046,,3303999046,ST,DRY,10/9/1968,1284,NWSE 28-148-58,"NORTHERN RESOURCES, INC.",RUSTON 1-28,WILDCAT
99149,,3303999149,ST,DRY,,,28-148-58,"NORTHERN RESOURCES, INC.",RUSTAN 1-29,WILDCAT
99150,,3303999150,ST,DRY,,,W2 28-148-58,"NORTHERN RESOURCES, INC.",RUSTAN 1-28,WILDCAT
99068,,3303999068,ST,DRY,11/11/1968,1289,NWSE 21-148-59,"NORTHERN RESOURCES, INC.",ELLETSON 1-21,WILDCAT
99148,,3303999148,ST,DRY,,,NWSE 21-148-59,"NORTHERN RESOURCES, INC.",ELLEFSON 1-21,WILDCAT
99101,,3303999101,ST,DRY,1/26/1969,1322,NESE 5-148-60,"NORTHERN RESOURCES, INC.",HEGVICK 1-5,WILDCAT
99147,,3303999147,ST,DRY,,,NWSE 5-148-60,"NORTHERN RESOURCES, INC.",HEGVIG 1-5,WILDCAT
9659,,3303900008,OG,DRY,8/12/1983,2743,NWSW 1-148-61,PETROTEX MANAGEMENT CO.,TEXERGY DONOHUE 1,WILDCAT
4857,,3302700007,OG,PNC,1/12/1971,,SWNW 7-148-62,"DYNA RAY OIL & GAS COMPANY, INC.",OSCAR ERICKSON 1,WILDCAT
1274,,3302700005,OG,DRY,11/15/1956,3102,SESE 9-148-62,WETCH-ZACHMEIER-DISNEY DRILLING CO.,C. E. BLASKY 1,WILDCAT
4856,,3302700006,OG,PNC,1/9/1971,,SWSW 18-148-63,"DYNA RAY OIL & GAS COMPANY, INC.",RUSSELL E. TOPP 1,WILDCAT
7271,,3302700009,OG,DRY,10/25/1979,3749,NWSW 9-148-65,KISSINGER PETROLEUM CORP.,ANDERSON 12-9,WILDCAT
1197,,3302700003,OG,DRY,7/26/1956,2229,SWNW 35-148-67,"CALVERT DRILLING, INC.",DOROTHY F. ELLIOTT 1,WILDCAT
11653,,3310300024,OG,DRY,7/30/1985,4860,NWNE 35-148-70,TRUE OIL CO.,JULIAR 31-35,WILDCAT
609,,3310300006,OG,DRY,6/17/1954,5182,SWSE 14-148-71,CAROLINE HUNT TRUST ESTATE,GEORGE LEITNER 1,WILDCAT
4096,,3310300016,OG,DRY,6/27/1966,3411,NESE 10-148-73,DON BILLS,JOHN AND OLE HOVE 1,WILDCAT
336,,3310300002,OG,DRY,8/16/1953,3500,SENW 13-148-73,GERMANY & CARDINAL DRILLING CO.,TONY C. FAUL 1,WILDCAT
5112,,3310300020,OG,DRY,10/14/1971,3241,SESE 16-148-73,DON BILLS,LEPPKE-STATE 1,WILDCAT
3728,,3310300013,OG,DRY,11/12/1964,3774,NENE 30-148-73,APCO OIL CORP.,ARTHUR MARTIN 1,WILDCAT
3754,,3310300014,OG,DRY,11/17/1964,3430,SWNE 34-148-73,APCO OIL CORP.,MATHISON 1,WILDCAT
6267,,3308300011,OG,PNC,8/5/1978,,NENE 2-148-74,GULF OIL CORP.,FAUL 1,WILDCAT
337,,3308300001,OG,DRY,9/2/1953,3992,NESE 22-148-74,GERMANY & CARDINAL DRILLING CO.,LEO FALLON 1,WILDCAT
665,,3308300002,OG,DRY,9/3/1954,6782,NENE 15-148-76,CAROLINE HUNT TRUST ESTATE,"JOHN WALTZ, JR. 1",WILDCAT
9923,,3308300015,OG,DRY,12/29/1982,4900,NENE 20-148-77,ATLANTIC RICHFIELD COMPANY,SUNDVOLD 1,WILDCAT
9248,,3308300013,OG,DRY,12/13/1981,4890,NESW 11-148-78,ATLANTIC RICHFIELD COMPANY,MANTZ 1,WILDCAT
6636,,3305500022,OG,DRY,8/10/1978,4597,NWSE 16-148-79,MARLINE OIL CORP.,STATE 1,WILDCAT
5400,,3305500020,OG,DRY,3/2/1974,4566,NWSE 25-148-80,PAN CANADIAN PETROLEUM CO.& THE NOKOTA CO.,SKAGEN 1,WILDCAT
10199,,3305500043,OG,DRY,7/23/1983,7640,NENE 12-148-87,SHELL OIL CO.,JOHNSON 41-12,WILDCAT
8357,,3305500027,OG,DRY,5/31/1981,10958,NWNE 20-148-87,MITCHELL ENERGY CORP.,MATHENY ET UX 1-20,WILDCAT
8802,,3305500036,OG,DRY,8/11/1981,11569,NWNE 20-148-87,MITCHELL ENERGY CORP.,METHENY 1-20A,WILDCAT
8411,,3305500032,OG,PNC,5/24/1982,,NWNW 21-148-87,MITCHELL ENERGY CORP.,KERZMAN 1-21,WILDCAT
13430,,3305500099,OG,DRY,11/5/1992,9625,SWNE 25-148-88,AMERADA HESS CORPORATION,ROBINSON 25-32,WILDCAT
8060,,3305500025,OG,DRY,3/4/1981,13432,SWNE 7-148-89,APACHE CORPORATION,SOLCUM 1,WILDCAT
18397,,3305500129,OG,PNC,10/29/2010,,SESW 30-148-89,"RED WILLOW GREAT PLAINS, LLC",EAGLE 14-30H,WILDCAT
5352,,3305500019,OG,DRY,11/12/1973,8240,SENW 30-148-89,ANADARKO PRODUCTION CO.,DELAITTRE-JONES A 1,WILDCAT
4375,,3305500010,OG,DRY,2/15/1968,8594,NWNE 1-148-90,EMPIRE STATE OIL CO.,E. M. YOUNGBEAR SANDERSON 1,WILDCAT
18212,,3305500125,OG,PA,7/18/2012,13837,SESW 11-148-90,"RED WILLOW GREAT PLAINS, LLC",MHA 1-11H-148-90,WILDCAT
12650,,3305500046,OG,DRY,9/20/1989,8350,NWNE 12-148-90,"LONG PETROLEUM, INC.",EMMA COFFEE 1,WILDCAT
9928,,3305500040,OG,PNC,12/19/1983,,NWSE 12-148-90,DAVIS OIL CO.,COFFEE 12-1,BEARS TAIL
9929,,3305500041,OG,PNC,12/19/1983,,SENE 12-148-90,DAVIS OIL CO.,BEARS TAIL 12-2,BEARS TAIL
9941,,3305500042,OG,PA,5/31/1984,10200,NESE 12-148-90,DAVIS OIL CO.,BEARS TAIL 12-1,BEARS TAIL
13169,,3305500085,OG,DRY,7/27/1991,8260,NWNE 13-148-90,"LONG PETROLEUM, INC.",GRINNELL 1,WILDCAT
22092,222092,3302501567,OG,A,10/3/2023,22822,NWSW 5-148-91,OASIS PETROLEUM NORTH AMERICA LLC,MHA 2-05-04H-148-91,HEART BUTTE
22093,222092,3302501568,OG,A,10/8/2012,22430,NWSW 5-148-91,OASIS PETROLEUM NORTH AMERICA LLC,MHA 4-05-04H-148-91,HEART BUTTE
20483,120483,3302501317,OG,A,7/20/2012,19116,LOT3 6-148-91,XTO ENERGY INC,FBIR GEORGEBLACKHAWK 21X-6B,HEART BUTTE
20424,120424,3302501303,OG,A,8/15/2019,20460,LOT1 1-148-92,XTO ENERGY INC,FBIR GRINNELL 41X-1C,HEART BUTTE
21120,121120,3302501418,OG,A,7/15/2019,15984,LOT2 2-148-92,XTO ENERGY INC,FBIR HUNTSALONG 31X-2,HEART BUTTE
9707,,3302500347,OG,PA,6/27/1996,11272,SWNE 4-148-92,GEOLINEAR CO.,YOUNG BEAR 32-4RE,HEART BUTTE
17299,117299,3302500763,OG,PA,1/14/2022,15073,LOT4 5-148-92,"DEVON ENERGY WILLISTON, L.L.C",FREDERICKS 5-11H,HEART BUTTE
17634,117634,3302500832,OG,PA,1/14/2022,14760,NWNE 6-148-92,"DEVON ENERGY WILLISTON, L.L.C",FREDERICKS 6-31H,HEART BUTTE
22466,222466,3302501634,OG,A,9/6/2023,19280,LOT3 7-148-92,"DEVON ENERGY WILLISTON, L.L.C",SKUNK CREEK 12-7-8-9H3,HEART BUTTE
22467,222466,3302501635,OG,A,10/3/2023,19170,LOT3 7-148-92,"DEVON ENERGY WILLISTON, L.L.C",SKUNK CREEK 12-7-8-9H,HEART BUTTE
22468,222466,3302501636,OG,A,9/6/2023,19375,LOT3 7-148-92,"DEVON ENERGY WILLISTON, L.L.C",SKUNK CREEK 12-7-8-8H,HEART BUTTE
36479,222466,3302503818,OG,A,3/23/2023,20634,LOT3 7-148-92,"DEVON ENERGY WILLISTON, L.L.C",SKUNK CREEK 12-7-8-9HA,HEART BUTTE
36480,222466,3302503819,OG,A,3/23/2023,20399,LOT3 7-148-92,"DEVON ENERGY WILLISTON, L.L.C",SKUNK CREEK 12-7-8-8H3A,HEART BUTTE
36481,222466,3302503820,OG,A,3/21/2023,20412,LOT3 7-148-92,"DEVON ENERGY WILLISTON, L.L.C",SKUNK CREEK 12-7-8-16H,HEART BUTTE
36482,222466,3302503821,OG,A,3/19/2023,20495,LOT3 7-148-92,"DEVON ENERGY WILLISTON, L.L.C",SKUNK CREEK 12-7-8-16H3,HEART BUTTE
36483,222466,3302503822,OG,A,3/16/2023,20590,LOT3 7-148-92,"DEVON ENERGY WILLISTON, L.L.C",SKUNK CREEK 12-7-8-16HA,HEART BUTTE
36484,222466,3302503823,OG,A,3/16/2023,20667,LOT3 7-148-92,"DEVON ENERGY WILLISTON, L.L.C",SKUNK CREEK 12-7-8-9H3A,HEART BUTTE
36525,,3302503826,OG,PNC,8/19/2021,,LOT1 7-148-92,"WPX ENERGY WILLISTON, LLC",SKUNK CREEK 4-7-5-16HU,HEART BUTTE
36526,,3302503827,OG,PNC,8/19/2021,,LOT1 7-148-92,"WPX ENERGY WILLISTON, LLC",SKUNK CREEK 4-7-8-1H3U,HEART BUTTE
36527,,3302503828,OG,PNC,8/19/2021,,LOT1 7-148-92,"WPX ENERGY WILLISTON, LLC",SKUNK CREEK 4-7-8-1H,HEART BUTTE
36528,,3302503829,OG,PNC,8/19/2021,,LOT1 7-148-92,"WPX ENERGY WILLISTON, LLC",SKUNK CREEK 4-7-8-1H3,HEART BUTTE
36529,,3302503830,OG,PNC,8/19/2021,,LOT2 7-148-92,"WPX ENERGY WILLISTON, LLC",SKUNK CREEK 4-7-8-1HA,HEART BUTTE
36530,,3302503831,OG,PNC,8/19/2021,,LOT2 7-148-92,"WPX ENERGY WILLISTON, LLC",SKUNK CREEK 4-7-8-8H3,HEART BUTTE
20117,220117,3302501248,OG,A,10/15/2019,19928,NWNE 9-148-92,XTO ENERGY INC,FBIR YOUNGBEAR 31X-9B,HEART BUTTE
25429,220117,3302502136,OG,A,5/3/2024,20263,NWNE 9-148-92,XTO ENERGY INC,FBIR YOUNGBEAR 31X-9F,HEART BUTTE
25430,220117,3302502137,OG,A,2/15/2020,20478,NWNE 9-148-92,XTO ENERGY INC,FBIR YOUNGBEAR 31X-9A,HEART BUTTE
25431,220117,3302502138,OG,A,9/1/2023,20819,NWNE 9-148-92,XTO ENERGY INC,FBIR YOUNGBEAR 31X-9E,HEART BUTTE
35031,220117,3302503511,OG,A,7/4/2023,20738,NWNE 9-148-92,XTO ENERGY INC,FBIR YOUNGBEAR 31X-9BXC,HEART BUTTE
35032,220117,3302503512,OG,A,7/4/2023,20737,NWNE 9-148-92,XTO ENERGY INC,FBIR YOUNGBEAR 31X-9G,HEART BUTTE
35033,220117,3302503513,OG,A,10/3/2019,20778,NWNE 9-148-92,XTO ENERGY INC,FBIR YOUNGBEAR 31X-9C,HEART BUTTE
35034,220117,3302503514,OG,A,5/2/2025,20946,NWNE 9-148-92,XTO ENERGY INC,FBIR YOUNGBEAR 31X-9H,HEART BUTTE
35035,220117,3302503515,OG,A,7/4/2023,20846,NWNE 9-148-92,XTO ENERGY INC,FBIR YOUNGBEAR 31X-9D,HEART BUTTE
19940,219940,3302501219,OG,A,6/2/2023,20440,NENW 10-148-92,XTO ENERGY INC,FBIR YELLOWWOLF 21X-10,HEART BUTTE
19948,219940,3302501220,OG,A,6/2/2023,20314,NENW 10-148-92,XTO ENERGY INC,FBIR IRONWOMAN 21X-10,HEART BUTTE
23937,219940,3302501882,OG,A,8/31/2019,20490,NENW 10-148-92,XTO ENERGY INC,FBIR YELLOWWOLF 21X-10F,HEART BUTTE
23938,219940,3302501883,OG,A,11/15/2019,20445,NENW 10-148-92,XTO ENERGY INC,FBIR YELLOWWOLF 21X-10A,HEART BUTTE
23939,219940,3302501884,OG,A,9/8/2019,20314,NENW 10-148-92,XTO ENERGY INC,FBIR IRONWOMAN 21X-10E,HEART BUTTE
23940,219940,3302501885,OG,A,11/4/2025,20851,NENW 10-148-92,XTO ENERGY INC,FBIR IRONWOMAN 21X-10F,HEART BUTTE
23941,219940,3302501886,OG,A,4/3/2025,20822,NENW 10-148-92,XTO ENERGY INC,FBIR IRONWOMAN 21X-10A,HEART BUTTE
23942,219940,3302501887,OG,A,11/4/2025,20600,NENW 10-148-92,XTO ENERGY INC,FBIR YELLOWWOLF 21X-10E,HEART BUTTE
34472,234472,3302503433,OG,A,4/3/2025,20767,NWNE 10-148-92,XTO ENERGY INC,FBIR IRONWOMAN 31X-10C,HEART BUTTE
34473,234472,3302503434,OG,A,11/3/2023,20915,NWNE 10-148-92,XTO ENERGY INC,FBIR IRONWOMAN 31X-10G,HEART BUTTE
34474,234472,3302503435,OG,A,5/3/2023,20930,NWNE 10-148-92,XTO ENERGY INC,FBIR IRONWOMAN 31X-10D,HEART BUTTE
34685,234472,3302503456,OG,A,6/2/2023,20464,NWNE 10-148-92,XTO ENERGY INC,FBIR YELLOWWOLF 31X-10C,HEART BUTTE
34686,234472,3302503457,OG,IA,11/18/2025,20494,NWNE 10-148-92,XTO ENERGY INC,FBIR YELLOWWOLF 31X-10D,HEART BUTTE
34687,234472,3302503458,OG,A,6/2/2023,20702,NWNE 10-148-92,XTO ENERGY INC,FBIR YELLOWWOLF 31X-10DXA,HEART BUTTE
34688,234472,3302503459,OG,A,6/2/2023,20574,NWNE 10-148-92,XTO ENERGY INC,FBIR YELLOWWOLF 31X-10G,HEART BUTTE
34885,219940,3302503493,OG,A,9/7/2019,20784,NENW 10-148-92,XTO ENERGY INC,FBIR IRONWOMAN 21X-10B,HEART BUTTE
34886,219940,3302503494,OG,A,9/15/2019,21016,NENW 10-148-92,XTO ENERGY INC,FBIR IRONWOMAN 21X-10AXD,HEART BUTTE
24024,,3302501901,OG,PNC,9/15/2014,,NENW 12-148-92,ENERPLUS RESOURCES USA CORPORATION,YOUNGBIRD 12-21H,HEART BUTTE
20632,120632,3302501348,OG,A,5/24/2012,19659,NWSW 13-148-92,XTO ENERGY INC,FBIR NELLIEOLDMOUSE 13X-13B,HEART BUTTE
20114,220114,3302501245,OG,A,7/4/2023,19841,SWSE 14-148-92,XTO ENERGY INC,FBIR DARCIE 34X-14,HEART BUTTE
24037,220114,3302501902,OG,A,3/15/2019,19997,SWSE 14-148-92,XTO ENERGY INC,FBIR DARCIE 34X-14H,HEART BUTTE
24038,220114,3302501903,OG,A,6/4/2024,20077,SWSE 14-148-92,XTO ENERGY INC,FBIR DARCIE 34X-14D,HEART BUTTE
21699,,3302501499,OG,PNC,4/30/2015,,SWSW 18-148-92,WHITING OIL AND GAS CORPORATION,SKUNK CREEK 13-18-17-16H,HEART BUTTE
21700,221700,3302501500,OG,A,11/3/2023,20049,SWSW 18-148-92,"DEVON ENERGY WILLISTON, L.L.C",SKUNK CREEK 13-18-17-16H3,HEART BUTTE
21701,221700,3302501501,OG,A,9/6/2023,20270,SWSW 18-148-92,"DEVON ENERGY WILLISTON, L.L.C",SKUNK CREEK 13-18-17-9H,HEART BUTTE
24115,224115,3302501926,OG,A,8/3/2023,19704,LOT1 18-148-92,"DEVON ENERGY WILLISTON, L.L.C",SKUNK CREEK 4-18-17-1H,HEART BUTTE
24116,224115,3302501927,OG,A,6/2/2023,19796,LOT1 18-148-92,"DEVON ENERGY WILLISTON, L.L.C",SKUNK CREEK 4-18-17-1H3,HEART BUTTE
24117,224115,3302501928,OG,A,11/4/2015,20020,LOT1 18-148-92,"DEVON ENERGY WILLISTON, L.L.C",SKUNK CREEK 4-18-17-8H,HEART BUTTE
31170,224115,3302502927,OG,A,11/3/2015,20105,LOT1 18-148-92,"DEVON ENERGY WILLISTON, L.L.C",SKUNK CREEK 4-18-17-8H3,HEART BUTTE
36566,,3302503835,OG,PNC,8/3/2023,,LOT4 18-148-92,"WPX ENERGY WILLISTON, LLC",SKUNK CREEK 13-18-20-1H3U,HEART BUTTE
36567,221700,3302503836,OG,A,5/2/2025,20255,LOT4 18-148-92,"DEVON ENERGY WILLISTON, L.L.C",SKUNK CREEK 13-18-17-16HU,HEART BUTTE
36568,221700,3302503837,OG,A,5/30/2023,20107,LOT4 18-148-92,"DEVON ENERGY WILLISTON, L.L.C",SKUNK CREEK 13-18-16H3A,HEART BUTTE
36569,,3302503838,OG,PNC,8/3/2023,,LOT4 18-148-92,"WPX ENERGY WILLISTON, LLC",SKUNK CREEK 13-18-17-16HA,HEART BUTTE
36570,,3302503839,OG,PNC,8/3/2023,,LOT4 18-148-92,"WPX ENERGY WILLISTON, LLC",SKUNK CREEK 13-18-17-9HA,HEART BUTTE
36571,,3302503840,OG,PNC,8/3/2023,,LOT4 18-148-92,"WPX ENERGY WILLISTON, LLC",SKUNK CREEK 13-18-17-9H3,HEART BUTTE
36805,,3302503888,OG,PNC,1/10/2025,,LOT1 18-148-92,"WPX ENERGY WILLISTON, LLC",EMERALD 4-18TFH,HEART BUTTE
36806,,3302503889,OG,PNC,1/10/2025,,LOT1 18-148-92,"WPX ENERGY WILLISTON, LLC",AMETHYST 4-18H,HEART BUTTE
36807,,3302503890,OG,PNC,1/10/2025,,LOT1 18-148-92,"WPX ENERGY WILLISTON, LLC",RUBY 4-18TFH,HEART BUTTE
36808,,3302503891,OG,PNC,1/10/2025,,LOT1 18-148-92,"WPX ENERGY WILLISTON, LLC",CITRINE 4-18H,HEART BUTTE
36809,,3302503892,OG,PNC,1/10/2025,,LOT1 18-148-92,"WPX ENERGY WILLISTON, LLC",SAPPHIRE 4-18TFH,HEART BUTTE
32956,232956,3302503216,OG,A,7/29/2023,20168,LOT2 19-148-92,ENERPLUS RESOURCES USA CORPORATION,WHEAT 148-92-19B-20H,HEART BUTTE
32957,232956,3302503217,OG,A,10/3/2023,20033,LOT2 19-148-92,ENERPLUS RESOURCES USA CORPORATION,POTATO 148-92-19B-20H-TF,HEART BUTTE
26702,226702,3302502313,OG,A,3/4/2025,21030,SWSE 22-148-92,OASIS PETROLEUM NORTH AMERICA LLC,MHA 3-27-34H-148-92,HEART BUTTE
26703,226702,3302502314,OG,A,11/3/2023,20560,SWSE 22-148-92,OASIS PETROLEUM NORTH AMERICA LLC,MHA 1-27-34H-148-92,HEART BUTTE
26704,226702,3302502315,OG,A,1/13/2015,20624,SWSE 22-148-92,OASIS PETROLEUM NORTH AMERICA LLC,MHA 7-27-34H-148-92,HEART BUTTE
26705,226702,3302502316,OG,A,4/15/2019,20355,SWSE 22-148-92,OASIS PETROLEUM NORTH AMERICA LLC,MHA 5-27-34H-148-92,HEART BUTTE
26706,,3302502317,OG,PNC,7/31/2014,,SWSE 22-148-92,QEP ENERGY COMPANY,MHA 4-27-34H-148-92,HEART BUTTE
26731,,3302502323,OG,PNC,10/19/2016,,NESE 22-148-92,QEP ENERGY COMPANY,MHA 6-27-34H-148-92,HEART BUTTE
26732,226702,3302502324,OG,A,5/11/2017,20868,NESE 22-148-92,OASIS PETROLEUM NORTH AMERICA LLC,MHA 8-27-34H-148-92,HEART BUTTE
26733,,3302502325,OG,PNC,12/11/2014,,NESE 22-148-92,QEP ENERGY COMPANY,MHA 2-27-34H-148-92,HEART BUTTE
32789,226702,3302503169,OG,A,5/10/2017,20853,NESE 22-148-92,OASIS PETROLEUM NORTH AMERICA LLC,MHA 2-27-34H-148-92R,HEART BUTTE
32790,226702,3302503170,OG,A,5/9/2017,20453,NESE 22-148-92,OASIS PETROLEUM NORTH AMERICA LLC,MHA 4-27-34H-148-92R,HEART BUTTE
18132,,3302500939,OG,PNC,6/9/2011,,NWNE 23-148-92,ENERPLUS RESOURCES USA CORPORATION,FREDERICKS 23-31H,WILDCAT
26283,,3302502247,OG,PNC,8/13/2019,,SESE 23-148-92,QEP ENERGY COMPANY,MHA 6-26-35H-148-92,HEART BUTTE
26284,,3302502248,OG,PNC,8/13/2019,,SESE 23-148-92,QEP ENERGY COMPANY,MHA 8-26-35H-148-92,HEART BUTTE
26285,,3302502249,OG,PNC,8/13/2019,,SESE 23-148-92,QEP ENERGY COMPANY,MHA 2-26-35H-148-92,HEART BUTTE
26286,,3302502250,OG,PNC,8/13/2019,,SESE 23-148-92,QEP ENERGY COMPANY,MHA 4-26-35H-148-92,HEART BUTTE
32527,132527,3302503125,OG,A,4/26/2017,19985,SWNW 23-148-92,ENERPLUS RESOURCES USA CORPORATION,ROBIN 148-92-23B-24H,HEART BUTTE
32528,132528,3302503126,OG,A,4/26/2017,20438,SWNW 23-148-92,ENERPLUS RESOURCES USA CORPORATION,FINCH 148-92-22A-21H,HEART BUTTE
31300,,3302502952,OG,PNC,5/8/2020,,NWSW 24-148-92,QEP ENERGY COMPANY,MHA 1-25-36H-148-92,HEART BUTTE
31301,,3302502953,OG,PNC,5/8/2020,,NWSW 24-148-92,QEP ENERGY COMPANY,MHA 3-25-36H-148-92,HEART BUTTE
31302,,3302502954,OG,PNC,8/27/2019,,NWSW 24-148-92,QEP ENERGY COMPANY,MHA 7-25-36H-148-92,HEART BUTTE
31303,,3302502955,OG,PNC,5/8/2020,,NWSW 24-148-92,QEP ENERGY COMPANY,MHA 5-25-36H-148-92,HEART BUTTE
32060,,3302503028,OG,PNC,3/2/2020,,SESE 24-148-92,QEP ENERGY COMPANY,MHA 4-25-36H-148-92,HEART BUTTE
32061,,3302503029,OG,PNC,3/2/2020,,SESE 24-148-92,QEP ENERGY COMPANY,MHA 2-25-36H-148-92,HEART BUTTE
32062,,3302503030,OG,PNC,3/2/2020,,SESE 24-148-92,QEP ENERGY COMPANY,MHA 8-25-36H-148-92,HEART BUTTE
32063,,3302503031,OG,PNC,3/2/2020,,SESE 24-148-92,QEP ENERGY COMPANY,MHA 6-25-36H-148-92,HEART BUTTE
31296,,3302502948,OG,PNC,5/9/2019,,NWNW 26-148-92,QEP ENERGY COMPANY,MHA 5-26-35H-148-92,HEART BUTTE
31297,,3302502949,OG,PNC,5/9/2019,,NWNW 26-148-92,QEP ENERGY COMPANY,MHA 7-26-35H-148-92,HEART BUTTE
31298,,3302502950,OG,PNC,5/9/2019,,NWNW 26-148-92,QEP ENERGY COMPANY,MHA 1-26-35H-148-92,HEART BUTTE
31299,,3302502951,OG,PNC,5/9/2019,,NWNW 26-148-92,QEP ENERGY COMPANY,MHA 3-26-35H-148-92,HEART BUTTE
26352,,3302502265,,Confidential,,,NENE 28-148-92,OASIS PETROLEUM NORTH AMERICA LLC,MHA BULLSNAKE 4892 14-28 3BX,HEART BUTTE
26353,,3302502266,,Confidential,,,NENE 28-148-92,OASIS PETROLEUM NORTH AMERICA LLC,MHA 1-28-29H-148-92,HEART BUTTE
26354,,3302502267,,Confidential,,,NENE 28-148-92,OASIS PETROLEUM NORTH AMERICA LLC,MHA Bullsnake 4892 14-28 #1BHP,HEART BUTTE
26355,,3302502268,,Confidential,,,NENE 28-148-92,OASIS PETROLEUM NORTH AMERICA LLC,MHA Bullsnake 4892 14-28 #2BHP,HEART BUTTE
26362,226363,3302502270,OG,A,7/19/2016,20517,NESE 28-148-92,OASIS PETROLEUM NORTH AMERICA LLC,MHA 6-28-29H-148-92,HEART BUTTE
26363,226363,3302502271,OG,A,7/16/2016,20477,NESE 28-148-92,OASIS PETROLEUM NORTH AMERICA LLC,MHA 8-28-29H-148-92,HEART BUTTE
26364,226363,3302502272,OG,A,4/15/2019,20216,NESE 28-148-92,OASIS PETROLEUM NORTH AMERICA LLC,MHA 2-28-29H-148-92,HEART
12110,,3303500011,OG,DRY,6/17/1987,1273,NESE 33-149-54,"GERMUNDSON, LYLE O.",MIDBOE 1,WILDCAT
12197,,3303500012,OG,DRY,8/24/1989,350,NESE 33-149-54,"GERMUNDSON, LYLE O.",MIDBOE 1A,WILDCAT
15339,,3303500013,OG,DRY,9/10/2002,106,SWSE 33-149-54,LYLE O. GERMUNDSON,MIDBOE 2,WILDCAT
15343,,3303500014,OG,DRY,10/25/2007,1315,SWSE 33-149-54,LYLE O. GERMUNDSON,MIDBOE 2A,WILDCAT
99105,,3303599105,ST,DRY,7/10/1969,658,NWNW 22-149-55,RALPH O. BROWN,ELLINGSON 1,WILDCAT
4122,,3303500007,OG,DRY,9/8/1966,598,NWNW 26-149-55,I. J. WILHITE & SIMCOX OIL CO.,HARRY N. JODOCK - FLB 1,WILDCAT
99030,,3303599030,ST,DRY,1/20/1969,1202,SWSW 6-149-56,"NORTHERN RESOURCES, INC.",SOLBERG 1-6,WILDCAT
99078,,3303599078,ST,DRY,11/25/1968,1164,SESW 8-149-56,"NORTHERN RESOURCES, INC.",MUTCHER 1-8,WILDCAT
4606,,3303500008,OG,DRY,12/17/1968,1124,SWNW 13-149-56,"NORTHERN RESOURCES, INC.",PETER PETERSON 1,WILDCAT
99066,,,,,,,,,,
99109,,3303599109,ST,DRY,8/6/1969,735,NWNW 6-150-55,RALPH O. BROWN,HALVORSON 1,WILDCAT
99036,,3303599036,ST,DRY,8/22/1969,772,SESE 9-150-55,RALPH O. BROWN,ENOCH THORSGARD 1,WILDCAT
99053,,3303599053,ST,DRY,10/6/1968,982,SESE 19-150-56,RALPH O. BROWN,HAGEN 1,WILDCAT
99040,,3303599040,ST,DRY,9/23/1968,700,SWSW 23-150-56,RALPH O. BROWN,BEATRICE TVEIT 1,WILDCAT
99043,,3303599043,ST,DRY,10/1/1968,,NWNW 23-150-56,RALPH O. BROWN,BEATRICE TVEIT 1-A,WILDCAT
99044,,3303599044,ST,DRY,9/27/1968,825,SWSW 23-150-56,RALPH O. BROWN,BEATRICE TVEIT 2A,WILDCAT
99052,,3306399052,ST,DRY,11/16/1968,1215,NWNW 27-150-57,"NORTHERN RESOURCES, INC.",LOCKEN 1-27,WILDCAT
8134,,3306300022,OG,PNC,1/18/1983,,NENE 32-150-57,"RUSSELL DRILLING COMPANY, INC.",ALLEN SMAALDEN 1,WILDCAT
99029,,3306399029,ST,DRY,11/7/1968,1280,NWNW 5-150-58,"NORTHERN RESOURCES, INC.",VOLDNESS 1-5,WILDCAT
99081,,3306399081,ST,DRY,12/7/1968,1260,NWSE 10-150-58,"NORTHERN RESOURCES, INC.",HANSON 1-10,WILDCAT
99032,,3306399032,ST,DRY,1/18/1969,1240,NWNE 24-150-59,"NORTHERN RESOURCES, INC.",LOFTUS 1-24,WILDCAT
9052,,3306300024,OG,PNC,1/18/1983,,NWSE 30-150-60,PETROTEX MANAGEMENT CO.,PETERSON 1,WILDCAT
768,,3302700002,OG,DRY,12/24/1954,3856,NENE 8-150-65,CALVERT EXPLORATION CO.,STATE 1,WILDCAT
437,,3302700001,OG,DRY,11/1/1953,4235,NWNW 16-150-67,CALVERT EXPLORATION CO.,NORTH DAKOTA STATE 1,WILDCAT
11655,,3310300026,OG,DRY,8/25/1985,4620,NESW 7-150-68,TRUE OIL CO.,FALEIDE 23-7,WILDCAT
642,,3310300008,OG,DRY,8/9/1954,5034,NWNE 32-150-70,CAROLINE HUNT TRUST ESTATE,OBED LARSON 1,WILDCAT
5092,,3310300018,OG,DRY,9/1/1971,3050,NENE 34-150-71,GULF OIL CORP.,G. A. BRAUER 1,WILDCAT
5083,,3308300009,OG,DRY,8/23/1971,3527,NENW 1-150-74,I. J. WILHITE,THINGVOLD 1,WILDCAT
1581,,3308300007,OG,DRY,10/15/1957,3560,NWNE 36-150-74,GENERAL CRUDE OIL CO.,STATE OF NORTH DAKOTA 1,WILDCAT
3076,,3305500008,OG,DRY,1/12/1962,5155,SENW 14-150-79,I. J. WILHITE,ARNOLD TARASENKO 1,WILDCAT
3089,,3305500009,OG,DRY,2/2/1962,5295,NWNW 14-150-80,CARDINAL PETROLEUM CO.,CARL ECKLUND 1,WILDCAT
49,,3305500003,OG,DRY,6/4/1952,8900,SWSW 28-150-80,STANOLIND OIL & GAS CO.,MCCLEAN COUNTY 1,WILDCAT
8807,,3305500037,OG,DRY,9/2/1981,8515,SENW 16-150-82,MITCHELL ENERGY CORP.,HAUF 1-16,WILDCAT
10537,,3305500045,OG,DRY,1/18/1984,7430,SESE 6-150-85,SHELL OIL CO.,SAYLOR/VOELLER 44-6,WILDCAT
8358,,3305500028,OG,PNC,2/26/1981,,SENW 26-150-86,MITCHELL ENERGY CORP.,FIEDLER ET UX 1-26,WILDCAT
8310,,3305500026,OG,DRY,2/14/1981,7300,SESE 27-150-86,MITCHELL ENERGY CORP.,HOPKINS 1-27,WILDCAT
8373,,3305500031,OG,DRY,3/11/1981,7940,NWNW 9-150-88,DOME PETROLEUM CORP.,FORSMAN 1-9,WILDCAT
5826,,3305500021,OG,DRY,2/1/1976,7930,SESE 29-150-88,SAMEDAN OIL CORPORATION,MYRTLE JORSENGON 1,WILDCAT
17564,,3305500116,OG,PA,5/25/2018,19440,SESE 2-150-89,"HESS BAKKEN INVESTMENTS II, LLC",ST-NOMELAND-150-89- 0235H-1,WILDCAT
13037,,3305500056,OG,DRY,11/22/1990,8250,NWSE 4-150-89,PACIFIC ENTERPRISES OIL COMPANY (USA),EAST FORK 33-4,LUCKY MOUND
13099,,3305500068,OG,PA,1/12/2018,8175,SESW 10-150-89,WHITING OIL AND GAS CORPORATION,CHRISTEN 24-10,LUCKY MOUND
13217,213099,3305500091,OG,PA,4/17/2020,8240,NWSW 10-1,,,
99112,,3303599112,ST,DRY,12/22/1970,760,SESE 10-151-53,R. W. WILLIS,SAND 1,WILDCAT
580,,3303500002,OG,DRY,5/31/1954,898,NENE 15-151-53,A. J. SCOTT,A. J. SCOTT 1,WILDCAT
99111,,3303599111,ST,DRY,8/12/1969,598,SWSW 33-151-55,RALPH O. BROWN,HALVORSON 2,WILDCAT
99110,,3303599110,ST,DRY,8/16/1969,772,NWNW 12-151-56,RALPH O. BROWN,CARL SWANSON 1,WILDCAT
5129,,3303500010,OG,DRY,12/6/1971,1745,SENE 20-151-56,"ROCKY MOUNTAIN OIL & MINERALS, INC.",A. S. BOULDEN 4,WILDCAT
4738,,3303500009,OG,DRY,7/27/1969,933,NWNW 27-151-56,RALPH O. BROWN,BOULDEN 2,WILDCAT
99062,,3303599062,ST,DRY,10/26/1968,940,NWNW 27-151-56,RALPH O. BROWN,BOULDEN 1,WILDCAT
99107,,3303599107,ST,DRY,7/18/1969,920,SESE 27-151-56,RALPH O. BROWN,WIERWILL 1,WILDCAT
99108,,3303599108,ST,DRY,8/2/1969,890,NENE 27-151-56,RALPH O. BROWN,BOULDEN 3,WILDCAT
99039,,,,,,,,,,
3204,,3303500006,OG,DRY,7/8/1962,558,NWNW 17-152-51,CANADIAN-DAKOTA & SASTEXOIL & GAS,JULIAN NERESEN ESTATE 1,WILDCAT
29,,3303500001,OG,DRY,8/14/1951,2051,SESW 35-152-51,RED RIVER OIL & DEVELOPMENT,EDGAR BERG 1,WILDCAT
1415,,3303500004,OG,DRY,4/15/1957,1150,SESE 22-152-54,"NORTH PLAINS PETROLEUM, INC.",C. O. HAUGEN 1,WILDCAT
1356,,3303500003,OG,DRY,12/17/1957,1062,SWSE 24-152-54,"NORTH PLAINS PETROLEUM, INC.",F. F. DANNER 1,WILDCAT
99037,,3303599037,ST,DRY,8/19/1969,815,SWSW 15-152-56,RALPH O. BROWN,ROBERT LEEN 1,WILDCAT
2001,,3306300004,OG,DRY,9/6/1958,2412,SWSE 18-152-58,OIL EXPLORATION CO.,WALTER M. FOWLER 1,WILDCAT
4784,,3306300014,OG,DRY,10/9/1969,1985,NWNW 16-152-59,JACK M. JOHNSTON DRILLING CO.,AXAL ANDERSON 1,WILDCAT
12208,,3306300028,OG,DRY,10/19/1969,1150,SESE 5-152-60,JACK M. JOHNSTON DRILLING CORP.,BRYL-BREEDEN 1,WILDCAT
12209,,3306300029,OG,DRY,10/19/1969,1235,SESE 5-152-60,JACK M. JOHNSTON DRILLING CORP.,BRYL-BREEDEN 1X,WILDCAT
3191,,3303500005,OG,DRY,7/4/1962,802,NWSW 5-153-52,CANADIAN-DAKOTA & SASTEXOIL & GAS,DENNIS WOSICK 1-A,WILDCAT
4633,,3306300009,OG,DRY,8/19/1969,1897,SWNW 8-153-58,JACK M. JOHNSTON DRILLING CO.,ERVIN OLSON 1,WILDCAT
587,,3306300001,OG,DRY,4/1/1955,1700,SWSE 33-153-58,OIL EXPLORATION CO.,JOE LAMB 1,WILDCAT
4859,,3306300016,OG,PNC,1/12/1971,,SWNW 36-153-59,"DYNA RAY OIL & GAS COMPANY, INC.",ED LAMB ET AL 1,WILDCAT
4897,,3306300018,OG,PNC,2/5/1971,,NWSW 9-153-60,"DYNA RAY OIL & GAS COMPANY, INC.",FLOYD FISK 1,WILDCAT
4558,,3306300005,OG,DRY,12/7/1968,1245,SENW 24-153-60,CHAMBERS & KENNEDY,ALBERT BJORGE 1,WILDCAT
4783,,3307100019,OG,DRY,10/18/1969,2443,NESE 2-153-62,JOHNSTON PETROLEUM CORP.,FRANK HORSTEIN 1,WILDCAT
408,,3307100006,OG,DRY,10/2/1953,3252,SWSW 1-153-63,CALVERT EXPLORATION CO.,WENDELL HALEY 1,WILDCAT
407,,3307100005,OG,DRY,10/14/1953,3279,NESW 13-153-63,CALVERT EXPLORATION CO.,CARL JACK AND OLIVE JACK 1,WILDCAT
645,,3300500006,OG,DRY,7/10/1954,2485,NENW 27-153-67,SHELL OIL CO.,MURPHY CHRISTENSEN 1,WILDCAT
636,,3300500005,OG,DRY,7/3/1954,2880,SENE 17-153-68,SHELL OIL CO.,CHESTER TORGERSON 1,WILDCAT
678,,3300500011,OG,DRY,8/14/1954,3060,NWNE 22-153-69,SHELL OIL CO.,LARS A. TOGSTAD 1,WILDCAT
5204,,3300500018,OG,DRY,9/28/1972,2775,SENW 25-153-71,SUPERIOR OIL CO.,VETTER 1,WILDCAT
10696,,3306900041,OG,DRY,3/17/1984,1100,NESE 18-153-73,"SOUTH RANCH OIL COMPANY, INC.",WANGLER 2,WILDCAT
8856,,3306900037,OG,DRY,8/10/1981,3315,NESE 18-153-73,"SOUTH RANCH OIL COMPANY, INC.",WANGLER 1,WILDCAT
5237,,3306900028,OG,DRY,11/17/1972,3300,NWSW 3-153-74,SUPERIOR OIL CO.,SENGER 1,WILDCAT
3879,,3306900020,OG,DRY,5/29/1965,3250,SWSE 11-153-74,CARDINAL PETROLEUM CO. & OIL CAPITOL CORP.,JACOB SCHNEIDER 1,WILDCAT
3892,,3306900021,OG,DRY,6/14/1965,3334,NESW 21-153-74,CARDINAL PETROLEUM CO. & OIL CAPITOL CORP.,FRANCES BURGARD 1,WILDCAT
2505,,3304900040,OG,DRY,11/23/1959,3385,NWNW 5-153-75,CARDINAL & HACIENDA,LEWIS REIDER ET AL 1,WILDCAT
583,,3304900006,OG,DRY,5/29/1954,3832,SENW 27-153-75,OWEN DRILLING CO.,HYDES ASSOCIATES BROMLEY 1,WILDCAT
1697,,3304900025,OG,DRY,12/20/1957,3955,SESW 4-153-76,TRITON OIL CO.,GANGE 1,WILDCAT
9853,,3304900129,OG,DRY,12/6/1982,4100,NENW 10-153-77,ATLANTIC RICHFIELD COMPANY,MERCK 1,WILDCAT
61,,3304900002,OG,DRY,5/27/1952,7217,NWSE 17-153-77,HUNT OIL COMPANY,PETER LENNERTZ 1,WILDCAT
5344,,3304900106,OG,DRY,9/20/1973,4688,NWNW 14-153-80,CARDINAL PETROLEUM CO.,DOYLE 1-84,WILDCAT
4422,,3310100095,OG,DRY,5/16/1968,5228,NWSE 22-153-81,EARL SCHWARTZ CO.,MARIE BICK 1,WILDCAT
3087,,3310100041,OG,PNC,1/23/1963,,NENE 23-153-81,BARRON KIDD,TEMPLEMAN-FEDERAL LAND BANK 1,WILDCAT
5519,,3310100173,OG,DRY,1/29/1975,5558,SWNE 15-153-82,CLEARY PETROLEUM CORP.,KLIMPEL 1-15,WILDCAT
3314,,3310100048,OG,DRY,1/30/1963,6226,SWSE 7-153-83,I. J. WILHITE,ERNEST PIETSCH 1,WILDCAT
6150,,3310100204,OG,DRY,6/15/1977,6200,NESW 34-153-83,CARDINAL DRILLING CO.,OLSON 1,WILDCAT
12116,,3310100340,OG,DRY,5/30/1987,6216,NWSW 2-153-84,CENEX,UCL MIKKELSON 12-2,TORNING
12610,,3310100376,OG,PNC,12/11/1990,,SENW 2-153-84,CENEX,MIKKELSON 6-2,TORNING
12797,,3310100389,OG,DRY,12/31/1989,6236,SESW 2-153-84,CENEX,MIKKELSON 14-2,TORNING
13702,,3310100435,OG,DRY,9/27/1994,6200,SESE 2-153-84,"TEXAS CRUDE ENERGY, INC.",HARVEY 2 1,TORNING
14948,,3310100456,OG,DRY,1/1/2000,7434,SWNE 2-153-84,"EAGLE OPERATING, INC.",MIKKELSON 2-7,TORNING
10572,,3310100310,OG,DRY,8/24/1984,6300,NWNW 3-153-84,UNION OIL COMPANY OF CALIFORNIA,PEDERSON 1-D3,WILDCAT
12585,,3310100374,OG,DRY,2/23/1989,6210,SWNE 3-153-84,CENEX HARVEST STATES COOPERATIVES,CENEX FEDJE 7-3,TORNING
9107,,3310100283,OG,PNC,1/27/1983,,SWSW 3-153-84,UNION OIL COMPANY OF CALIFORNIA,PEDERSON 1-M3,WILDCAT
5356,,3310100164,OG,DRY,10/27/1973,6500,SESW 5-153-84,"KOCH INDUSTRIES, INC.",GUSTAFSON-OLSON 1,WILDCAT
12451,,3310100359,OG,DRY,6/18/1988,6200,SENE 11-153-84,CENEX,CENEX SUNDSBAK 8-11,TORNING
12475,212475,3310100363,OG,A,7/30/1988,6230,NESE 11-153-84,"TITAN ENERGY, LLC",SUNDSBAK 9-11,TORNING
12489,112489,3310100364,SWD,A,7/15/2018,6215,SWNE 11-153-84,"TITAN ENERGY, LLC",SUNDSBAK 7-11 SWD,TORNING
12490,,3310100365,OG,PNC,12/11/1990,,NESW 11-153-84,CENEX,CENEX PIETSCH 11-11,TORNING
12523,,3310100368,OG,DRY,10/1/1988,6250,SWSE 11-153-84,CENEX,SUNDSBAK 15-11,TORNING
12735,212475,3310100387,OG,A,4/15/2018,6228,SWNE 11-153-84,"TITAN ENERGY, LLC",SUNDSBAK 7-11A,TORNING
13528,,3310100428,OG,PA,9/22/1995,6175,SESE 11-153-84,SAMSON RESOURCES COMPANY,SUNDSBAK 1-11,TORNING
26761,,3310100488,OG,DRY,12/8/2013,6252,NWNE 11-153-84,FLATIRONS RESOURCES LLC,SUNDSBAK 31-11,TORNING
12606,,3310100375,OG,DRY,3/24/1989,6260,NWSW 12-153-84,CENEX,SUNDSBAK 12-12,TORNING
12491,212475,3310100366,OG,PA,6/4/2021,6285,NENE 14-153-84,"TITAN ENERGY, LLC",SUNDSBAK 1-14,TORNING
12703,,3310100381,OG,DRY,9/2/1989,6260,NWNE 14-153-84,CENEX,SUNDSBAK 2-14,TORNING
11249,,3310100324,OG,DRY,12/20/1984,6478,NWSE 15-153-84,"EXXON COMPANY, U.S.A.",LOHSE 1,WILDCAT
1061,,3310100014,OG,DRY,1/20/1956,6855,SWSW 30-153-84,"CALVERT DRILLING, INC.",GILBERT JACOBSON 1,WILDCAT
6540,,3310100216,OG,DRY,6/15/1978,8270,NENE 30-153-84,"KOCH INDUSTRIES, INC.",JACOBSON 1-30,WILDCAT
105,,3310100006,OG,DRY,11/3/1952,11009,SWNE 2-153-85,STANOLIND OIL & GAS CO.,WALTER AND INGEBERG WASWICK 1,WILDCAT
5098,,3310100142,OG,DRY,9/30/1971,6794,SENW 7-153-85,I. J. WILHITE,RUBBELKE 1,WILDCAT
5158,,3310100148,OG,DRY,3/14/1972,9250,,,,
4898,,3306300019,OG,PNC,2/5/1971,,NWSW 6-154-59,"DYNA RAY OIL & GAS COMPANY, INC.",ALBERT OLSON 1,WILDCAT
246,,3307100003,OG,DRY,1/17/1953,3267,NENE 36-154-63,NORTHERN NATURAL GAS PRODUCING CO.,RAYMOND P. AND BLANCHE T. LEE 1,WILDCAT
196,,3307100002,OG,DRY,12/1/1952,3745,NENE 16-154-65,CARTER OIL CO.,ALLAN MACDIARMID 1,WILDCAT
683,,3300500012,OG,DRY,8/22/1954,3030,NENE 2-154-69,SHELL OIL CO.,H. R. HOFSTRAND 1,WILDCAT
632,,3300500004,OG,DRY,7/17/1954,5144,NWSE 31-154-70,"NATIONAL BULK CARRIERS, INC.",JOHN STADUM 1,WILDCAT
538,,3306900005,OG,DRY,3/3/1954,4440,NESE 17-154-72,CALVERT EXPLORATION CO.,CYRUS AND JOSEPH RAMBERG 1,WILDCAT
557,,3306900006,OG,DRY,4/15/1954,3213,NWNW 11-154-73,OWEN DRILLING CO.,HYDE ASSOCIATES SCHAAN 1,WILDCAT
4567,,3306900024,OG,DRY,12/2/1968,3035,SWSW 33-154-73,CARDINAL & GARTH CAYLOR,MIKE KLEIN 1,WILDCAT
361,,3306900003,OG,DRY,9/2/1953,3511,SWNW 22-154-74,CALVERT EXPLORATION CO.,MARTIN VOELLER 1,WILDCAT
3878,,3304900081,OG,DRY,5/22/1965,3385,NWNW 15-154-75,CARDINAL PETROLEUM CO. & OIL CAPITOL CORP.,KOBLE - BANK OF NORTH DAKOTA 1,WILDCAT
360,,3304900004,OG,DRY,8/17/1953,3965,NWSW 23-154-76,CALVERT EXPLORATION CO.,JOE BACHMEIR(ZIEGLER) 1,WILDCAT
1720,,3304900026,OG,DRY,1/22/1958,4236,NENE 30-154-77,HUNT OIL COMPANY,FRANK BOEHM 1,WILDCAT
769,,3304900007,OG,DRY,1/10/1955,6050,NWNW 14-154-78,CALVERT EXPLORATION CO.,FRED AND SIGNA WRIGHT 1,WILDCAT
10257,,3304900131,OG,DRY,7/21/1983,4474,NWNW 6-154-79,"AXEM RESOURCES, INC.",AXEM - STRANDBERG 4-6,WILDCAT
3237,,3310100046,OG,DRY,9/26/1962,5286,NENW 19-154-81,I. J. WILHITE,VERN WALDREF 1,WILDCAT
11112,,3310100322,OG,DRY,9/18/1984,5500,SESE 7-154-82,INEXCO OIL CO.,MAHONEY 1-7,WILDCAT
4891,,3310100115,OG,DRY,2/12/1970,5631,SWSE 31-154-82,"KOCH INDUSTRIES, INC.",FERN E. HERIGSTAD 1,WILDCAT
11002,,3310100317,OG,DRY,7/29/1984,5520,NWNW 33-154-82,INEXCO OIL CO.,ABELSTAD 1-33,WILDCAT
2930,,3310100035,OG,DRY,7/19/1961,5874,NWNW 8-154-83,I. J. WILHITE-CLYDE W. JONES,ARTHUR W. BENNO 1,WILDCAT
12241,,3310100346,OG,DRY,11/17/1987,6200,SENW 5-154-84,"CHEVRON USA, INC.",WILLIAMS 5-22,WILDCAT
13437,,3310100419,OG,DRY,10/26/1992,6315,SENW 7-154-84,"AXEM RESOURCES, INC.",MORK LAKE 6-7,WILDCAT
13610,,3310100431,OG,DRY,11/17/1993,6310,NESE 18-154-84,"WESTPORT OIL & GAS CO., INC.",MORK LAKE 9-18,WILDCAT
4153,,3310100073,OG,DRY,10/8/1966,6340,NENE 29-154-84,"CHANDLER & ASSOCIATES, INC.",WICKMAN 1,WILDCAT
6653,,3310100220,OG,DRY,9/22/1978,6400,SESW 32-154-84,HUNT ENERGY CORP.,NIENOW 1,WILDCAT
11661,,3310100330,OG,DRY,8/14/1985,6568,NENW 34-154-84,CENEX,HOLUM 3-34,WILDCAT
12365,,3310100353,OG,PA,10/1/1992,6260,SWSE 34-154-84,CENEX,CENEX FEDJE 15-34,TORNING
12702,,3310100380,OG,DRY,9/11/1989,6173,SESW 34-154-84,CENEX,DUSTIN 14-34,TORNING
4366,,3310100090,OG,DRY,1/4/1968,6250,NENE 1-154-85,I. J. WILHITE & SIMCOX OIL CO.,RAY C. SCHAEFER 1,WILDCAT
5389,,3310100166,OG,DRY,2/7/1974,6704,NWNW 6-154-85,DON BILLS & ST. CLAIR,J. H. DEMAREE - STATE OF N. D. 1,SOUTH LONE TREE
13803,,3310100436,OG,DRY,8/3/1995,6570,SESW 11-154-85,"TEXAS CRUDE ENERGY, INC.",OLSON 11 1,WILDCAT
8475,,3310100266,OG,DRY,4/12/1981,6375,SWSE 12-154-85,INEXCO OIL CO.,OLSON 1-12,WILDCAT
4987,,3310100123,OG,DRY,11/4/1970,6670,SENW 18-154-85,"DEPCO, INC. & TEXAS PACIFIC OIL CO.",STEVICK 1,WILDCAT
8691,,3310100271,OG,DRY,6/9/1981,6650,NWSW 34-154-85,INEXCO OIL CO.,OPLAND 1-34,WILDCAT
5154,,3310100147,OG,DRY,1/11/1972,6726,NESW 12-154-86,CARDINAL PETROLEUM CO. & KENNETH D. LUFF,BEN M. RUDE 1-12,WILDCAT
4223,,3310100080,OG,DRY,11/10/1972,6788,SWSW 22-154-86,H. L. HUNT,KALANZE 1,WILDCAT
5207,,3310100153,OG,DRY,9/5/1972,6765,SESE 35-154-86,"OIL RESOURCES, INC.",RUBBELKE 1,WILDCAT
12266,,3310100348,OG,DRY,12/4/1987,7100,SWSW 11-154-87,UNION TEXAS PETROLEUM CORP.,NESTE FRUNZ 11-1,WILDCAT
13349,,3310100414,OG,PNC,10/30/1992,,NESE 21-154-87,HONDO OIL & GAS CO.,HONDO COGC ST. PAUL 1,SHEALEY
13291,113291,3310100405,OG,PA,11/15/2019,7157,SWNE 22-154-87,Legacy Reserves Operating LP,DYKE 32-22,SHEALEY
13320,,3310100409,OG,DRY,8/10/1992,7200,SWSE 22-154-87,EQUITABLE RESOURCES ENERGY CO.,TRONDSON 34-22,SHEALEY
13340,,3310100411,OG,DRY,5/16/1992,7300,SWNW 22-154-87,EQUITABLE RESOURCES ENERGY CO.,DYKE 12-22,SHEALEY
13341,,3310100412,OG,PNC,3/26/1993,,SWSW 22-154-87,EQUITABLE RESOURCES ENERGY CO.,HAGEN 14-22,SHEALEY
14163,,3310100439,OG,DRY,4/6/1996,7175,NENW 22-154-87,EQUITABLE RESOURCES ENERGY CO.,DYKE 21-22,SHEALEY
13346,,3310100413,OG,PNC,2/1/1993,,NENW 27-154-87,TYREX OIL CO.,TYREX HAGEN STATE 21-27,SHEALEY
13247,,3310100402,OG,DRY,11/12/1991,7250,NWSE 28-154-87,HONDO OIL & GAS CO.,HONDO-COGC WELDER 33-28,WILDCAT
13168,,3310100398,OG,DRY,8/19/1995,7225,NWSE 33-154-87,FH PETROLEUM CORP.,FYLLESVOLD 10-33,WILDCAT
7238,,3306100231,OG,DRY,12/23/1979,10725,NWNE 5-154-88,UNION OIL COMPANY OF CALIFORNIA,OYNES 1-B5,WILDCAT
17054,,3306100657,OG,PNC,1/26/2009,,NWNW 28-154-88,HESS CORPORATION,THUNSHELLE 1-28 BH,WILDCAT
17052,,3306100656,OG,PNC,1/23/2009,,SESE 29-154-88,HESS CORPORATION,MOEN  1-29 BH,WILDCAT
17063,,3306100661,OG,PNC,1/27/2009,,SESE 30-154-88,HESS CORPORATION,EDWARDS 1-30 BH,WILDCAT
17065,,3306100662,OG,PNC,1/28/2009,,SESE 31-154-88,HESS CORPORATION,EDWARDS 1-31 BH,WILDCAT
17055,,3306100658,OG,PNC,1/26/2009,,NWNW 32-154-88,HESS CORPORATION,EDWARDS 1-32 BH,WILDCAT
17014,,3306100637,OG,PA,5/1/2018,14056,NWNW 33-154-88,"HESS BAKKEN INVESTMENTS II, LLC",EDWARDS 1-33 BH,WILDCAT
13193,,3306100445,OG,PA,7/3/1997,7650,NESE 34-154-88,LUFF EXPLORATION COMPANY,PAUL RAU 34-1,OSLOE
13421,113421,3306100456,OG,PA,9/7/2017,7550,SWNW 35-154-88,"RITTER, LABER & ASSOCIATES, INC.",SALTER 35-5,OSLOE
13475,,3306100458,OG,DRY,1/29/1993,7560,NESW 35-154-88,LUFF EXPLORATION COMPANY,NIELSEN K-35,OSLOE
13503,,3306100459,OG,DRY,4/1/1993,7500,NENE 35-154-88,LUFF EXPLORATION COMPANY,DALEY-HARMANN A-35,OSLOE
17647,117647,3306100877,OG,A,4/4/2023,13650,SWSE 6-154-89,HUNT OIL COMPANY,HAHN 1-06H,PARSHALL
42048,,3306105550,OG,DRL,11/5/2025,,SESE 6-154-89,HUNT OIL COMPANY,OAKLAND 154-89-6-30H -1,PARSHALL
42049,,3306105551,OG,DRL,11/6/2025,,SESE 6-154-89,HUNT OIL COMPANY,OAKLAND 154-89-6-30H -2,PARSHALL
17607,117607,3306100862,OG,A,4/3/2024,13535,SWSE 7-154-89,HUNT OIL COMPANY,JENSEN 1-7H,PARSHALL
18254,218254,3306101097,OG,A,3/27/2010,18800,SWSW 8-154-89,HUNT OIL COMPANY,LEE 8-5H 1,PARSHALL
22256,218254,3306102003,OG,A,7/25/2012,18948,SESW 8-154-89,HUNT OIL COMPANY,LEE 2-8-5H,PARSHALL
23190,,3306102163,OG,PNC,1/24/2014,,SESW 9-154-89,SINCLAIR OIL & GAS COMPANY,RYAN 1-9H,PARSHALL
42253,,3306105570,OG,LOC,8/26/2025,,SESW 9-154-89,"IRON OIL OPERATING, LLC",WEST SHELL 1-9-4H,PARSHALL
19602,,3306101505,OG,PNC,3/6/2012,,NWNW 13-154-89,HUNT OIL COMPANY,OAKLAND 1-12-1H 1,PARSHALL
17951,117951,3306100976,OG,A,7/4/2023,14051,SESE 16-154-89,"EOG RESOURCES, INC.",OAKLAND 5-16H,PARSHALL
18076,118076,3306101019,OG,A,6/21/2009,13517,NENW 17-154-89,HUNT OIL COMPANY,SAUBER  1-17H,PARSHALL
41965,,3306105531,OG,DRL,8/24/2025,,NWNW 17-154-89,HUNT OIL COMPANY,OAKLAND 154-89-7-6H- 3,PARSHALL
41966,,3306105532,OG,DRL,8/23/2025,,NWNW 17-154-89,HUNT OIL COMPANY,OAKLAND 154-89-8-6H- 1,PARSHALL
41967,,3306105533,OG,DRL,8/22/2025,,NWNW 17-154-89,HUNT OIL COMPANY,OAKLAND 154-89-17-19H- 1,PARSHALL
41968,,3306105534,OG,DRL,8/21/2025,,NWNW 17-154-89,HUNT OIL COMPANY,OAKLAND 154-89-17-20H- 1,PARSHALL
17738,117738,3306100904,OG,A,5/8/2009,13644,NENW 18-154-89,HUNT OIL COMPANY,SAUBER 1-18H,PARSHALL
23930,223930,3306102275,OG,A,2/10/2023,19684,LOT1 18-154-89,HUNT OIL COMPANY,OAKLAND  2-18-19H,PARSHALL
28847,223930,3306103199,OG,A,2/10/2023,19658,LOT1 18-154-89,HUNT OIL COMPANY,OAKLAND  2-7-6H,PARSHALL
39288,,3306105071,,Confidential,,,LOT1 18-154-89,HUNT OIL COMPANY,OAKLAND 154-89-18 SWD 1,PARSHALL
17290,117290,3306100750,OG,A,10/3/2024,13724,NENW 19-154-89,HUNT OIL COMPANY,HORST 1-19H,PARSHALL
17301,117301,3306100754,OG,IA,11/18/2025,14392,NWNW 20-154-89,HUNT OIL COMPANY,OAKLAND 1-20H,PARSHALL
40891,240820,3306105360,OG,DRL,8/20/2025,,NENW 20-154-89,HUNT OIL COMPANY,OAKLAND 154-89-20-29H-1,PARSHALL
40892,240820,3306105361,OG,DRL,8/19/2025,,NENW 20-154-89,HUNT OIL COMPANY,OAKLAND 154-89-18-7H-1,PARSHALL
17543,117543,3306100837,OG,A,10/5/2010,14630,NWNW 21-154-89,"EOG RESOURCES, INC.",OAKLAND 4-21H,PARSHALL
16840,116840,3306100580,OG,A,1/2/2008,13520,NENW 26-154-89,"PROVEN PETROLEUM, INC.",BERGSTROM FAMILY TRUST 26 1-H,PARSHALL
16978,116978,3306100623,OG,A,4/15/2019,13750,SWSE 27-154-89,"PROVEN PETROLEUM, INC.",HALLINGSTAD 27 1H,PARSHALL
18113,118113,3306101031,OG,A,12/3/2024,13670,NENW 28-154-89,HUNT OIL COMPANY,HENRY 1-28H,PARSHALL
17826,117826,3306100928,OG,A,11/25/2025,13813,SWSE 29-154-89,HUNT OIL COMPANY,WOESSNER 1-29H,PARSHALL
40820,240820,3306105351,,Confidential,,,NWNW 29-154-89,HUNT OIL COMPANY,OAKLAND 154-89-19-18H 3,PARSHALL
40821,240820,3306105352,,Confidential,,,NWNW 29-154-89,HUNT OIL COMPANY,OAKLAND 154-89-29-32H 1,PARSHALL
7918,,3306100255,OG,DRY,2/24/1981,9280,SESW 29-154-89,MARATHON OIL COMPANY,KULLAND 29-24,WILDCAT
17145,117145,3306100701,OG,IA,11/18/2025,13760,SWSE 30-154-89,HUNT OIL COMPANY,KULLAND 1-30H,PARSHALL
17012,117012,3306100636,OG,A,11/4/2025,13680,NENW 31-154-89,HUNT OIL COMPANY,MOEN  1-31H,PARSHALL
40030,240030,3306105199,OG,A,9/16/2024,20365,SESE 31-154-89,HUNT OIL COMPANY,OAKLAND 154-89-31-30H 3,PARSHALL
40031,240030,3306105200,OG,A,9/18/2024,19695,SESE 31-154-89,HUNT OIL COMPANY,SHELL 153-89-6-8H 1,PARSHALL
40032,240030,3306105201,OG,A,9/20/2024,19726,SESE 31-154-89,HUNT OIL COMPANY,OAKLAND 154-89-31-29H 1,PARSHALL
40033,240030,3306105202,OG,A,9/16/2024,18581,SESE 31-154-89,HUNT OIL COMPANY,SHELL 153-89-5-8H 1,PARSHALL
40651,,3306105336,SWD,A,9/24/2024,5266,SESE 31-154-89,HUNT OIL COMPANY,OAKLAND 154-89-31 SWD 1,PARSHALL
17836,117836,3306100934,OG,IA,11/18/2025,13670,NENW 32-154-89,HUNT OIL COMPANY,HORST 1-32H,PARSHALL
22536,,3306102051,OG,PNC,6/19/2018,,SWSW 32-154-89,HUNT OIL COMPANY,OAKLAND  2-32-29H,PARSHALL
40634,240030,3306105332,,Confidential,,,NWNW 32-154-89,HUNT OIL COMPANY,OAKLAND 154-89-30-19H-1,PARSHALL
40635,240030,3306105333,,Confidential,,,NWNW 32-154-89,HUNT OIL COMPANY,OAKLAND 154-89-32-5H-1,PARSHALL
13435,,3306100457,OG,DRY,8/5/1993,7924,NWSW 33-154-89,APACHE CORPORATION,BARTELSON 31-33,WILDCAT
18168,118168,3306101056,OG,A,8/29/2025,13757,NENW 33-154-89,HUNT OIL COMPANY,BARTELSON 1-33H,PARSHALL
42359,,3306105589,OG,LOC,10/1/2025,,NWNW 34-154-89,"IRON OIL OPERATING, LLC",South Shell 2-27-15H,PARSHALL
42360,,3306105590,OG,LOC,10/1/2025,,NWNW 34-154-89,"IRON OIL OPERATING, LLC",South Shell 1-27-15H,PARSHALL
17654,,3306100879,OG,PNC,6/16/2010,,SWSE 35-154-89,"BRIGHAM OIL & GAS, L.P.",HALLINGSTAD 35-34 1-H,PARSHALL
17475,117475,3306100806,OG,A,3/4/2025,14110,SWSE 1-154-90,"EOG RESOURCES, INC.",AUSTIN 11-01H,PARSHALL
27179,227179,3306102857,OG,A,3/15/2020,14610,SESE 1-154-90,"EOG RESOURCES, INC.",AUSTIN 90-01H,PARSHALL
27180,227179,3306102858,OG,A,12/3/2024,14740,SESE 1-154-90,"EOG RESOURCES, INC.",AUSTIN 91-01H,PARSHALL
16713,116713,3306100549,OG,A,12/5/2023,14435,SWSE 2-154-90,"EOG RESOURCES, INC.",AUSTIN 1-02H,PARSHALL
32651,,3306103945,OG,PNC,2/16/2021,,LOT4 2-154-90,"EOG RESOURCES, INC.",AUSTIN 453-0211H,PARSHALL
32652,,3306103946,OG,PNC,2/16/2021,,LOT4 2-154-90,"EOG RESOURCES, INC.",AUSTIN 452-0211H,PARSHALL
32653,,3306103947,OG,PNC,2/16/2021,,LOT4 2-154-90,"EOG RESOURCES, INC.",AUSTIN 451-0211H,PARSHALL
90362,,3306190362,,Confidential,,,SWSW 2-154-90,"EOG RESOURCES, INC.",AUSTIN 201-02SWD,PARSHALL
10850,,3306100321,OG,DRY,7/5/1984,8200,NESW 3-154-90,UNION TEXAS PETROLEUM CORP.,JOHNSON STATE 3-1,WILDCAT
16768,116768,3306100561,OG,A,8/31/2023,14431,SWSE 3-154-90,"EOG RESOURCES, INC.",AUSTIN  2-03H,PARSHALL
26625,,3306102754,OG,PNC,1/17/2023,,NESE 3-154-90,"EOG RESOURCES, INC.",AUSTIN 32-0333H,PARSHALL
26626,,3306102755,OG,PNC,1/17/2023,,NESE 3-154-90,"EOG RESOURCES, INC.",AUSTIN 33-0333H,PARSHALL
26628,,3306102756,OG,PNC,1/17/2023,,NESE 3-154-90,"EOG RESOURCES, INC.",AUSTIN 76-0333H,PARSHALL
17177,117177,3306100714,OG,AB,10/17/2025,14706,SWSE 4-154-90,"EOG RESOURCES, INC.",AUSTIN  3-04H,PARSHALL
17262,217262,3306100740,OG,A,7/4/2025,14720,SESE 5-154-90,"EOG RESOURCES, INC.",AUSTIN 12-05H,PARSHALL
19542,217262,3306101490,OG,PA,8/12/2021,14475,SWSE 5-154-90,"EOG RESOURCES, INC.",AUSTIN 102-05H,PARSHALL
25651,125651,3306102576,OG,A,3/4/2025,17735,SESE 5-154-90,"EOG RESOURCES, INC.",AUSTIN 36-0532H,PARSHALL
17303,217303,3306100755,OG,A,8/5/2025,14789,SESE 6-154-90,"SLAWSON EXPLORATION COMPANY, INC.",WHITMORE 1-6H,PARSHALL
5177,,3307100030,OG,DRY,6/27/1972,2016,NENW 3-155-61,TEJAS GAS CORP.,ERWIN LORENZ 1,WILDCAT
99102,,3307199102,ST,DRY,2/4/1969,1343,SESE 12-155-61,"NORTHERN RESOURCES, INC.",SHIREK 1-12,WILDCAT
4559,,3307100013,OG,DRY,12/12/1968,1295,SWSW 27-155-61,CHAMBERS & KENNEDY,GUY CUNNINGHAM 1,WILDCAT
4771,,3307100018,OG,DRY,9/29/1969,2840,NWNW 2-155-64,JACK M. JOHNSTON DRILLING CO.,WILLIAM OVERBO 1,WILDCAT
4767,,3307100017,OG,PNC,8/22/1970,,SWNE 10-155-64,JACK M. JOHNSTON DRILLING CORP.,RUSSELL WEBSTER 1,WILDCAT
4860,,3307100020,OG,DRY,3/18/1970,1490,NWSW 7-155-65,"DYNA RAY OIL & GAS COMPANY, INC.",JAMES C. MCCORMICK 1,WILDCAT
4861,,3307100021,OG,DRY,9/7/1971,327,SWSW 9-155-66,"DYNA RAY OIL & GAS COMPANY, INC.",ROBERT E. SLETTEN 1,WILDCAT
695,,3300500014,OG,DRY,9/3/1954,2396,SWSE 14-155-67,SHELL OIL CO.,JOSEPH O. BLEGEN 1,WILDCAT
2530,,3306900016,OG,DRY,1/1/1960,3112,SENW 17-155-73,AMERADA HESS CORPORATION,C. BISCHOFF 1,WILDCAT
5978,,3306900034,OG,DRY,10/3/1976,3080,NWNW 13-155-74,BHP PETROLEUM (AMERICAS) INC.,BARNEY BISCHOFF 1,WILDCAT
5765,,3306900032,OG,DRY,11/11/1975,3200,NWSW 25-155-74,CLINTON OIL CO.,EMIL VETSCH 1,WILDCAT
2504,,3304900039,OG,DRY,11/13/1959,3510,NWNW 31-155-76,CARDINAL & HACIENDA,OLAF NELSON ET AL 1,WILDCAT
1631,,3304900018,OG,DRY,11/23/1957,4085,NESE 19-155-77,GENERAL CRUDE OIL CO.,LLOYD MOEN 1,WILDCAT
2489,,3304900038,OG,DRY,10/30/1959,3555,NENW 27-155-77,CARDINAL & HACIENDA,GEORGE WINQUIST ETAL 1,WILDCAT
8307,,3304900125,OG,DRY,3/10/1981,7190,NENW 31-155-77,ASAMERA OIL (U.S.) INC.,LARSON 1,WILDCAT
1668,,3304900023,OG,DRY,12/7/1957,4352,SWNE 8-155-78,TRITON OIL CO.,FREEMAN 1,WILDCAT
6711,,3304900118,OG,DRY,10/2/1978,4172,SENW 13-155-79,DON BILLS & ST. CLAIR,R. E. BOUTILIER ET UX 1,WILDCAT
10741,,3304900140,OG,DRY,5/5/1984,4300,SWNW 29-155-79,BHP PETROLEUM (AMERICAS) INC.,ALLEN E. FREY 5-29,WILDCAT
5531,,3310100175,OG,DRY,3/3/1975,4950,SWSW 21-155-81,CITIES SERVICE OIL CO.,STIP A-1,WILDCAT
47,,3310100004,OG,DRY,4/21/1952,8646,SESW 23-155-81,"PETRO-HUNT, L.L.C.",JOE AND ANNA WALD 1,WILDCAT
8323,,3310100263,OG,DRY,2/11/1981,6310,NWSE 23-155-81,LOMAX EXPLORATION CO.,KLEIN 1,WILDCAT
2929,,3310100034,OG,DRY,6/26/1961,5329,SENW 6-155-82,I. J. WILHITE-CLYDE W. JONES,NOVAK-NORTH AMERICAN ROYALTIES 1,WILDCAT
656,,3310100010,OG,DRY,8/17/1954,7300,NWNE 13-155-82,WILLIAM HERBERT HUNT,GUY ALMY 1,WILDCAT
6100,,3310100203,OG,DRY,3/15/1977,5300,SWSW 25-155-82,ANADARKO PRODUCTION CO.,MARTIN 1,WILDCAT
10,,3310100002,OG,DRY,3/25/1931,520,NWNE 18-155-83,VELVA PETROLEUM CO.,PETROLEUM CO. 1,WILDCAT
5304,,3310100161,OG,DRY,7/11/1973,5910,NENE 7-155-84,"KOCH INDUSTRIES, INC.",WARD DOBSON 1,WILDCAT
6725,,3310100222,OG,DRY,10/15/1978,5850,NWNW 8-155-84,HUNT ENERGY CORP.,DOBSON 1,WILDCAT
5723,,3310100181,OG,DRY,9/21/1975,5820,NWNW 9-155-84,"KOCH INDUSTRIES, INC.",SCHAEFER 4-9,WILDCAT
4155,,3310100074,OG,DRY,10/15/1966,5697,NWSE 10-155-84,"PEL-TEX, INC. & CONOCO",DAVY 1,WILDCAT
15620,,3310100462,OG,DRY,7/12/2004,5950,NENE 17-155-84,"RITTER, LABER & ASSOCIATES, INC.",EDITH MARIE 1-17,WILDCAT
15988,,3310100467,OG,DRY,12/4/2005,6030,SWSE 17-155-84,"RITTER, LABER & ASSOCIATES, INC.",BEHM 34-17,WILDCAT
3824,,3310100059,OG,DRY,3/23/1965,6355,NWNW 6-155-85,"DEKALB AGRICULTURAL ASSOCIATION, INC.",DEKALB SANDSTROM 1,WILDCAT
4799,,3310100111,OG,DRY,11/12/1969,6365,NWNW 7-155-85,ECHO OIL CORP.,EHLERS 1-7,LONE TREE
1,,3310100001,OG,DRY,,3980,NENW 9-155-85,DES LACS WESTERN OIL CO.,BLUM 1,WILDCAT
3039,,3310100039,OG,DRY,11/30/1961,6223,NWNW 11-155-85,I. J. WILHITE,ROBERT D. BECKER 1,WILDCAT
8412,,3310100265,OG,DRY,3/26/1981,5970,NENE 12-155-85,INEXCO OIL CO.,LARSON 1-12,WILDCAT
6008,,3310100196,OG,DRY,12/4/1976,6465,SWSW 18-155-85,KISSINGER PETROLEUM CORP.,JEFFRY 13-18,SOUTH LONE TREE
5020,105020,3310100127,OG,PA,10/28/2020,6585,NWSW 19-155-85,COBRA OIL & GAS CORPORATION,PEARSON 1,SOUTH LONE TREE
5467,,3310100170,OG,DRY,8/29/1974,6540,W2NW 19-155-85,"DEPCO, INC.",PEARSON 2,SOUTH LONE TREE
6006,,3310100195,OG,PA,8/29/1977,6515,SWSE 19-155-85,KISSINGER PETROLEUM CORP.,NESHEM 15-19,SOUTH LONE TREE
5077,,3310100136,OG,DRY,9/18/1971,5640,NWSE 20-155-85,SUPERIOR OIL CO.,MCISAAC 1,SOUTH LONE TREE
8547,,3310100268,OG,DRY,4/30/1981,6370,SESE 21-155-85,INEXCO OIL CO.,WALLACE 1-21,WILDCAT
4159,,3310100075,OG,DRY,11/5/1966,6225,SENE 22-155-85,"PEL-TEX, INC. & CONOCO",STEVICH 1,WILDCAT
4658,,3310100104,OG,DRY,4/10/1969,6453,NWNW 29-155-85,"DEPCO, INC.",BECKER 1,WILDCAT
4978,104978,3310100122,OG,PA,11/21/2020,6600,NWNW 30-155-85,COBRA OIL & GAS CORPORATION,FELT A 1,SOUTH LONE TREE
5026,,3310100129,OG,DRY,2/25/1971,6595,NESW 30-155-85,"DEPCO, INC. & TEXAS PACIFIC OIL CO.",PEARSON A 1,SOUTH LONE TREE
8939,,3310100279,OG,DRY,8/20/1981,6540,NWNE 30-155-85,TEXAS OIL & GAS CORP.,PEARSON 1,SOUTH LONE TREE
10408,,3310100304,OG,DRY,11/10/1983,6650,SENW 31-155-85,"GEAR PETROLEUM COMPANY, INC.",JEFFREY 22-31,SOUTH LONE TREE
11076,,3310100320,OG,DRY,10/14/1984,6645,SWNE 31-155-85,"KENNEDY & MITCHELL, INC.",JEFFREY LONETREE 1-719-2,SOUTH LONE TREE
2931,,3310100036,OG,DRY,8/4/1961,6711,SESE 32-155-85,I. J. WILHITE-CLYDE W. JONES,GEORGE W. KEMPER 1,SOUTH LONE TREE
6610,,3310100218,OG,DRY,7/25/1978,6600,NWNW 32-155-85,HUNT ENERGY CORP.,HAUGEN 32-1,SOUTH LONE TREE
5860,,3310100187,OG,DRY,6/16/1976,6400,SWSW 1-155-86,KISSINGER PETROLEUM CORP.,HENNESY 13-1,LONE TREE
10601,,3310100311,OG,DRY,11/6/1992,6450,S2NW 2-155-86,"EAGLE OPERATING, INC.",NESHEM 6,LONE TREE
13844,404142,3310100437,OG,PA,10/29/2020,8550,NWNW 2-155-86,COBRA OIL & GAS CORPORATION,NESHAM 7H,LONE TREE
4142,,3310100071,OG,PA,4/26/2005,6489,NESW 2-155-86,NEXEN OIL AND GAS U.S.A. INC.,LORENZEN 1,LONE TREE
4401,404142,3310100093,OG,PA,10/16/2020,6378,NWNW 2-155-86,COBRA OIL & GAS CORPORATION,NESHEM 4,LONE TREE
4638,,3310100102,OG,PA,6/16/2000,6418,SWSE 2-155-86,NEXEN OIL AND GAS U.S.A. INC.,HENNESSY 1,LONE TREE
5457,,3310100169,OG,DRY,8/10/1974,6425,SWNE 2-155-86,"DEPCO, INC.",HENNESSY 2,LONE TREE
12512,,3310100367,OG,DRY,9/12/1988,6550,NENE 3-155-86,"RITTER, LABER & ASSOCIATES, INC.",DOOLITTLE 41-3,LONE TREE
4303,,3310100083,OG,PA,4/27/1974,6485,SENE 3-155-86,"DEPCO, INC.",DOOLITTLE 1,LONE TREE
4329,,3310100086,OG,DRY,9/25/1967,6538,SESE 3-155-86,"DEPCO, INC.",DOOLITTLE 2,LONE TREE
8104,,3310100257,OG,DRY,12/16/1980,6540,NWSW 3-155-86,"BWAB, INC.",DOOLITTLE 3-13,LONE TREE
5830,,3310100186,OG,DRY,2/11/1976,6700,NWSW 4-155-86,INEXCO OIL CO.,P. E. WILMS 1-4,LONE TREE
6934,,3310100226,OG,DRY,4/29/1979,6572,SESE 4-155-86,ANADARKO PRODUCTION CO.,KILENE 1,LONE TREE
14697,,3310100444,OG,DRY,7/13/1997,6740,SWNW 5-155-86,BENNETT EXPLORATION & PRODUCTION CO.,ESTATE OF MELVIN STEFFENS 1,WILDCAT
13371,,3310100417,OG,DRY,7/17/1992,7001,NESE 7-155-86,HONDO OIL & GAS CO.,HONDO-ANR FISHER 43-7,WILDCAT
12860,,3310100390,OG,DRY,3/16/1990,6800,NESE 8-155-86,"COUGAR ENERGY DEVELOPMENT, INC.",COUGAR ENERGY-DEAVER 8-9,WILDCAT
12877,,3310100391,OG,PNC,4/18/1990,,SWSE 8-155-86,"COUGAR ENERGY DEVELOPMENT, INC.",COUGAR ENERGY-DEAVER 8-3,WILDCAT
12878,,3310100392,OG,PNC,4/18/1990,,NWSE 8-155-86,"COUGAR ENERGY DEVELOPMENT, INC.",COUGAR ENERGY-DEAVER 8-2,WILDCAT
12911,,3310100393,OG,DRY,6/1/1990,7000,NWSW 8-155-86,COASTAL OIL & GAS CORPORATION,WEBBER 13-8,WILDCAT
13544,,3310100429,OG,DRY,7/8/1993,6773,NWNE 8-155-86,EOG (NEW MEXICO) INC.,ENGEBRETSON TRUST 1-8,WILDCAT
5761,,3310100182,OG,DRY,6/18/1976,6700,NWNW 9-155-86,INLAND OIL & GAS CORP.,MEYER 1-9,LONE TREE
5962,,3310100190,OG,PA,6/26/1977,6666,NWNW 9-155-86,"BRENT EXPLORATION, INC.",MEYER 1-9A,LONE TREE
3963,,3310100064,OG,DRY,10/24/1965,6750,SWSW 10-155-86,ANSCHUTZ OIL CO.,KILBOURN 1,LONE TREE
29241,,3310100490,OG,DRY,6/1/2021,11000,SESE 11-155-86,SOLUTIONS ENERGY LLC,NANGCHEN 155-86-11-HS1,LONE TREE
4313,,3310100084,OG,PA,12/11/2000,6461,NWNE 11-155-86,NEXEN OIL AND GAS U.S.A. INC.,JOHNSON 1,LONE TREE
4775,,3310100109,SWD,PA,4/21/2005,6483,NENW 11-155-86,NEXEN OIL AND GAS U.S.A. INC.,HENNESSEY W. 1 SWD,LONE TREE
5199,,3310100152,OG,PA,7/5/1989,6550,NWSE 11-155-86,EOG (NEW MEXICO) INC.,KILENE 1,LONE TREE
5223,,3310100156,OG,DRY,10/22/1972,6501,NESW 11-155-86,"JOHN B. HAWLEY, JR. TRUST #1",KILENE 2,LONE TREE
4190,,3310100077,OG,DRY,11/25/1966,6540,SWSW 12-155-86,"DEPCO, INC.",LEWIS E. MANN 1,LONE TREE
4484,,3310100097,OG,DRY,8/16/1968,6450,NWSE 12-155-86,EARL SCHWARTZ CO.,EARL MANN 1,LONE TREE
4803,104803,3310100112,OG,PA,8/31/2020,6404,W2NW 12-155-86,SOLUTIONS ENERGY LLC,LEWIS MANN 1,LONE TREE
5444,,3310100168,OG,DRY,7/1/1974,6435,NWSW 12-155-86,"JOHN B. HAWLEY, JR. TRUST #1",LEWIS MANN 1,LONE TREE
4996,,3310100126,SWD,PA,11/16/2020,6590,SESW 13-155-86,COBRA OIL & GAS CORPORATION,MANN A SWD 1,SOUTH LONE TREE
5025,,3310100128,OG,PA,8/2/2001,6560,SWSE 13-155-86,NEXEN OIL AND GAS U.S.A. INC.,WICKHAM 1,SOUTH LONE TREE
5057,,3310100131,OG,PA,6/25/1979,6560,SENW 13-155-86,"JOHN B. HAWLEY, JR. TRUST #1",MANN 1,SOUTH LONE TREE
5074,,3310100134,OG,PA,6/26/1979,6575,NESW 13-155-86,"JOHN B. HAWLEY, JR. TRUST #1",MANN 2,SOUTH LONE TREE
5075,,3310100135,OG,PA,8/23/1983,6525,SWNE 13-155-86,NORTHERN PUMP CO.,REISHUS 1,SOUTH LONE TREE
5165,,3310100149,OG,DRY,4/20/1972,6585,NESE 14-155-86,"JOHN B. HAWLEY, JR. TRUST #1",ANDERSON 1,SOUTH LONE TREE
5180,,3310100150,OG,DRY,7/3/1972,6555,N2NE 14-155-86,"JOHN B. HAWLEY, JR. TRUST #1",ANNA JOHNSON 1,SOUTH LONE TREE
11308,,3310100325,OG,DRY,12/14/1984,6854,NWSW 15-155-86,SUN EXPLORATION & PRODUCTION CO.,DAISY BIRDSALL 1,MANDAN
5468,,3310100171,OG,DRY,9/16/1974,6720,NWNE 16-155-86,"WAINOCO, INC.",STATE OF NORTH DAKOTA 31-16,SOUTH LONE TREE
10505,,3310100308,OG,PA,1/21/1992,7300,NESE 20-155-86,JN EXPLORATION & PRODUCTION LIMITED PARTNERSHIP,EVERSON 43-20,MANDAN
13115,,3310100396,OG,DRY,2/20/1991,6904,SWSE 20-155-86,JN EXPLORATION & PRODUCTION LIMITED PARTNERSHIP,EVERSON 34-20,MANDAN
13213,,3310100399,OG,DRY,8/1/1991,6900,SWNE 20-155-86,JN EXPLORATION & PRODUCTION LIMITED PARTNERSHIP,NICHOLS 32-20,MANDAN
11808,,3310100334,OG,DRY,11/27/1985,6900,NWNW 21-155-86,UNION TEXAS PETROLEUM CORP.,SODERBERG 21-1,MANDAN
12966,,3310100394,OG,PA,1/9/1992,6900,SWSW 21-155-86,JN EXPLORATION & PRODUCTION LIMITED PARTNERSHIP,HAUGEN DEAVER 21-1,MANDAN
5215,,3310100154,OG,DRY,5/17/1973,6799,SWNW 22-155-86,ROBERT M. WATKINS & WHELESS DRILLING CO.,KILENE 1,WILDCAT
5785,,3310100183,OG,DRY,12/8/1975,6712,SWNE 22-155-86,"BRALORNE INTERNATIONAL, INC.",MANN ET AL 7-22,SOUTH LONE TREE
6459,,3310100212,OG,DRY,3/6/1978,6780,NENW 22-155-86,HUNT ENERGY CORP.,KILENE 1,SOUTH LONE TREE
4768,,3310100108,OG,DRY,9/25/1969,6728,NENW 23-155-86,"ROBERT M. WATKINS ENGINEERING, INC.",E. FLAMMANG 1,SOUTH LONE TREE
4925,,3310100117,OG,PA,7/11/1975,6620,SESE 24-155-86,"DEPCO, INC. & TEXAS PACIFIC OIL CO.",FELT 1,SOUTH LONE TREE
4950,,3310100119,OG,PA,6/1/1992,6631,NENW 24-155-86,"EAGLE OPERATING, INC.",KINSELLA 1,SOUTH LONE TREE
4961,,3310100121,OG,PA,6/23/2000,6570,SENE 24-155-86,NEXEN OIL AND GAS U.S.A. INC.,ST. PAUL 1,SOUTH LONE TREE
5058,,3310100132,OG,DRY,6/8/1971,6597,NESW 24-155-86,"JOHN B. HAWLEY, JR. TRUST #1",FJELDAHL 1,SOUTH LONE TREE
5095,,3310100140,OG,PA,6/21/1972,6655,NENE 25-155-86,"JOHN B. HAWLEY, JR. TRUST #1",FJELDAHL 2,SOUTH LONE TREE
10491,,3310100306,OG,DRY,12/19/1983,6775,NESW 26-155-86,"TOTAL PETROLEUM, INC.",FJELDAHL 1-26,SOUTH LONE TREE
10725,,3310100314,OG,DRY,9/8/1984,6750,SWSW 27-155-86,"TOTAL PETROLEUM, INC.",WATNE 1-27,MANDAN
11669,,3310100332,OG,DRY,8/14/1985,7345,NWSE 30-155-86,CENEX,SMITH 10-30,MANDAN
7711,,3310100247,OG,DRY,6/10/1980,7290,SENE 31-155-86,MARATHON OIL COMPANY,BUTTERFIELD 31-42,WILDCAT
5103,,3310100143,OG,DRY,10/7/1971,6732,NESE 36-155-86,"PETROLEUM, INC.",STATE H 1,SOUTH LONE TREE
5795,,3310100184,OG,DRY,12/21/1975,6720,SWSE 36-155-86,HAWN BROTHERS & HANOVER MANAGEMENT CO.,STATE 1,SOUTH LONE TREE
13236,,3310100400,OG,DRY,9/7/1991,7070,NENW 3-155-87,EQUITABLE RESOURCES ENERGY CO.,BOWERS 21-3,WILDCAT
13268,,3310100404,OG,PNC,11/5/1992,,SWNE 5-155-87,BALCRON OIL CO.,STAFFORD 32-5,WILDCAT
7612,,3310100235,OG,DRY,8/24/1980,12334,SESW 15-155-87,MARATHON OIL COMPANY,BERG 15-24,WILDCAT
8749,,3310100274,OG,DRY,9/1/1981,7410,NWNE 16-155-87,MARATHON OIL COMPANY,STATE 16-31,WILDCAT
13356,,3310100415,OG,DRY,5/31/1992,7350,SWSE 23-155-87,SAMEDAN OIL CORPORATION,FRUNZ FARMS 23-1,WILDCAT
6179,,3306100201,OG,DRY,10/2/1977,5303,NWSW 35-155-88,"TERRA RESOURCES, INC.",ABRAHAMSON 1-35,WILDCAT
16862,,3306100587,SWD,PA,2/21/2024,12608,SWSE 5-155-89,"LANDTECH ENTERPRISES, LLC",BLOOM SWD 1,WILDCAT
7368,,3306100235,OG,DRY,12/28/1979,7820,NWSE 19-155-89,MARATHON OIL COMPANY,JONES 19-33,WILDCAT
17210,,3306100727,OG,PNC,10/27/2009,,SESE 30-155-89,SINCLAIR OIL & GAS COMPANY,MEYER 1-30H,PARSHALL
18045,,3306101006,OG,PNC,10/27/2009,,SESW 31-155-89,HUNT OIL COMPANY,MEYER 1-31H,PARSHALL
18390,218390,3306101146,OG,A,10/26/2023,18719,SESW 31-155-89,HUNT OIL COMPANY,MEYER 1-31-30H,PARSHALL
22335,218390,3306102013,OG,IA,11/18/2025,18820,SESE 31-155-89,HUNT OIL COMPANY,MEYERS 2-31-30H,PARSHALL
19495,119495,3306101473,OG,A,3/1/2023,18817,SWSW 32-155-89,HUNT OIL COMPANY,MCALMOND 1-32-29H 1,PARSHALL
32390,,3306103916,OG,PNC,10/20/2017,,NENW 34-155-89,"EOG RESOURCES, INC.",MCALMOND 701-34,PARSHALL
19309,119309,3306101430,OG,A,5/6/2025,18643,SWSE 35-155-89,HUNT OIL COMPANY,MCALMOND 1-35-26H 1,PARSHALL
17352,117352,3306100766,OG,A,8/15/2008,14580,LOT4 2-155-90,Phoenix Operating LLC,KVAMME 2 1-H,ROSS
6764,,3306100216,OG,DRY,12/19/1978,11200,NENW 2-155-90,DONALD C. SLAWSON,KVAMME 2-1,WILDCAT
17490,117490,3306100816,OG,A,10/3/2023,14033,LOT4 3-155-90,"EOG RESOURCES, INC.",BURKE  7-03H,STANLEY
17728,117728,3306100900,OG,A,8/31/2023,14500,LOT4 4-155-90,"EOG RESOURCES, INC.",BURKE  6-04H,STANLEY
17775,117775,3306100910,OG,A,8/31/2023,14670,LOT4 5-155-90,"EOG RESOURCES, INC.",BURKE  5-05H,STANLEY
18878,,3306101322,OG,DRY,6/6/2010,,LOT2 5-155-90,"EOG RESOURCES, INC.",BURKE  32-05H,ROSS
19109,119109,3306101392,OG,A,8/31/2023,15000,LOT2 5-155-90,"EOG RESOURCES, INC.",BURKE  32-05HX,STANLEY
17911,117911,3306100962,OG,A,5/16/2010,14275,LOT4 6-155-90,"EOG RESOURCES, INC.",BURKE 4-06H,STANLEY
18164,118164,3306101054,OG,A,7/30/2024,14362,SWSE 7-155-90,"EOG RESOURCES, INC.",BURKE 27-07H,STANLEY
33072,,3306103989,OG,PNC,2/16/2021,,SESW 7-155-90,"EOG RESOURCES, INC.",BURKE 406-0701H,STANLEY
33073,,3306103990,OG,PNC,2/16/2021,,SESW 7-155-90,"EOG RESOURCES, INC.",BURKE 405-0701H,STANLEY
33074,,3306103991,OG,PNC,2/16/2021,,SESW 7-155-90,"EOG RESOURCES, INC.",BURKE 404-0701H,STANLEY
33075,,3306103992,OG,PNC,2/16/2021,,SESW 7-155-90,"EOG RESOURCES, INC.",BURKE 403-0701H,STANLEY
40992,,3306105382,,Confidential,,,SESW 7-155-90,"STEPHENS WILLISTON, LLC DBA SEG WILLISTON, LLC",Prattsville Federal 15590-0607-2HSL,STANLEY
40993,,3306105383,,Confidential,,,SESW 7-155-90,"STEPHENS WILLISTON, LLC DBA SEG WILLISTON, LLC",Prattsville Federal 15590-0607-3H,STANLEY
41015,,3306105390,,Confidential,,,SESW 7-155-90,"STEPHENS WILLISTON, LLC DBA SEG WILLISTON, LLC",Prattsville Federal 15590-0607-4H,STANLEY
17542,117542,3306100836,OG,A,6/3/2010,14565,SESE 8-155-90,"EOG RESOURCES, INC.",BURKE 24-08H,STANLEY
32837,,3306103961,OG,PNC,2/16/2021,,SESE 8-155-90,"EOG RESOURCES, INC.",BURKE 89-0806H,STANLEY
32863,,3306103967,OG,PNC,2/16/2021,,NESE 8-155-90,"EOG RESOURCES, INC.",BURKE 401-0806H,STANLEY
32864,,3306103968,OG,PNC,2/16/2021,,NESE 8-155-90,"EOG RESOURCES, INC.",BURKE 402-0806H,STANLEY
33083,,3306103993,OG,PNC,2/16/2021,,NWNW 8-155-90,"EOG RESOURCES, INC.",BURKE 97-0816H,STANLEY
33084,,3306103994,OG,PNC,2/16/2021,,NWNW 8-155-90,"EOG RESOURCES, INC.",BURKE 98-0816H,STANLEY
33085,,3306103995,OG,PNC,2/16/2021,,NWNW 8-155-90,"EOG RESOURCES, INC.",BURKE 99-0816H,STANLEY
33086,,3306103996,OG,PNC,2/16/2021,,NWNW 8-155-90,"EOG RESOURCES, INC.",BURKE 400-0816H,STANLEY
12032,,3306100343,OG,DRY,12/12/1986,8200,SESE 9-155-90,TRUE OIL CO.,BERGE 44-9,STANLEY
17996,117996,3306100989,OG,A,5/15/2018,13934,SESE 10-155-90,"EOG RESOURCES, INC.",BURKE 9-10H,STANLEY
18072,,3306101017,OG,PNC,2/2/2011,,NWNW 11-155-90,"EOG RESOURCES, INC.",BURKE  10-11H,STANLEY
17936,,3306100970,OG,PNC,11/14/2011,,SWSE 12-155-90,"EOG RESOURCES, INC.",BURKE 11-12H,STANLEY
17516,,3306100826,OG,PA,7/6/2012,13429,SESE 14-155-90,"SOGC, INC.",NICHOLS 1-14H,STANLEY
12472,,3306100371,OG,DRY,9/7/1988,8200,SWNW 15-155-90,UNION TEXAS PETROLEUM CORP.,NESTE OSTDAHL 15-1,WILDCAT
17862,117862,3306100944,OG,A,8/3/2023,14289,SESE 15-155-90,"EOG RESOURCES, INC.",BURKE 13-15H,STANLEY
7294,,3306100233,OG,PNC,6/10/1983,,SWSW 15-155-90,DAVIS OIL CO.,ALVIN K. 1,STANLEY
17410,117410,3306100788,OG,A,7/30/2024,14450,NWNW 16-155-90,"EOG RESOURCES, INC.",BURKE 3-16H,STANLEY
29912,129912,3306103398,OG,A,6/14/2015,19607,SESE 16-155-90,"EOG RESOURCES, INC.",BURKE  40-1609H,STANLEY
8949,,3306100269,SWD,PA,3/19/2024,8300,SESE 16-155-90,"SELECT WATER SOLUTIONS, LLC",STANLEY 1 SWD,STANLEY
17620,117620,3306100870,OG,A,7/30/2024,14724,NWNW 17-155-90,"EOG RESOURCES, INC.",BURKE  14-17H,STANLEY
11900,,3306100338,OG,PA,11/9/1990,8270,SWSE 18-155-90,"BROOKS EXPLORATION, INC.",ARMOUR 1-18,STANLEY
18403,118403,3306101153,OG,A,5/2/2025,14340,NENW 18-155-90,"EOG RESOURCES, INC.",BURKE 26-18H,STANLEY
34118,,3306104140,OG,PNC,9/29/2021,,NWNE 18-155-90,"EOG RESOURCES, INC.",BURKE 94-1821H,STANLEY
34119,,3306104141,OG,PNC,3/15/2021,,NWNE 18-155-90,"EOG RESOURCES, INC.",BURKE 95-1821H,STANLEY
34120,,3306104142,OG,PNC,3/15/2021,,NENE 18-155-90,"EOG RESOURCES, INC.",BURKE 96-1821H,STANLEY
7190,,3306100228,OG,DRY,10/13/1979,8400,SWNW 18-155-90,"TERRA RESOURCES, INC.",ARMOUR 1-18,STANLEY
7234,,3306100230,OG,PA,11/17/1988,8311,SWSW 18-155-90,BLUESKY OIL & GAS INC.,ARMOUR 18-14,STANLEY
19106,119106,3306101390,OG,A,10/3/2023,14515,SWSE 19-155-90,"STEPHENS WILLISTON, LLC DBA SEG WILLISTON, LLC",BRENLEE 100-19H,STANLEY
6974,106974,3306100224,OG,A,8/5/2025,8330,NESE 19-155-90,"STEPHENS WILLISTON, LLC DBA SEG WILLISTON, LLC",STATE 19-43,STANLEY
7369,,3306100236,OG,PA,11/17/1988,8635,SWNE 19-155-90,MARATHON OIL COMPANY,TENBORG 19-32,STANLEY
7740,,3306100245,OG,PNC,5/24/1982,,NENW 19-155-90,MARATHON OIL COMPANY,TENBORG 19-21,STANLEY
10810,,3306100320,OG,PA,6/6/1989,8282,SWNW 20-155-90,"BROOKS EXPLORATION, INC.",OLSON 1-20,STANLEY
13261,,3306100447,OG,PA,11/7/1997,8316,NWSW 20-155-90,WILLISTON INDUSTRIAL SUPPLY CORPORATION,OLSON 12-20,STANLEY
15205,,3306100484,OG,PA,9/24/2014,9659,SWNW 20-155-90,"STEPHENS WILLISTON, LLC DBA SEG WILLISTON, LLC",NEXEN OLSON 2H,STANLEY
18163,118163,3306101053,OG,PA,8/11/2021,14636,SESE 20-155-90,"EOG RESOURCES, INC.",BURKE 100-20H,STANLEY
19606,119606,3306101506,OG,A,7/30/2024,15355,SESE 20-155-90,"EOG RESOURCES, INC.",BURKE 31-20H,STANLEY
18073,118073,3306101018,OG,A,10/15/2017,14468,NWNW 21-155-90,"EOG RESOURCES, INC.",BURKE 15-21H,STANLEY
6159,,3306100200,OG,DRY,8/1/1979,8400,SWSW 21-155-90,TRIGOOD OIL CO.,HAZEL ROLFE 1,WILDCAT
7220,,3306100229,OG,DRY,10/14/1979,8300,NESE 21-155-90,MARATHON OIL COMPANY,VERNON ROLFE 21-43,STANLEY
17487,117487,3306100814,OG,A,3/3/2023,14251,SWSE 22-155-90,"EOG RESOURCES, INC.",BURKE  16-22H,STANLEY
7293,,3306100232,OG,PNC,6/10/1983,,SWNW 22-155-90,MARATHON OIL COMPANY,NELSON 22-12,STANLEY
17949,117949,3306100974,OG,A,6/3/2025,14300,NWNW 23-155-90,"EOG RESOURCES, INC.",BURKE 17-23H,STANLEY
474,,3306100059,OG,DRY,2/8/1954,11109,NWNW 24-155-90,WILLIAM HERBERT HUNT,W. AND D. DUNHAM 1,WILDCAT
17132,117132,3306100696,OG,A,11/25/2025,13985,SESE 25-155-90,HUNT OIL COMPANY,NELSON 1-25H,PARSHALL
20910,120910,3306101762,OG,A,12/30/2023,13377,SWSW 25-155-90,HUNT OIL COMPANY,NELSON 2-25H,PARSHALL
17126,117126,3306100692,OG,A,5/6/2025,13704,SESE 26-155-90,HUNT OIL COMPANY,NELSON 1-26H,PARSHALL
19804,119804,3306101548,OG,A,2/5/2025,13950,SESW 26-155-90,HUNT OIL COMPANY,NELSON 2-26H,PARSHALL
30759,130759,3306103600,OG,A,12/30/2023,14170,SESE 26-155-90,HUNT OIL COMPANY,NELSON  25-26XH,PARSHALL
17486,117486,3306100813,OG,A,2/3/2024,14528,SWSE 27-155-90,"EOG RESOURCES, INC.",BURKE 18-27H,PARSHALL
17485,117485,3306100812,OG,A,8/31/2023,14679,SWSE 28-155-90,"EOG RESOURCES, INC.",BURKE 19-28H,PARSHALL
7114,,3306100226,OG,PNC,7/18/1980,,NWNE 28-155-90,TRIGOOD OIL CO.,GULLICKS-FELDMAN 1,STANLEY
17689,117689,3306100887,OG,A,8/31/2023,14608,SWSE 29-155-90,"EOG RESOURCES, INC.",BURKE 20-29H,STANLEY
31537,,3306103762,OG,PNC,7/5/2022,,SWSW 29-155-90,"EOG RESOURCES, INC.",BURKE 70-2919H,STANLEY
31538,,3306103763,OG,PNC,7/5/2022,,SWSW 29-155-90,"EOG RESOURCES, INC.",BURKE 71-2919H,STANLEY
31547,,3306103765,OG,PNC,7/5/2022,,SWSE 29-155-90,"EOG RESOURCES, INC.",BURKE 54-2919H,STANLEY
31548,,3306103766,OG,PNC,7/5/2022,,SWSE 29-155-90,"EOG RESOURCES, INC.",BURKE 69-2919H,STANLEY
39658,239658,3306105137,OG,A,7/17/2023,21633,SESE 29-155-90,"EOG RESOURCES, INC.",Blueberry 2919-01H,STANLEY
39659,239658,3306105138,OG,A,7/16/2023,21948,SESE 29-155-90,"EOG RESOURCES, INC.",Blueberry 2919-02H,STANLEY
39660,239658,3306105139,OG,A,7/16/2023,24198,SESE 29-155-90,"EOG RESOURCES, INC.",Blueberry 2803-03H,PARSHALL
40360,239658,3306105281,OG,A,6/30/2024,25185,SESE 29-155-90,"EOG RESOURCES, INC.",Blueberry 2918-04H,STANLEY
40401,239658,3306105299,OG,A,6/30/2024,24519,SESE 29-155-90,"EOG RESOURCES, INC.",Blueberry 2917-06H,STANLEY
40448,239658,3306105304,OG,A,6/30/2024,25980,SESE 29-155-90,"EOG RESOURCES, INC.",Blueberry 2918-05H,STANLEY
8157,,3306100259,OG,PA,12/17/1981,8308,NENW 29-155-90,"BWAB, INC.",HARSTAD 29-21,STANLEY
17409,117409,3306100787,OG,A,8/31/2023,14690,SWSE 30-155-90,"EOG RESOURCES, INC.",BURKE 21-30H,STANLEY
6885,,3306100221,OG,PA,12/11/1981,8285,NENE 30-155-90,"BWAB, INC.",ORVILLE HARSTAD 30-41,STANLEY
17414,117414,3306100789,OG,A,10/3/2023,14518,LOT1 31-155-90,"EOG RESOURCES, INC.",BURKE 22-31H,PARSHALL
19175,119175,3306101403,OG,PA,8/5/2021,15197,NWNE 31-155-90,"EOG RESOURCES, INC.",BURKE 102-31H,PARSHALL
26645,226645,3306102760,OG,A,4/15/2014,18603,SESE 31-155-90,"EOG RESOURCES, INC.",BURKE 66-3130H,STANLEY
26646,226645,3306102761,OG,A,6/3/2025,17566,SESE 31-155-90,"EOG RESOURCES, INC.",BURKE 46-3130H,STANLEY
26647,226645,3306102762,OG,A,1/3/2025,16340,SESE 31-155-90,"EOG RESOURCES, INC.",BURKE 45-3130H,STANLEY
13156,,3306100443,OG,DRY,4/25/1991,8330,NWNE 32-155-90,DUNCAN ENERGY CO.,CRAFT 1,STANLEY
17627,117627,3306100872,OG,A,7/4/2025,14407,NWNW 32-155-90,"EOG RESOURCES, INC.",BURKE  23-32H,PARSHALL
25043,125043,3306102439,OG,A,8/5/2025,21648,NENW 32-155-90,"EOG RESOURCES, INC.",BURKE 42-3204H,PARSHALL
25044,125044,3306102440,OG,A,10/3/2024,19852,NENW 32-155-90,"EOG RESOURCES, INC.",BURKE 41-3204H,PARSHALL
18366,118366,3306101139,OG,PA,8/5/2021,14696,SESE 33-155-90,"EOG RESOURCES, INC.",BURKE 29-33H,PARSHALL
17068,117068,3306100664,OG,A,8/31/2023,14732,NWNW 34-155-90,"EOG RESOURCES, INC.",BURKE  1-34H,PARSHALL
33174,,3306103997,OG,PNC,4/27/2022,,SWSE 34-155-90,"EOG RESOURCES, INC.",BURKE 84-3428H,PARSHALL
33175,,3306103998,OG,PNC,1/17/2023,,SWSE 34-155-90,"EOG RESOURCES, INC.",BURKE 85-3428H,PARSHALL
33176,,3306103999,OG,PNC,4/27/2022,,SWSE 34-155-90,"EOG RESOURCES, INC.",BURKE 86-3428H,PARSHALL
42378,,3306105594,OG,LOC,10/7/2025,,SENE 34-155-90,"EOG RESOURCES, INC.",Burke 415-3411H,PARSHALL
42436,,3306105599,OG,LOC,10/29/2025,,SENE 34-155-90,"EOG RESOURCES, INC.",Burke 416-3512H,PARSHALL
17155,117155,3306100705,OG,A,11/21/2008,14395,NWNW 35-155-90,"EOG RESOURCES, INC.",BURKE  2-35H,PARSHALL
32704,,3306103952,OG,PNC,5/9/2018,,SWNW 35-155-90,"EOG RESOURCES, INC.",BURKE 78-3501HC,PARSHALL
32705,,3306103953,OG,PNC,5/9/2018,,SWNW 35-155-90,"EOG RESOURCES, INC.",BURKE 77-3501HC,PARSHALL
32706,,3306103954,OG,PNC,5/9/2018,,SWNW 35-155-90,"EOG RESOURCES, INC.",BURKE 76-3501HC,PARSHALL
35292,,3306104257,OG,PNC,3/15/2021,,NWNW 35-155-90,"EOG RESOURCES, INC.",BURKE 76-3501H,PARSHALL
35293,,3306104258,OG,PNC,3/15/2021,,NWNW 35-155-90,"EOG RESOURCES, INC.",BURKE 77-3501H,PARSHALL
35408,,3306104283,OG,PNC,3/15/2021,,NWNW 35-155-90,"EOG RESOURCES, INC.",BURKE 78-3501H,PARSHALL
35409,,3306104284,OG,PNC,3/15/2021,,NWNW 35-155-90,"EOG RESOURCES, INC.",BURKE 79-3501H,PARSHALL
13401,,3306100455,OG,DRY,8/9/1992,8000,NESW 36-155-90,"TEXAS CRUDE ENERGY, INC.",STATE 36 1,WILDCAT
17800,700148,3306100922,OG,A,3/7/2009,14786,SESE 36-155-90,HUNT OIL COMPANY,RS-STATE E-155-90 36H-1,PARSHALL
28618,,3306103150,OG,PNC,4/23/2025,,SESE 36-155-90,HUNT OIL COMPANY,RS-STATE E- 155-90-36H-2,PARSHALL
28619,,3306103151,OG,PNC,4/23/2025,,SESE 36-155-90,HUNT OIL COMPANY,RS-STATE E- 155-90-36H-3,PARSHALL
42102,242102,3306105555,,Confidential,,,SESE 36-155-90,HUNT OIL COMPANY,BURKE 155-90-36-25H- 1,PARSHALL
42103,242102,3306105556,,Confidential,,,SESE 36-155-90,HUNT OIL COMPANY,BURKE 155-90-36-25H- 2,PARSHALL
42104,242102,3306105557,,Confidential,,,SESE 36-155-90,HUNT OIL COMPANY,MEYER 155-89-31-30H- 3,PARSHALL
17523,117523,3306100829,OG,A,5/2/2025,14218,LOT4 1-155-91,"EOG RESOURCES, INC.",PURCELL 1-01H,STANLEY
9243,,3306100280,OG,DRY,1/6/1982,8580,NWNW 1-155-91,TRUE OIL CO.,BROOKS 11-1,STANLEY
10544,110544,3306100314,SWD,A,8/5/2025,8280,SWSW 2-155-91,"HENRY HILL OIL SERVICES, LLC",SCHAEFER 1-2,STANLEY
11985,,3306100342,OG,PA,9/4/2014,8300,SWNW 2-155-91,"STEPHENS WILLISTON, LLC DBA SEG WILLISTON, LLC",LATTIN-REISTE 1-2,STANLEY
10071,,3306100308,OG,PA,5/20/2019,8350,SWNE 3-155-91,"STEPHENS WILLISTON, LLC DBA SEG WILLISTON, LLC",JELLESED 1-3,STANLEY
11577,111577,3306100331,OG,A,8/5/2025,8300,NESW 3-155-91,"STEPHENS WILLISTON, LLC DBA SEG WILLISTON, LLC",SCHAEFER 2-3,STANLEY
15037,115037,3306100480,OG,A,1/18/2001,11040,SWSE 3-155-91,"STEPHENS WILLISTON, LLC DBA SEG WILLISTON, LLC",WASCANA SCHAEFER 3H,STANLEY
9866,109866,3306100303,OG,A,7/4/2025,8256,NESE 3-155-91,"STEPHENS WILLISTON, LLC DBA SEG WILLISTON, LLC",SCHAEFER ET AL 1-3,STANLEY
9949,,3306100304,OG,PA,10/6/1992,8282,SENW 3-155-91,"BROOKS EXPLORATION, INC.",NELSON 1-3,STANLEY
18130,236255,3306101039,OG,A,8/3/2023,18951,SWSE 4-155-91,"HESS BAKKEN INVESTMENTS II, LLC",RS-HARSTAD-155-91- 0433H-1,STANLEY
7506,,3306100240,OG,PA,10/22/1982,8375,NENE 4-155-91,"BROOKS EXPLORATION, INC.",ENANDER 1,STANLEY
17810,117810,3306100924,OG,IA,11/18/2025,18943,LOT4 5-155-91,"HESS BAKKEN INVESTMENTS II, LLC",RS-ENANDER-155-91- 0508H-1,STANLEY
17962,216800,3306100979,OG,A,5/22/2009,21325,LOT4 5-155-91,"HESS BAKKEN INVESTMENTS II, LLC",RS-LOIS ENANDER-156-91- 3130H-1,ROSS
18194,216800,3306101070,OG,IA,10/17/2025,20107,LOT4 6-155-91,"HESS BAKKEN INVESTMENTS II, LLC",RS-ENANDER A-155-91- 0607H-1,STANLEY
13323,,3306100452,OG,DRY,3/6/1992,8380,NWNE 9-155-91,"BROOKS EXPLORATION, INC.",CORPRON 1-9,STANLEY
18548,218548,3306101209,OG,A,7/4/2023,14556,SESE 9-155-91,"LIME ROCK RESOURCES III-A, L.P.",HARSTAD   44-9H,STANLEY
22542,122542,3306102053,OG,A,5/2/2025,14385,SESW 9-155-91,"LIME ROCK RESOURCES III-A, L.P.",KEVIN  24-9H,STANLEY
34043,218548,3306104139,OG,A,11/15/2019,14850,SESE 9-155-91,"LIME ROCK RESOURCES III-A, L.P.",HARSTAD 44-9-2H,STANLEY
36255,236255,3306104448,OG,A,11/4/2025,20264,NENW 9-155-91,"HESS BAKKEN INVESTMENTS II, LLC",RS-HARSTAD- 155-91-0433H-5,STANLEY
36256,236255,3306104449,OG,A,11/7/2019,20162,NENW 9-155-91,"HESS BAKKEN INVESTMENTS II, LLC",RS-HARSTAD- 155-91-0433H-4,STANLEY
36257,236255,3306104450,OG,A,5/2/2025,20109,NENW 9-155-91,"HESS BAKKEN INVESTMENTS II, LLC",RS-HARSTAD- 155-91-0433H-3,STANLEY
36258,236255,3306104451,OG,A,5/2/2025,20075,NENW 9-155-91,"HESS BAKKEN INVESTMENTS II, LLC",RS-HARSTAD- 155-91-0433H-2,STANLEY
38694,238694,3306104968,OG,A,8/19/2022,20318,SWSW 9-155-91,"LIME ROCK RESOURCES III-A, L.P.",Behr 16-21 1TFH-LL-155-91,STANLEY
38695,238694,3306104969,OG,A,8/17/2022,20239,SWSW 9-155-91,"LIME ROCK RESOURCES III-A, L.P.",BEHR 16-21 2H-LL-155-91,STANLEY
38696,238694,3306104970,OG,A,8/17/2022,15104,SWSW 9-155-91,"LIME ROCK RESOURCES III-A, L.P.",HARSTAD 9-1TFH-155-91,STANLEY
38987,236255,3306105011,OG,A,7/4/2023,20000,NENE 9-155-91,"HESS BAKKEN INVESTMENTS II, LLC",RS-Harstad-LE- 155-91-0433H-1,ROSS
38988,236255,3306105012,OG,A,2/16/2023,19980,NENE 9-155-91,"HESS BAKKEN INVESTMENTS II, LLC",RS-Harstad- 155-91-0433H-8,STANLEY
38989,236255,3306105013,OG,A,3/30/2023,20055,NENE 9-155-91,"HESS BAKKEN INVESTMENTS II, LLC",RS-Harstad- 155-91-0433H-7,STANLEY
38990,236255,3306105014,OG,A,4/3/2023,20130,NENE 9-155-91,"HESS BAKKEN INVESTMENTS II, LLC",RS-Harstad- 155-91-0433H-6,STANLEY
6537,,3306100209,OG,DRY,10/27/1982,8420,E2NE 9-155-91,"BROOKS EXPLORATION, INC.",CORPRON 1-9,STANLEY
90419,,3306190419,SWD,A,11/27/2018,5850,SWSW 9-155-91,"LIME ROCK RESOURCES III-A, L.P.",ICEMAN SWD #1,STANLEY
10370,,3306100309,OG,PA,5/30/2014,8335,NENE 10-155-91,"STEPHENS WILLISTON, LLC DBA SEG WILLISTON, LLC",JELLESED 1-10,STANLEY
15012,115012,3306100479,OG,A,8/5/2025,11264,NENE 10-155-91,"STEPHENS WILLISTON, LLC DBA SEG WILLISTON, LLC",WASCANA JELLESED 2H,STANLEY
21176,221176,3306101815,OG,A,6/9/2012,18852,SWSE 10-155-91,"STEPHENS WILLISTON, LLC DBA SEG WILLISTON, LLC",ANTHONY ROBERT 10-3H,STANLEY
21581,221176,3306101888,OG,A,11/1/2024,17883,SWSE 10-155-91,"STEPHENS WILLISTON, LLC DBA SEG WILLISTON, LLC",WADE MORRIS 10-3H,STANLEY
27080,221176,3306102835,OG,A,4/29/2023,19704,SESW 10-155-91,"STEPHENS WILLISTON, LLC DBA SEG WILLISTON, LLC",ALLISON ANN 10-3H,STANLEY
27081,221176,3306102836,OG,A,7/4/2014,18796,SESW 10-155-91,"STEPHENS WILLISTON, LLC DBA SEG WILLISTON, LLC",CRAIG ALLEN 10-3H,STANLEY
6289,,3306100202,OG,PA,7/13/1984,13246,NESW 10-155-91,C. LEE MUELLER,HARSTAD ET AL 1,STANLEY
6376,,3306100203,OG,PA,6/14/1984,8189,SWSE 10-155-91,"BROOKS EXPLORATION, INC.",HARSTAD ET AL 2,STANLEY
6734,,3306100215,OG,PA,9/25/1984,8380,NWSE 10-155-91,"BROOKS EXPLORATION, INC.",HARSTAD 10-1,STANLEY
11885,,3306100337,OG,PA,8/8/1987,8300,NENW 11-155-91,"BROOKS EXPLORATION, INC.",JELLESED 1-11X,STANLEY
19108,219108,3306101391,OG,A,8/30/2024,18752,SESE 11-155-91,"STEPHENS WILLISTON, LLC DBA SEG WILLISTON, LLC",AMY ELIZABETH 11-2H,STANLEY
23759,223759,3306102246,OG,A,8/30/2024,19470,SESW 11-155-91,"STEPHENS WILLISTON, LLC DBA SEG WILLISTON, LLC",JOHN PAUL 11-2H-155-91,STANLEY
23760,223759,3306102247,OG,A,8/6/2024,18736,SESW 11-155-91,"STEPHENS WILLISTON, LLC DBA SEG WILLISTON, LLC",RONALD CARTER 11-2H-155-91,STANLEY
39257,219108,3306105064,OG,A,8/10/2023,20120,SWSE 11-155-91,"STEPHENS WILLISTON, LLC DBA SEG WILLISTON, LLC",Greenbrier 15591W-0211- 5H,STANLEY
39258,219108,3306105065,OG,A,7/19/2023,20002,SWSE 11-155-91,"STEPHENS WILLISTON, LLC DBA SEG WILLISTON, LLC",Greenbrier 15591W-0211- 6H,STANLEY
39259,219108,3306105066,OG,A,7/18/2023,20110,SESE 11-155-91,"STEPHENS WILLISTON, LLC DBA SEG WILLISTON, LLC",Greenbrier 15591W-0211- 7HSL,STANLEY
40348,223759,3306105278,OG,A,6/13/2024,20394,SESW 11-155-91,"STEPHENS WILLISTON, LLC DBA SEG WILLISTON, LLC",Greenbrier 15591-0211-3HSL,STANLEY
40349,223759,3306105279,OG,A,6/13/2024,20118,SESW 11-155-91,"STEPHENS WILLISTON, LLC DBA SEG WILLISTON, LLC",GREENBRIER 15591-0211-4H,STANLEY
6536,,3306100208,OG,PA,6/21/1996,8210,SWSW 11-155-91,"WASCANA OIL & GAS, INC.",SCHAEFER 1-11,STANLEY
7049,,3306100225,OG,PA,11/11/1987,8210,SENW 11-155-91,"BROOKS EXPLORATION, INC.",JELLESED ET AL 1-11,STANLEY
7851,107851,3306100252,OG,A,8/5/2025,9571,NESE 11-155-91,"STEPHENS WILLISTON, LLC DBA SEG WILLISTON, LLC",ROGSTAD 1-11,STANLEY
7852,,3306100253,OG,PA,9/21/1984,8260,SWNE 11-155-91,"BROOKS EXPLORATION, INC.",JELLESED ET AL 2-11,STANLEY
21230,121230,3306101825,OG,A,7/30/2024,15601,SESE 12-155-91,"STEPHENS WILLISTON, LLC DBA SEG WILLISTON, LLC",GJOA LYNN 100-12H,STANLEY
40263,240263,3306105248,OG,A,5/14/2024,20196,SWSW 12-155-91,"STEPHENS WILLISTON, LLC DBA SEG WILLISTON, LLC",CABOT 15591-0112-3H,STANLEY
40264,240264,3306105249,OG,A,5/10/2024,20236,SESE 12-155-91,"STEPHENS WILLISTON, LLC DBA SEG WILLISTON, LLC",CABOT 15591-0112-4H,STANLEY
40305,240263,3306105263,OG,A,5/16/2024,20100,SWSW 12-155-91,"STEPHENS WILLISTON, LLC DBA SEG WILLISTON, LLC",CABOT 15591-0112-2H,STANLEY
40306,240264,3306105264,OG,A,5/10/2024,20060,SESE 12-155-91,"STEPHENS WILLISTON, LLC DBA SEG WILLISTON, LLC",CABOT 15591-0112-5H,STANLEY
7138,,3306100227,OG,DRY,1/19/1982,8300,SWSE 12-155-91,GULF OIL CORP.,OLIVER KORTERUD 1-12-3D,STANLEY
7674,107674,3306100244,OG,PA,11/7/2023,8300,SWSW 12-155-91,"STEPHENS WILLISTON, LLC DBA SEG WILLISTON, LLC",MONTGOMERY 1-12-4D,STANLEY
12230,,3306100350,OG,PA,6/19/1993,8285,NENW 13-155-91,TYREX OIL CO.,JELLESED 13-21,STANLEY
22898,122898,3306102131,OG,A,2/24/2013,19220,NWNE 13-155-91,MUREX PETROLEUM CORPORATION,KAREN MICHELLE 13-24H,STANLEY
2973,,3309900003,OG,DRY,8/11/1961,1820,SWSE 8-156-56,I. J. WILHITE,A. O. GAARDER 1,WILDCAT
2623,,3309900002,OG,DRY,5/4/1960,2500,NENW 9-156-58,TRAUGOTT DRILLING CO.,HATTIE BAKKE 1,WILDCAT
99057,,3309999057,ST,DRY,10/24/1968,1224,NWNE 9-156-59,"NORTHERN RESOURCES, INC.",SEVERSON 1-9,WILDCAT
99056,,3307199056,ST,DRY,10/21/1968,1287,SWSW 20-156-60,"NORTHERN RESOURCES, INC.",LEGACY 1-20,WILDCAT
99054,,3307199054,ST,DRY,10/23/1968,1326,SWSW 27-156-61,"NORTHERN RESOURCES, INC.",PATTON 1-27,WILDCAT
4914,,3307100029,OG,DRY,7/24/1970,2983,NENE 32-156-61,MILLER & FOX DRILLING CORP.,ERWIN LORENZ 1,WILDCAT
4745,,3307100015,OG,DRY,8/25/1969,3105,NWSW 14-156-62,JOHN R. BLACK ESTATE,CECIL J. MILLER 1,WILDCAT
4867,,3307100025,OG,PNC,1/13/1971,,NENW 34-156-63,"DYNA RAY OIL & GAS COMPANY, INC.",ROBERT C. COLLINSON 1,WILDCAT
4866,,3307100024,OG,DRY,3/24/1970,30,SWSE 21-156-64,"DYNA RAY OIL & GAS COMPANY, INC.",MARCELLA VOLK 1,WILDCAT
4865,,3307100023,OG,DRY,3/18/1970,1338,NWNW 23-156-65,"DYNA RAY OIL & GAS COMPANY, INC.",MORTON NEES 1,WILDCAT
4862,,3307100022,OG,PNC,1/12/1971,,SWSW 4-156-66,"DYNA RAY OIL & GAS COMPANY, INC.",JOHN F. ELSPERGER 1,WILDCAT
692,,3300500013,OG,DRY,8/27/1954,2316,NESW 2-156-67,SHELL OIL CO.,OSCAR SINNESS 1,WILDCAT
616,,3300500002,OG,DRY,6/20/1954,2652,NESW 5-156-68,SHELL OIL CO.,BETSY JORGENSON 1,WILDCAT
601,,3300500001,OG,DRY,6/12/1954,2495,NWNE 23-156-69,SHELL OIL CO.,JOHN STENSON 1,WILDCAT
624,,3300500003,OG,DRY,6/26/1954,2910,NWSE 34-156-70,SHELL OIL CO.,J. O. CRUM 1,WILDCAT
560,,3306900007,OG,DRY,3/28/1954,3115,SWNW 18-156-73,OWEN DRILLING CO.,HYDE ASSOCIATES TJON 1,WILDCAT
9254,,3306900040,OG,PNC,1/27/1983,,NESE 22-156-73,"SOUTH RANCH OIL COMPANY, INC.",W. J. SCHEEL 1,WILDCAT
2827,,3306900018,OG,DRY,1/18/1961,3040,SWNE 5-156-74,TOM JORDAN,BERTHA HAGBOE 1,WILDCAT
5552,,3306900030,OG,DRY,12/30/1974,1750,SENW 9-156-74,"OIL RESOURCES, INC.",CLAUDE N. OPPEN ET UX 1,WILDCAT
6357,,3306900035,OG,DRY,11/3/1977,3010,SESW 11-156-74,WHITESTONE CORP.,DREDGE 1-11,WILDCAT
5802,,3306900033,OG,DRY,3/5/1976,3100,SWSE 21-156-74,SUPERIOR OIL CO.,MATTERN 1,WILDCAT
5206,,3306900027,OG,DRY,9/21/1972,3100,NENE 27-156-74,SUPERIOR OIL CO.,VANGSNES 1,WILDCAT
387,,3304900005,OG,DRY,9/14/1953,3436,SENE 11-156-75,CALVERT EXPLORATION CO.,O. W. AND A. J. FYLKEN 1,WILDCAT
5022,,3304900094,OG,DRY,2/10/1971,3200,NWNE 1-156-76,BARRON KIDD-BALLANTYNE BROTHERS,FOLMAN PARTNERSHIP 1,WILDCAT
10513,,3304900137,OG,DRY,12/4/1983,3310,NENE 8-156-76,ENSTAR CORP.,CHRISTIANSEN-THOMPSON RANCH 1-8,WILDCAT
358,,3304900003,OG,DRY,8/1/1953,4236,SENE 34-156-76,CALVERT EXPLORATION CO.,ALBERT PAYNE 1,WILDCAT
5185,,3304900100,OG,DRY,8/13/1972,5671,SWSW 1-156-77,CHAMPLIN PETROLEUM CO.,BEST 14-1 (156-77) 1,WILDCAT
4536,,3304900091,OG,DRY,10/1/1968,3700,SWSE 9-156-77,TEXAS CRUDE OIL CO.,CARRIE FUNK 1,WILDCAT
2479,,3304900037,OG,DRY,10/9/1959,3392,NENW 11-156-77,CARDINAL & HACIENDA,H. H. THOMPSON 1,WILDCAT
3270,,3304900068,OG,DRY,12/24/1962,3805,SWSW 19-156-77,TENNECO OIL CO.,ELIZABETH KUHNHENN A 2,WILDCAT
1354,,3304900010,OG,DRY,1/12/1957,5375,NWNW 26-156-77,MONSANTO CHEMICAL CO.,ED 1,WILDCAT
5553,,3304900110,OG,PNC,12/5/1975,,NWSE 29-156-77,"OIL RESOURCES, INC.",JOHN W. KRAMER ET UX 1,WILDCAT
3175,,3304900061,OG,DRY,6/14/1962,3805,NENE 12-156-78,TENNECO OIL CO.,ELIZABETH KUHNHENN A 1,WILDCAT
13562,,3304900163,OG,DRY,9/2/1993,4000,NWSE 34-156-78,EOG (NEW MEXICO) INC.,ERDMAN 1-34,WILDCAT
5059,,3304900095,OG,DRY,6/9/1971,4060,NWNW 2-156-79,CHAMPLIN PETROLEUM CO.,BURGHARDI STATE 11-2 (156-79) 1,WILDCAT
3670,,3304900077,OG,DRY,9/6/1964,4107,NWSW 6-156-79,GEOCHEMICAL SURVEYS,JOHNSON-BND 1,WILDCAT
13549,,3304900162,OG,DRY,7/5/1993,4125,SESW 9-156-79,BASS ENTERPRISES PRODUCTION CO.,MACARTHUR STATE 9-23,WILDCAT
6439,,3304900116,OG,DRY,1/25/1978,4120,NENW 10-156-79,TUTHILL & BARBEE,GLADYS HURLEY 1,WILDCAT
4148,,3304900086,OG,DRY,9/24/1966,4030,SESE 11-156-79,"PEL-TEX, INC. & CONOCO",USA-SCHIMELFENIG 1,WILDCAT
10283,,3304900134,OG,DRY,7/31/1983,4155,NWSW 17-156-79,"AXEM RESOURCES, INC.",AXEM-MUELLER 13-17,WILDCAT
15750,,3304900166,OG,DRY,4/26/2005,4400,NWNE 29-156-79,"EAGLE OPERATING, INC.",ROLLMAN 1-29,WILDCAT
4112,,3304900085,OG,DRY,8/1/1966,4660,NWSE 8-156-80,KEWANEE OIL CO.,TORG 1,WILDCAT
10819,,3310100316,OG,DRY,5/1/1984,4700,SWSW 2-156-81,M & J OIL CO.,SIMONSON-GULF 14-2,WILDCAT
3124,,3310100042,OG,DRY,4/10/1962,4777,NWSW 3-156-81,I. J. WILHITE,HELSETH 1,WILDCAT
6314,,3310100209,OG,DRY,12/9/1977,4755,NWSE 4-156-81,TUTHILL & BARBEE,LILLIAN BEATON ET AL 1,WILDCAT
4923,,3310100116,OG,DRY,8/9/1970,6975,NWNE 5-156-81,UNION OIL COMPANY OF CALIFORNIA,VERNON OLSON 1-B-5,WILDCAT
5563,,3310100178,OG,DRY,1/6/1975,4820,SESW 8-156-81,CLEARY PETROLEUM CORP.,WILSON 1-8,WILDCAT
5923,,3310100189,OG,DRY,7/23/1976,4720,NESE 9-156-81,HAWN BROTHERS & HANOVER MANAGEMENT CO.,BURKART 1,WILDCAT
2946,,3310100037,OG,DRY,7/9/1961,5850,NWNE 12-156-81,TENNECO OIL CO.,W. J. BORTZFIELD 1,WILDCAT
11055,,3310100319,OG,DRY,9/24/1984,8680,NENW 19-156-81,INEXCO OIL CO.,HUNTZINGER 1-19,WILDCAT
3557,,3310100055,OG,DRY,5/18/1964,4970,SWSW 19-156-81,"VAUGHN PETROLEUM, INC.",STATE OF NORTH DAKOTA 19-1,WILDCAT
3501,,3310100053,OG,DRY,1/29/1964,4700,SENW 23-156-81,CALVERT DRILLING & PRODUCING CO.,SIMON FUCHS 1,WILDCAT
12412,,3310100355,OG,DRY,6/28/1988,6100,NWSW 1-156-82,PATRICK PETROLEUM CO.,PATRICK-BRAASCH 1-1,WILDCAT
2053,,3310100032,OG,DRY,10/21/1958,5005,NENE 1-156-82,ANSCHUTZ OIL CO.,SECK 1,WILDCAT
5242,,3310100158,OG,DRY,11/18/1972,4803,SWSW 1-156-82,"GEORESOURCES, INC.",CARMI BRAASCH 1,WILDCAT
4992,,3310100125,OG,DRY,8/29/1971,7189,NESE 2-156-82,UNION OIL COMPANY OF CALIFORNIA,HAROLD ANDERSON 1-I-2,WILDCAT
5090,,3310100139,OG,DRY,9/6/1971,4961,SENW 2-156-82,"NORTH AMERICAN ROYALTIES, INC.",MARION REARICK 1,WILDCAT
5139,,3310100145,OG,DRY,12/29/1971,4861,NENE 2-156-82,"PETROLEUM, INC.",REARICK 1,WILDCAT
29053,,3310100489,OG,DRY,9/21/2014,5100,NESE 3-156-82,STEPHENS PRODUCTION COMPANY,YORK 3-9,WILDCAT
4343,,3310100087,OG,DRY,10/21/1967,5000,NWSW 3-156-82,PUBCO PETROLEUM CORP.,TRIPP 3-12,WILDCAT
4443,,3310100096,OG,DRY,7/6/1968,5025,NENW 4-156-82,ARROWHEAD EXPLORATION CO.,RUDE-STATE 1,WILDCAT
8211,,3310100262,OG,DRY,12/23/1980,5100,NESW 4-156-82,"MOLE OPERATING COMPANY, INC.",NELSON 1,WILDCAT
5300,,3310100160,OG,DRY,6/6/1973,5014,SESE 5-156-82,DON BILLS & ST. CLAIR,LIVINGSTON 1,WILDCAT
13303,,3310100408,OG,DRY,4/12/1992,5240,NENE 9-156-82,BARRETT RESOURCES CORP.,MILLER 41-9,WILDCAT
4117,,3310100070,OG,DRY,8/9/1966,5000,NENE 14-156-82,AZTEC OIL & GAS CO.,EDWARD HAMBEK 1,WILDCAT
5149,,3310100146,OG,DRY,12/18/1971,5060,SENW 15-156-82,CARDINAL PETROLEUM CO. & TITAN OIL CO.,G. A. SOLBERG 1,WILDCAT
1138,,3310100017,OG,DRY,9/22/1956,5478,SWNW 19-156-82,H. MACK COX,M. F. KOTASEK 1,WILDCAT
13523,,3310100427,OG,DRY,5/29/1993,5300,SWSE 34-156-82,EQUITABLE RESOURCES ENERGY CO.,THOMPSON 34-34,WILDCAT
4145,,3310100072,OG,DRY,9/12/1966,5064,NWNW 2-156-83,"PEL-TEX, INC. & CONOCO",KORGEL 1,WILDCAT
4805,,3310100113,OG,DRY,12/2/1969,5194,NWNE 22-156-83,ECHO OIL CORP.,LIVINGSTON 1-22,WILDCAT
126,,3310100007,OG,DRY,10/27/1952,8938,SWSE 33-156-83,QUINTANA PRODUCTION CO.,CHRIS LINNERTZ 1,WILDCAT
8541,,3310100267,OG,DRY,6/26/1981,5900,NWNE 4-156-84,INEXCO OIL CO.,STROMBERG 1-4,WILDCAT
4400,,3310100092,OG,DRY,4/2/1968,5510,NWSE 10-156-84,EARL SCHWARTZ CO.,MAURICE HARRINGTON 1,WILDCAT
4990,,3310100124,OG,DRY,12/3/1970,9340,NWSW 22-156-84,ANSCHUTZ CORPORATION,RICHARD MUSCH 1,WILDCAT
12742,,3310100388,OG,DRY,10/6/1989,5800,NENE 31-156-84,"ARMSTRONG OPERATING, INC.",ARTHUR BUEE 1,WILDCAT
3812,,3310100058,OG,DRY,2/28/1965,6250,NWSW 4-156-85,AREX CORP.,MARTIN N. CLOUSE 1,WILDCAT
3984,,3310100065,OG,DRY,12/9/1965,6196,SWSW 19-156-85,AREX CORP.,FEGLEY 1,WILDCAT
11701,,3310100333,OG,DRY,9/5/1985,6280,SENW 23-156-85,CENEX,HANSON 6-23,WILDCAT
52,,3310100005,OG,DRY,7/29/1952,10137,NENE 24-156-85,WANETE OIL CO.,M. O. LEE ET AL 1,WILDCAT
13701,,3310100434,OG,DRY,10/7/1994,6200,NENW 33-156-85,"TEXAS CRUDE ENERGY, INC.",NESHEM 33 1,WILDCAT
5067,,3310100133,OG,DRY,9/14/1971,6449,SESE 5-156-86,GREAT WESTERN DRILLING CO.,ARTHUR SCHWOPE 1,WILDCAT
6073,,3310100202,OG,DRY,2/3/1977,6441,SWNW 5-156-86,DON BILLS & ST. CLAIR,ARTHUR ULEBERG 1,WILDCAT
1438,,3310100021,OG,DRY,10/11/1957,7085,NWSW 6-156-86,"LOWELL J. WILLIAMSON, INC.",PETER BERNHARD PEDERSON 1,WILDCAT
13250,,3310100403,OG,DRY,10/22/1991,6450,NESW 9-156-86,ENRON OIL & GAS CO.,TURK 23-9,WILDCAT
3125,,3310100043,OG,DRY,4/14/1962,6630,SWNE 11-156-86,CALVERT EXPLORATION CO.,TROXEL 1,WILDCAT
3858,,3310100061,OG,DRY,5/4/1965,6265,SENE 15-156-86,CONTINENTAL OIL CO.,E. BROWN 1,WILDCAT
6223,,3310100206,OG,DRY,7/20/1977,6300,NESW 15-156-86,CAROLINE HUNT TRUST ESTATE,BRUELS 1,WILDCAT
8109,,3310100258,OG,DRY,12/23/1980,6410,SESW 16-156-86,HUNT OIL COMPANY,ALLHOUSE-STATE OF NORTH DAKOTA 1-16,WILDCAT
4315,,3310100085,OG,DRY,8/27/1967,6445,SENE 17-156-86,"CHANDLER & ASSOCIATES, INC.",J. AND E. ALLSHAUSE 1,WILDCAT
5368,,3310100165,OG,DRY,12/2/1973,6530,SENW 17-156-86,CARDINAL PETROLEUM CO.,JOHN ALLSHOUSE 1-17,WILDCAT
14744,,3310100446,OG,DRY,12/25/1997,6684,SWNE 18-156-86,ALENCO OIL & GAS (ND) INC.,ALENCO PETERSEN 156-86-18 ACC,WILDCAT
7624,,3310100236,OG,PA,10/26/1995,6650,SESW 19-156-86,BALLANTYNE OIL,HENRY 1-19,BERTHOLD
7671,,3310100239,OG,PNC,1/27/1983,,SESE 19-156-86,INEXCO OIL CO.,CAROLINE 1-19,BERTHOLD
7693,,3310100240,OG,DRY,7/7/1982,6650,NWSW 19-156-86,INEXCO OIL CO.,HENRY 3-19,BERTHOLD
7698,,3310100244,OG,DRY,6/27/1980,6600,NWSE 19-156-86,INEXCO OIL CO.,EMMA 1-19,BERTHOLD
7862,,3310100248,OG,PNC,5/24/1982,,SENW 19-156-86,INEXCO OIL CO.,HENRY 4-19,BERTHOLD
8056,,3310100255,OG,DRY,11/7/1980,6602,SWSE 19-156-86,INEXCO OIL CO.,CAROLINE 2-19,BERTHOLD
5966,,3310100191,OG,DRY,9/22/1976,6549,SWSW 20-156-86,HAWN BROTHERS,HELLER-BENSON 1,WILDCAT
6932,,3310100225,OG,DRY,6/12/1979,6510,SWNE 20-156-86,SAMEDAN OIL CORPORATION,FRED KEISER ET UX 1,WILDCAT
10615,,3310100312,OG,DRY,5/22/1984,6475,SENW 21-156-86,"KENNEDY & MITCHELL, INC.",KEISER BERTHOLD 56-720-1,WILDCAT
5048,,3310100130,OG,DRY,5/6/1971,6414,NENE 21-156-86,CHAMPLIN PETROLEUM CO.,VOLLMER 41-21 (156-86) 1,WILDCAT
6440,,3310100211,OG,DRY,2/9/1978,6430,NWNW 21-156-86,LOUISIANA LAND & EXPLORATION CO.,KEISER 1,WILDCAT
4699,,3310100107,OG,PNC,6/13/1970,,SWSE 22-156-86,THE ANSCHUTZ CORP. INC.,L AND M JOHNSON 1,WILDCAT
6012,,3310100197,OG,DRY,11/4/1976,6420,SWSW 22-156-86,APACHE CORPORATION,ROBERTS 1-22,WILDCAT
21145,,3310100484,OG,DRY,9/27/2011,,SWSW 26-156-86,"VECTA OIL & GAS, LTD.",NESHEM 26-1,WILDCAT
4686,,3310100105,OG,DRY,6/24/1969,6425,SWNW 27-156-86,"DEPCO, INC.",KEISER 1,LONE TREE
4698,,3310100106,OG,PNC,6/13/1970,,NWSE 27-156-86,THE ANSCHUTZ CORP. INC.,MOSES 1,WILDCAT
5321,,3310100163,OG,DRY,7/26/1973,6456,NWNE 27-156-86,"KOCH INDUSTRIES, INC.",CLARENCE C. STRAIT 1,LONE TREE
6043,,3310100201,OG,DRY,1/3/1977,6430,NESW 27-156-86,KISSINGER PETROLEUM CORP.,ROBERTS 11-27,LONE TREE
4501,,3310100098,OG,DRY,9/17/1968,6536,SESE 28-156-86,EARL SCHWARTZ CO.,RALPH J. DOOLITTLE 1,LONE TREE
5520,,3310100174,OG,DRY,11/17/1974,6500,NWNW 28-156-86,CLEARY PETROLEUM CORP.,SHELKEY 1-28,WILDCAT
7638,,3310100237,SWD,PA,7/26/1996,6625,NWNW 29-156-86,BALLANTYNE OIL,DAISY SWD 1-29,BERTHOLD
7696,,3310100242,OG,PA,5/5/1983,6566,NWSW 29-156-86,INEXCO OIL CO.,FEDERAL MRS. BRADSHAW 1-29,BERTHOLD
8033,,3310100254,OG,PNC,7/8/1983,,SESW 29-156-86,INEXCO OIL CO.,FED. MRS. BRADSHAW 2-29,BERTHOLD
7009,,3310100228,OG,DRY,8/26/1979,6670,NESW 30-156-86,INEXCO OIL CO.,FEDERAL GARY 1-30,BERTHOLD
7547,,3310100233,OG,PA,7/24/1996,6650,NWNE 30-156-86,BALLANTYNE OIL,FEDERAL DEAVER 1-30,BERTHOLD
7695,,3310100241,OG,PA,12/17/1984,6650,SENE 30-156-86,INEXCO OIL CO.,FEDERAL DEAVER 2-30,BERTHOLD
7697,,3310100243,OG,PA,12/17/1984,6647,NWSE 30-156-86,INEXCO OIL CO.,FEDERAL GARY 2-30,BERTHOLD
7962,,3310100252,OG,DRY,7/15/1982,6665,SENW 30-156-86,INEXCO OIL CO.,RAY 1-30,BERTHOLD
8376,,3310100264,OG,PA,7/6/1982,6654,SESE 30-156-86,INEXCO OIL CO.,FEDERAL GARY 3-30,BERTHOLD
9094,,3310100282,OG,DRY,12/5/1981,6560,NESW 33-156-86,EXPLORATION CO.,KEISER 1-33,LONE TREE
17751,,3310100478,OG,PNC,6/17/2011,,NENE 34-156-86,"VECTA OIL & GAS, LTD.",GARY NESHEM 34-1,LONE TREE
4346,404142,3310100088,WI,PA,10/16/2020,6470,SESE 34-156-86,COBRA OIL & GAS CORPORATION,NESHEM 2,LONE TREE
4356,,3310100089,OG,PA,11/26/2001,6475,SENE 34-156-86,NEXEN OIL AND GAS U.S.A. INC.,NESHEM 3,LONE TREE
4835,,3310100114,OG,DRY,1/7/1970,6460,NENW 34-156-86,I. J. WILHITE,KEISER-ROBERTS 1,LONE TREE
13936,404142,3310100438,OG,PA,10/21/2020,9310,SESW 35-156-86,COBRA OIL & GAS CORPORATION,NESHAM 8,LONE TREE
4255,,3310100082,OG,DRY,5/3/1967,6367,SWSE 35-156-86,"DEPCO, INC.",NESHEM 1,LONE TREE
4639,404142,3310100103,OG,PA,10/22/2020,6400,SWSW 35-156-86,COBRA OIL & GAS CORPORATION,NESHEM 5,LONE TREE
14743,,3310100445,OG,PA,7/15/2002,8071,NENE 5-156-87,"RYAN EXPLORATION, INC.",ECKMANN A 156-87-5,PASSPORT
20760,,3310100483,OG,PA,11/20/2015,11003,NENE 8-156-87,"BEHM ENERGY, INC.",HALDEN 11-8,WILDCAT
7042,,3310100229,OG,DRY,7/23/1979,6650,SWSE 12-156-87,INEXCO OIL CO.,BIRDSALL 1-12,WILDCAT
13294,,3310100407,OG,DRY,1/17/1992,7340,NESW 35-156-87,EQUITABLE RESOURCES ENERGY CO.,BERG 23-35,WILDCAT
4216,,3310100079,OG,DRY,1/14/1967,6790,NENE 36-156-87,"PEL-TEX, INC. & CONOCO",JOHNSON 1,WILDCAT
3581,,3306100175,OG,DRY,6/17/1964,7150,NWNW 5-156-88,PAN AMERICAN PETROLEUM CORP.,NELS J. KJELLBERG 1,WILDCAT
9983,,3306100306,OG,DRY,1/21/1983,7208,NENE 8-156-88,DOME PETROLEUM CORP.,SWENNINGSON 1-8,WILDCAT
10044,,3306100307,OG,DRY,10/31/1971,11779,SWSE 27-156-88,ESTATE OF WM. G. HELIS,WILLIAM BAUER 1-R,WILDCAT
1223,,3306100148,OG,DRY,9/18/1956,7703,SWSE 27-156-88,TEXOTA OIL CO.,W. F. BAUER 1,WILDCAT
9758,,3306100302,OG,DRY,10/17/1982,7313,NENE 4-156-89,DOME PETROLEUM CORP.,BIERI 1-4,WILDCAT
19052,119052,3306101371,OG,A,9/3/2010,18960,SESW 18-156-89,HUNT OIL COMPANY,MCGAHAN 1-18-7H 1,ROSS
19071,219071,3306101378,OG,A,4/20/2011,19110,SESW 2-156-90,HUNT OIL COMPANY,PALERMO 1-2-31H,ROSS
20959,120959,3306101778,OG,A,10/22/2011,16672,LOT2 2-156-90,HUNT OIL COMPANY,PALERMO 1-2-1H 1,ROSS
35759,,3306104352,,Confidential,,,SESW 2-156-90,HUNT OIL COMPANY,PALERMO 156-90-2-31H- 4,ROSS
35761,,3306104354,OG,PNC,5/15/2025,,SESW 2-156-90,HUNT OIL COMPANY,PALERMO 156-90-2-31H 5X,ROSS
41366,241366,3306105440,,Confidential,,,SWSW 3-156-90,HUNT OIL COMPANY,STATE A 156-90-9-16H-4,ROSS
41367,241366,3306105441,,Confidential,,,SWSW 3-156-90,HUNT OIL COMPANY,STATE C 156-90-4-36H-2,ROSS
41368,241366,3306105442,,,,,,,,
2078,,3309900001,OG,DRY,4/14/1959,1765,NWNW 36-157-57,PEMBINA MOUNTAIN OIL EXPLORATION CO.,ISAAC AKRE 1,WILDCAT
99058,,3307199058,ST,DRY,10/28/1968,1265,NESW 10-157-60,"NORTHERN RESOURCES, INC.",MALMIN 1-10,WILDCAT
99082,,3307199082,ST,DRY,12/7/1968,1323,SENW 15-157-61,"NORTHERN RESOURCES, INC.",HOMME 1-15,WILDCAT
2523,,3307100010,OG,DRY,12/8/1959,2203,SESE 5-157-63,AMERADA HESS CORPORATION,MYKLEBUST 1,WILDCAT
4869,,3307100027,OG,PNC,1/13/1971,,SENE 9-157-63,"DYNA RAY OIL & GAS COMPANY, INC.",ALTON J. ERICKSTAD 1,WILDCAT
4870,,3307100028,OG,PNC,1/13/1971,,SENE 25-157-63,"DYNA RAY OIL & GAS COMPANY, INC.",CURTIS OVERBO 1,WILDCAT
4635,,3307100014,OG,DRY,9/5/1969,2744,SENW 35-157-63,J. M. JOHNSTON,THEO. OVERBO 1,WILDCAT
4868,,3307100026,OG,PNC,1/13/1971,,NENW 34-157-64,"DYNA RAY OIL & GAS COMPANY, INC.",EDWIN O. BOTTOLFSON 1,WILDCAT
99129,,3309599129,ST,DRY,,,13-157-65,STANOLIND OIL & GAS CO.,IVAR DAMMEN 1,WILDCAT
194,,3309500003,OG,DRY,11/7/1952,3765,SWSE 17-157-65,F. H. RHODES,R. R. GIBBENS 1,WILDCAT
99131,,3309599131,ST,DRY,5/4/1956,1375,NWSW 23-157-65,STANOLIND OIL & GAS CO.,RUBY ZESBAUGH 1,WILDCAT
4852,,3309500010,OG,DRY,9/7/1971,206,NENW 6-157-67,"DYNA RAY OIL & GAS COMPANY, INC.",ARLIS BALMAN 1,WILDCAT
706,,3306900010,OG,DRY,9/27/1954,4997,SESE 23-157-70,SHELL OIL CO.,GIFFORD MARCHUS 1,WILDCAT
12055,,3306900042,OG,DRY,11/21/1986,2730,NWNW 16-157-71,"CHAPMAN EXPLORATION, INC.",STATE RUGBY 1,WILDCAT
780,,3306900013,OG,DRY,12/8/1954,3558,NWSW 3-157-73,E. F. WAKEFIELD,CHRISTENSON 1,WILDCAT
2728,,3306900017,OG,DRY,8/11/1960,3086,NENW 22-157-74,APACHE OIL CORP.,OLSON 1,WILDCAT
1457,,3306900014,OG,DRY,6/2/1957,3161,SENW 26-157-74,CARDINAL DRILLING CO.,M. T. THOMPSON ET AL 1,WILDCAT
5081,,3306900025,OG,DRY,8/10/1971,3191,SENW 30-157-74,I. J. WILHITE & SIMCOX OIL CO.,MELVIN LARVICK 1,WILDCAT
2567,,3304900042,OG,DRY,1/16/1960,3172,NWNE 1-157-75,AMERADA HESS CORPORATION,NORTH DAKOTA L 1,WILDCAT
2610,,3304900044,OG,DRY,3/27/1960,3250,SWNE 10-157-75,AMERADA HESS CORPORATION,A. DUGAN 1,WILDCAT
2629,,3304900045,OG,DRY,4/14/1960,3184,NWSE 12-157-75,AMERADA HESS CORPORATION,NORTH DAKOTA M 1,WILDCAT
1471,,3304900014,OG,DRY,7/23/1957,3449,NENW 28-157-75,DAVIS OIL CO.,ALF TAGESTAD 1,WILDCAT
2312,,3304900035,OG,DRY,5/9/1959,3430,NWSW 3-157-76,AMERADA HESS CORPORATION,CARL MILLER (TRACT 1) 1,WILDCAT
5279,,3304900103,OG,DRY,5/25/1973,5265,NESW 34-157-76,MCMORAN EXPLORATION CO.,STATE 1,WILDCAT
2642,,3304900046,OG,DRY,5/2/1960,3493,NENE 21-157-77,AMERADA HESS CORPORATION,CARL GREEN (TRACT-1) 1,WILDCAT
1674,,3304900024,OG,DRY,12/22/1957,3901,NWSW 34-157-77,GENERAL CRUDE OIL CO.,LOREN HANSON 1,WILDCAT
39,,3304900001,OG,DRY,3/7/1952,7218,NESW 3-157-78,HUNT OIL COMPANY,W. B. SHOEMAKER 1,WILDCAT
2011,,3304900032,OG,DRY,9/15/1958,3700,NWSE 5-157-78,AMERADA HESS CORPORATION,P. J. NERMOE 1,WILDCAT
1986,,3304900031,OG,DRY,9/5/1958,3920,SESW 23-157-78,AMERADA HESS CORPORATION,C. O. BRUMMOND 1,WILDCAT
3229,,3304900066,OG,DRY,8/21/1962,3994,SENE 29-157-78,DOW & MCHUGH,C. R. CARTY 1,WILDCAT
5240,,3304900102,OG,DRY,12/5/1972,4024,SWNE 31-157-78,MCMORAN EXPLORATION CO.,AGA 1,WILDCAT
9045,,3304900128,OG,DRY,10/21/1981,5550,NWSE 4-157-79,BHP PETROLEUM (AMERICAS) INC.,BIG SKY ET AL 1,WILDCAT
2402,,3304900036,OG,DRY,7/30/1959,4138,NWSW 10-157-79,BRITISH-AMERICAN OIL PRODUCING CO.,ERLING P. NICOLAISEN 1,WILDCAT
5078,,3304900098,OG,DRY,8/11/1971,4085,SESE 12-157-79,SUPERIOR OIL CO.,MILLER 1,WILDCAT
5136,,3304900099,OG,DRY,12/2/1971,4100,SWSW 12-157-79,SUPERIOR OIL CO.,MILLER 2,WILDCAT
10917,,3304900142,OG,DRY,6/30/1984,4039,SWSW 14-157-79,ENSTAR CORP.,JOHNSON 13-14,WILDCAT
5983,,3304900112,OG,DRY,12/11/1976,4216,SWSW 15-157-79,NCND MINOT PARTNERSHIP,SCHELL 1,WILDCAT
7568,,3304900119,OG,DRY,2/22/1980,4176,NESE 20-157-79,TOM F. MARSH,LEWIS-BERRY 1,WILDCAT
3201,,3304900063,OG,DRY,7/21/1962,4051,SESE 22-157-79,CARDINAL PETROLEUM CO.,HAROLD ROTHGARN 1,WILDCAT
3759,,3304900080,OG,DRY,11/28/1964,3992,SESE 23-157-79,PLAZA OIL & GAS LTD.,EDWARDS 1,WILDCAT
3453,,3304900074,OG,DRY,11/1/1963,4053,SWNE 24-157-79,"NORTH AMERICAN ROYALTIES, INC.",PALMER NERMOE 1,WILDCAT
2956,,3304900055,OG,DRY,7/20/1961,4181,NENW 33-157-79,"FARMERS UNION CENTRAL EXCHANGE, INC.",DONALD WINTERMUTE 1,WILDCAT
3107,,3304900058,OG,DRY,2/26/1962,4499,SENE 35-157-79,"FARMERS UNION CENTRAL EXCHANGE, INC.",RICE 1,WILDCAT
5982,,3304900111,OG,DRY,12/20/1976,4300,SWNE 2-157-80,NCND MINOT PARTNERSHIP,HENRY HALL 1,WILDCAT
5066,,3304900096,OG,DRY,8/20/1971,4350,SWSE 9-157-80,GREAT WESTERN DRILLING CO.,OSCAR SIMMONS 1,WILDCAT
12866,,3304900158,OG,DRY,3/17/1990,4400,SENW 10-157-80,WESTERN INTERIOR RESOURCES,OLSON 22-10,WILDCAT
3071,,3304900057,OG,DRY,12/26/1961,4183,NENE 12-157-80,CLYDE W. JONES & THE GAY CO.,LESTER HANSEN 1,WILDCAT
10553,,3304900138,OG,DRY,12/15/1983,4260,NENW 13-157-80,ENSTAR CORP.,ANDRIST 1-13,WILDCAT
13402,,3304900161,OG,DRY,8/18/1992,4400,NESW 14-157-80,EQUITABLE RESOURCES ENERGY CO.,TANDBERG 23-14,WILDCAT
883,,3304900008,OG,DRY,7/2/1955,4915,NESW 21-157-80,"FARMERS UNION CENTRAL EXCHANGE, INC.",GENE WILTSE 1,WILDCAT
1632,,3304900019,OG,DRY,11/24/1957,4552,SWNE 24-157-80,TRITON OIL CO.,FREDRICKSON 1,WILDCAT
3189,,3304900062,OG,DRY,7/5/1962,4743,NWNW 31-157-80,DOW & MCHUGH-I. J. WILHITE,O. E. HANSON 1,WILDCAT
4021,,3310100067,OG,DRY,2/3/1966,4747,SWSE 5-157-81,CHAMPLIN PETROLEUM CO.,PACE 1,WILDCAT
10403,,3310100303,OG,DRY,10/31/1983,4760,NENE 6-157-81,CABOT PETROLEUM CORP.,DETLAFF 1-6,WILDCAT
11311,,3310100326,OG,PNC,5/5/1986,,SWNW 6-157-81,"BROSCHAT ENGINEERING & MANAGEMENT SERVICES, INC.",CHARLES CARLSON ET AL 1,WILDCAT
12722,,3310100386,OG,DRY,10/29/1989,4760,NENW 6-157-81,CENEX,CARLSON 3-6,WILDCAT
3165,,3310100044,OG,DRY,5/25/1962,4745,NESE 6-157-81,CLYDE W. JONES,HAROLD GOWIN 1,WILDCAT
3485,,3310100051,OG,DRY,12/23/1963,4630,NWNW 12-157-81,ARROWHEAD EXPLORATION CO.,SPOKELY ET AL 11-12,WILDCAT
4372,,3310100091,OG,DRY,1/17/1968,4700,SWSE 14-157-81,FUNDAMENTAL OIL CORP.,THOMPSON-TEMANSON-FLB 1-14,WILDCAT
11213,,3310100323,OG,DRY,11/7/1984,4760,NWSW 16-157-81,CNG PRODUCING CO.,CHILSON STATE 16-1,WILDCAT
3166,,3310100045,OG,DRY,8/1/1962,4683,NESW 16-157-81,SIMCOX OIL CO.,CLARENCE CHILSON 1,WILDCAT
9571,,3310100290,OG,PNC,5/26/1983,,NWSW 16-157-81,"KINSON RESOURCES, INC.",STATE OF NORTH DAKOTA 1,WILDCAT
11868,,3310100338,OG,DRY,12/29/1985,4800,SWSW 21-157-81,"PETROCORP, INC.",BENNIE LORAAS 21-13,WILDCAT
4409,,3310100094,OG,DRY,4/15/1968,4569,SESE 24-157-81,"GOFOR OIL, INC.",JAMES GLEASON 1,WILDCAT
5275,,3310100159,OG,DRY,3/31/1973,4715,SWSE 26-157-81,SOHIO PETROLEUM COMPANY,OPAL DULANEY 1,WILDCAT
22205,,3310100485,OG,DRY,3/9/2012,4850,NWNW 27-157-81,"BALLARD PETROLEUM HOLDINGS, LLC",HASKINS  11-27,WILDCAT
4209,,3310100078,OG,DRY,1/3/1967,4757,SWSW 27-157-81,CALVERT DRILLING & PRODUCING CO.,LOUIS HASKINS 1,WILDCAT
31816,,3310100491,OG,DRY,10/17/2015,,NWNW 29-157-81,"ST. CROIX OPERATING, INC",BADGER #1,WILDCAT
6023,,3310100198,OG,DRY,11/18/1976,4824,NWSE 29-157-81,APACHE CORPORATION,WARD ESTATE 1-29,WILDCAT
3952,,3310100063,OG,DRY,9/18/1965,4844,NWNE 30-157-81,ANSCHUTZ OIL CO.,HELSETH 1,WILDCAT
13495,,3310100426,OG,DRY,3/23/1993,4810,NWNE 33-157-81,"ARMSTRONG OPERATING, INC.",BRUNNER 1-33,WILDCAT
3445,,3310100050,OG,DRY,11/3/1963,4790,SESW 1-157-82,"MULE CREEK OIL COMPANY, INC.",HAROLD M. GOWIN 1,WILDCAT
3795,,3310100057,OG,DRY,1/16/1965,4702,SWNE 1-157-82,HLM DRILLING CO.,GOWIN 1,WILDCAT
5498,,3310100172,OG,DRY,11/11/1974,7161,NWSE 1-157-82,MARATHON OIL COMPANY,GOWIN 1,WILDCAT
2017,,3310100030,OG,DRY,9/28/1958,4908,NWNW 2-157-82,BRITISH-AMERICAN OIL PRODUCING CO.,A. ANDERSON C 1,WILDCAT
25603,,3310100487,OG,DRY,7/18/2013,4900,LOT1 3-157-82,STEPHENS PRODUCTION COMPANY,MATSON 3-1,WILDCAT
6404,,3310100210,OG,DRY,1/5/1978,4900,SWNW 15-157-82,TUTHILL & BARBEE,HENRY ERBER 1,WILDCAT
6005,,3310100194,,,,,,,,
99059,,3307199059,ST,DRY,10/29/1968,1222,NWNE 25-158-60,"NORTHERN RESOURCES, INC.",WESTBY 1-25,WILDCAT
99061,,3307199061,ST,DRY,11/1/1968,1284,NWNW 30-158-60,"NORTHERN RESOURCES, INC.",KUCHAR 1-30,WILDCAT
99028,,3307199028,ST,DRY,11/4/1968,1326,SWNE 20-158-61,"NORTHERN RESOURCES, INC.",IVESDAL 1-20,WILDCAT
2522,,3307100011,OG,DRY,11/22/1959,2102,NENE 21-158-61,AMERADA HESS CORPORATION,R. A. HAMMER 1,WILDCAT
2612,,3307100012,OG,DRY,3/18/1960,1957,NENE 11-158-62,AMERADA HESS CORPORATION,F. SKAAR 1,WILDCAT
383,,3307100004,OG,DRY,9/12/1953,3278,NWNW 17-158-62,S. D. JOHNSON DRILLING CO.,M. D. WOLF 1,WILDCAT
99084,,3307199084,ST,DRY,12/9/1968,1360,NESW 24-158-62,"NORTHERN RESOURCES, INC.",KNOKE 1-24,WILDCAT
20,,3307100001,OG,DRY,11/11/1949,3223,NENE 29-158-62,UNION OIL COMPANY OF CALIFORNIA,AANSTAD STRATIGRAPHIC TEST 1,WILDCAT
422,,3307100008,OG,DRY,10/27/1953,3200,NESW 33-158-62,"MCLAUGHLIN, INC.",WOLFE 1,WILDCAT
411,,3307100007,OG,DRY,10/4/1953,3340,SWSE 11-158-63,S. D. JOHNSON DRILLING CO.,EDWIN WERNER 1,WILDCAT
508,,3307100009,OG,DRY,12/18/1953,1282,NENE 21-158-64,LOS NIETOS OIL CO.,L. BUKOWSKI STRATIGRAPHIC TEST 1,WILDCAT
4871,,3309500011,OG,DRY,9/7/1971,1500,SENW 17-158-65,"DYNA RAY OIL & GAS COMPANY, INC.",R. R. GIBBENS 1,WILDCAT
4872,,3309500012,OG,PNC,1/14/1971,,NENW 23-158-65,"DYNA RAY OIL & GAS COMPANY, INC.",PAUL ISRAEL 1,WILDCAT
520,,3309500007,OG,DRY,1/26/1954,1337,SESE 25-158-65,UNION OIL COMPANY OF CALIFORNIA,J.DAMBERGER STRATIGRAPHIC TEST 1,WILDCAT
6372,,3309500026,OG,DRY,12/12/1977,2233,NESE 11-158-66,HAWN BROTHERS,ROBERT RADER ET UX 1,WILDCAT
227,,3309500004,OG,DRY,12/13/1952,4035,SESW 31-158-66,"NATIONAL BULK CARRIERS, INC.",EDNA LOUISE HILD 1,WILDCAT
435,,3306900004,OG,DRY,12/26/1953,4596,SWNE 12-158-69,MIDWEST EXPLORATION CORP.,HECKMAN 1,WILDCAT
716,,3306900012,OG,DRY,10/6/1954,2875,NWNE 3-158-70,SHELL OIL CO.,JOSEPH D. BACHER 1,WILDCAT
12125,,3306900043,OG,DRY,6/14/1987,5437,SENE 1-158-72,"CHAPMAN EXPLORATION, INC.",L. SELVIG 1,WILDCAT
712,,3306900011,OG,DRY,10/9/1954,2990,SWNW 8-158-72,"SOCONY-VACUUM OIL COMPANY, INC.",FLECK F12-8-P,WILDCAT
8879,,3306900038,OG,DRY,8/4/1981,2790,SESE 11-158-72,"SOUTH RANCH OIL COMPANY, INC.",ARTHUR 1,WILDCAT
12141,,3306900044,OG,DRY,7/6/1987,4640,NENE 12-158-72,"CHAPMAN EXPLORATION, INC.",A. ALLICKSON 1,WILDCAT
600,,3306900009,OG,DRY,6/1/1954,3052,SWNW 27-158-72,CARDINAL DRILLING CO.,LAWRENCE BELL 1,WILDCAT
30,,3306900001,OG,DRY,10/18/1951,5383,NENE 28-158-72,AJAX OIL CO.,BELL 1,WILDCAT
8880,,3306900039,OG,DRY,8/10/1981,2880,SENE 15-158-73,"SOUTH RANCH OIL COMPANY, INC.",BROSSART 1,WILDCAT
274,,3306900002,OG,DRY,2/28/1953,3361,NWSE 19-158-74,PHILLIPS PETROLEUM COMPANY,OLIVIA SAUDE 1,WILDCAT
1462,,3304900012,OG,DRY,6/25/1957,3346,SWSE 5-158-75,DAVIS OIL CO.,WALTER PRELLWITZ 1,WILDCAT
2572,,3304900043,OG,PNC,1/8/1961,,SWNW 16-158-75,AMERADA PETROLEUM CORP.,JOHN LYMAN 1,WILDCAT
5281,,3304900104,OG,DRY,5/7/1973,4955,SWSW 16-158-75,MCMORAN EXPLORATION CO.,STATE 2,WILDCAT
5391,,3304900107,OG,DRY,2/25/1974,3086,NESW 22-158-75,DON BILLS & ST. CLAIR,W. ERDMAN ET AL 1,WILDCAT
6406,,3304900115,OG,DRY,1/12/1978,3157,SWSE 34-158-75,TUTHILL & BARBEE,DARRELL BLESSUM 1,WILDCAT
1973,,3304900030,OG,DRY,8/23/1958,3348,SESE 13-158-77,AMERADA HESS CORPORATION,JOHN JACKSON 1,WILDCAT
2076,,3304900033,OG,DRY,10/31/1958,3430,NWNW 15-158-77,AMERADA HESS CORPORATION,E. R. KELLER 1,WILDCAT
2765,,3304900052,OG,DRY,10/31/1960,3555,NWNE 19-158-77,"FARMERS UNION CENTRAL EXCHANGE, INC.",OLUF HOLEN 1,WILDCAT
3994,,3304900083,OG,DRY,11/22/1965,3425,SESE 23-158-77,AZTEC OIL & GAS CO.,FREDRIC C. PETERSEN ET UX 1,WILDCAT
2762,,3304900051,OG,DRY,10/22/1960,3552,SESW 33-158-77,"FARMERS UNION CENTRAL EXCHANGE, INC.",M. H. SCHEUERMAN 1,WILDCAT
5283,,3304900105,OG,DRY,6/11/1973,5432,NENE 34-158-77,MCMORAN EXPLORATION CO.,FAIRBROTHER 1,WILDCAT
2546,,3304900041,OG,DRY,12/20/1959,3445,SWSW 36-158-77,AMERADA HESS CORPORATION,N. D. K 1,WILDCAT
1463,,3304900013,OG,DRY,7/12/1957,3900,SENE 12-158-78,DAVIS OIL CO.,PHILLIP H. TORR 1,WILDCAT
2652,,3304900047,OG,DRY,5/11/1960,3465,SWNW 13-158-78,AMERADA HESS CORPORATION,C. E. TORR 1,WILDCAT
1635,,3304900020,OG,DRY,12/4/1957,4139,NWNW 30-158-78,HUNT OIL COMPANY,W. M. HARRINGTON 1,WILDCAT
4000,,3304900084,OG,DRY,12/1/1965,3853,SENE 3-158-79,AZTEC OIL & GAS CO.,BERTHA METTLER 1,WILDCAT
10282,,3304900133,OG,DRY,8/29/1983,4095,SWNW 6-158-79,"AXEM RESOURCES, INC.",AXEM-MATEHS 5-6,WILDCAT
5076,,3304900097,OG,DRY,8/25/1971,4150,NENE 7-158-79,SUPERIOR OIL CO.,KITZMAN 1,WILDCAT
11435,,3304900149,OG,DRY,4/8/1985,5300,NENE 9-158-79,CITATION OIL & GAS CORP.,MAYNARD THOMPSON 41-9,WILDCAT
2867,,3304900054,OG,DRY,3/27/1961,4348,NENE 4-158-80,CARDINAL PETROLEUM CO.,CARL RANDALL 1,PRATT
12448,407517,3304900152,OG,A,7/4/2025,4280,NWSW 5-158-80,MUREX PETROLEUM CORPORATION,NORSBY 4,PRATT
12449,407517,3304900153,OG,A,7/4/2025,4280,SESW 5-158-80,MUREX PETROLEUM CORPORATION,NORSBY 5,PRATT
2708,,3304900050,OG,DRY,8/2/1960,4441,NENW 5-158-80,"CHEVRON USA, INC.",KITZMAN-BANK OF NORTH DAKOTA 1,PRATT
3315,407517,3304900070,OG,PA,8/31/2020,4243,SWSW 5-158-80,MUREX PETROLEUM CORPORATION,NORSBY 1,PRATT
33156,133156,3304900170,OG,A,1/21/2017,9934,NWNE 5-158-80,MUREX PETROLEUM CORPORATION,PRATT MADISON UNIT 3H,PRATT
3396,407517,3304900072,OG,AB,5/17/2025,4211,SWNW 5-158-80,MUREX PETROLEUM CORPORATION,KITZMAN - BANK OF NORTH DAKOTA 2,PRATT
3584,402670,3304900075,WS,A,8/3/2007,4255,NESW 5-158-80,MUREX PETROLEUM CORPORATION,NORSBY 3,PRATT
3696,407517,3304900078,OG,PA,8/27/2020,4230,SWSE 5-158-80,MUREX PETROLEUM CORPORATION,NORSBY 2,PRATT
5419,402670,3304900108,WI,A,2/24/2023,4208,SENW 5-158-80,MUREX PETROLEUM CORPORATION,KITZMAN 2,PRATT
5487,,3304900109,OG,DRY,11/30/1976,4254,SWNE 5-158-80,EARL SCHWARTZ CO.,SAM WENZEL 1,PRATT
12553,112553,3304900155,OG,PA,11/13/2020,4330,SESW 6-158-80,"EAGLE OPERATING, INC.",JR 2-6,PRATT
2670,402670,3304900048,WS,A,10/2/2007,4227,NENE 6-158-80,MUREX PETROLEUM CORPORATION,HERDT-BND WSW,PRATT
2803,,3304900053,OG,DRY,12/18/1960,4333,NENW 6-158-80,"CHEVRON USA, INC.",IDA HERDT ET AL 1,PRATT
29854,402670,3304900168,OG,A,12/20/2014,8041,NESE 6-158-80,MUREX PETROLEUM CORPORATION,PRATT MADISON UNIT 1H,PRATT
29855,129855,3304900169,OG,A,12/26/2014,6925,SENE 6-158-80,MUREX PETROLEUM CORPORATION,PRATT MADISON UNIT 2H,PRATT
3251,,3304900067,OG,PA,5/8/2017,4237,NESE 6-158-80,"SEDALIA ENERGY, LLC",HERDT ESTATE 1,PRATT
12461,112461,3304900154,OG,A,7/28/2023,4350,NENW 7-158-80,"EAGLE OPERATING, INC.",JR 1,PRATT
13254,402670,3304900159,WI,A,2/24/2023,4375,NENE 7-158-80,MUREX PETROLEUM CORPORATION,WATNE 7-1,PRATT
3298,,3304900069,OG,DRY,12/19/1962,4280,NENE 7-158-80,APACHE CORPORATION,FINKE 1,PRATT
7609,,3304900120,OG,DRY,3/21/1980,4340,SESE 7-158-80,DON BILLS & ST. CLAIR,IREY STATE 1,PRATT
10982,,3304900143,OG,DRY,7/27/1984,4286,NESE 8-158-80,"PETROLEUM, INC.",STATE OF NORTH DAKOTA AC 1,PRATT
12645,407517,3304900156,OG,PA,1/9/2025,4313,NENW 8-158-80,MUREX PETROLEUM CORPORATION,NORSBY 6,PRATT
12828,407517,3304900157,OG,PA,8/31/2020,4345,NWNW 8-158-80,MUREX PETROLEUM CORPORATION,NORSBY 7,PRATT
13385,402670,3304900160,WI,A,2/24/2023,4330,NWNE 8-158-80,MUREX PETROLEUM CORPORATION,NORSBY 8,PRATT
3151,,3304900060,OG,DRY,5/16/1962,4311,NESW 8-158-80,BARRON KIDD-GREAT AMERICAN EXPLORATION,HAGEMAN 1,PRATT
3428,,3304900073,OG,DRY,9/18/1963,4275,SWNW 9-158-80,CALVERT EXPLORATION-NORTHWESTERN REFINING,HJALMER JOHNSON 1,PRATT
3214,,3304900065,OG,DRY,7/30/1962,4290,NESW 10-158-80,CARDINAL PETROLEUM CO.,ARTHUR NIEWOEHNER 1,PRATT
7831,,3304900122,OG,DRY,8/11/1980,4300,NWSE 16-158-80,SUNDANCE OIL CO.,HAGEMAN 1-16,PRATT
5232,,3304900101,OG,DRY,12/10/1972,4388,NWSW 20-158-80,"GEORESOURCES, INC.",C. R. HANSEN 1,WILDCAT
1622,,3304900016,OG,DRY,11/10/1957,4598,SWSW 24-158-80,TRITON OIL CO.,SWITZER 1,WILDCAT
3376,,3304900071,OG,DRY,5/18/1963,4545,SWSW 31-158-80,CALVERT EXPLORATION CO.,COLBURN-RUDLAND 1,WILDCAT
1174,,3301900009,OG,DRY,2/3/1958,2190,SWSW 21-159-57,POWERS LAKE & G. A. VINCENT,WILD 1-A,WILDCAT
549,,3301900008,OG,DRY,2/5/1954,1410,SWSW 16-159-59,UNION OIL COMPANY OF CALIFORNIA,HEARD 1,WILDCAT
2608,,3301900013,OG,DRY,3/12/1960,1709,SESE 21-159-62,AMERADA HESS CORPORATION,RUBY PARKER 1,WILDCAT
467,,3301900005,OG,DRY,12/14/1953,1463,NWSW 3-159-63,LOS NIETOS OIL CO.,JOHN BERGE 1,WILDCAT
519,,3301900007,OG,DRY,1/4/1954,1404,SWNW 24-159-63,LOS NIETOS OIL CO.,P. HARDER STRATIGRAPHIC TEST 1,WILDCAT
27,,3301900001,OG,DRY,7/7/1951,3409,NWNW 28-159-63,UNION OIL COMPANY OF CALIFORNIA,CHRIS SKJERVHEIM 1,WILDCAT
468,,3301900006,OG,DRY,12/3/1953,1297,NWNE 31-159-63,LOS NIETOS OIL CO.,THEODORE STINKOWAY 1,WILDCAT
4873,,3309500013,OG,DRY,3/6/1970,279,NWSW 23-159-68,"DYNA RAY OIL & GAS COMPANY, INC.",LESTER KELLER 1,WILDCAT
702,,3307900013,OG,DRY,9/11/1954,3040,SESW 10-159-71,SHELL OIL CO.,ELLA M. AMBLE 1,WILDCAT
4173,,3307900027,OG,DRY,10/28/1966,2707,SWNE 12-159-71,WOLF EXPLORATION CO.,CARL SKJEPSTAD 1,WILDCAT
14745,,3307900053,OG,DRY,9/29/1997,3150,NWSW 32-159-71,ZINN PETROLEUM CO.,ZINN HAVIG 13-32,WILDCAT
4360,,3307900029,OG,DRY,12/14/1967,2933,NENW 1-159-72,PUBCO PETROLEUM CORP.,ANKLAM 1-3,WILDCAT
13586,,3307900051,OG,DRY,10/1/1993,5313,NENE 11-159-72,"EAGLE OPERATING, INC.",ZINN-LAW 41-11,WILDCAT
2632,,3307900023,OG,DRY,4/20/1960,2786,SENE 17-159-73,AMERADA HESS CORPORATION,HANSEN ESTATE 1,WILDCAT
5503,,3300901141,OG,DRY,10/10/1974,2940,NWNW 18-159-74,SUPERIOR OIL CO.,FEUERHELM 1,WILDCAT
5627,,3300901156,OG,DRY,6/23/1975,3160,NENE 31-159-75,DON BILLS & ST. CLAIR & HAWN BROTHERS,HAROLD PRELLWITZ 1,WILDCAT
5549,,3300901148,OG,DRY,12/23/1974,3082,NWNE 33-159-75,DON BILLS & ST. CLAIR,FAY MYERS ET AL 1,WILDCAT
1626,,3304900017,OG,DRY,11/14/1957,3327,NWNW 2-159-76,PLACID OIL CO.,CHARLES ERDMAN 1,WILDCAT
1460,,3304900011,OG,DRY,6/14/1957,3346,NENE 15-159-76,DAVIS OIL CO.,WILBERT F. KLEBE 1,WILDCAT
1652,,3304900022,OG,DRY,12/24/1957,3574,NENW 12-159-77,HUNT OIL COMPANY,WALLACE KLEBE 1,WILDCAT
1963,,3304900029,OG,DRY,8/11/1958,3677,NESE 7-159-78,JOHNSON OIL,ASMUNDER BENSON 1,WILDCAT
6353,,3304900114,OG,DRY,12/23/1977,3504,SWSW 15-159-78,TUTHILL & BARBEE,ADA SMETTE 1,WILDCAT
2159,,3304900034,OG,DRY,1/22/1959,3490,NESE 20-159-78,AMERADA HESS CORPORATION,HENRY SCHEPP 1,WILDCAT
3620,,3304900076,OG,DRY,7/4/1964,3680,SWSE 2-159-79,PLAZA OIL & GAS LTD.,OLE A. AND BERTHA MICKELSON 1,WILDCAT
1538,,3304900015,OG,DRY,10/3/1957,4055,NWNW 3-159-79,CARDINAL DRILLING CO.,ARTHUR KRENZ 1,WILDCAT
10284,,3304900135,OG,DRY,8/10/1983,3910,NWNE 6-159-79,"AXEM RESOURCES, INC.",AXEM-LILLEGARD 2-6,WILDCAT
1919,,3304900027,OG,DRY,7/8/1958,3516,SENE 11-159-79,CARDINAL DRILLING CO.,ALBERT ROALKVAM 1,WILDCAT
10109,,3304900130,OG,DRY,4/8/1983,4013,NWNW 15-159-79,J. M. HUBER CORP.,UPHAM 15-1,WILDCAT
11922,,3304900151,OG,DRY,1/27/1986,7200,SENW 15-159-79,CITATION OIL & GAS CORP.,METTLER 1-15,WILDCAT
4436,,3304900089,OG,DRY,6/25/1968,3825,SWSW 15-159-79,I. J. WILHITE,WESTFORD-GLINZ 1,WILDCAT
1651,,3304900021,OG,DRY,12/20/1957,4137,SESE 17-159-79,HUNT OIL COMPANY,BRUNO ROSENAU 1,WILDCAT
1947,,3304900028,OG,DRY,7/27/1958,3630,NESE 22-159-79,CARDINAL DRILLING CO.,,
99104,,3306799104,ST,DRY,9/5/1969,1942,SWNE 8-160-54,"HESS BAKKEN INVESTMENTS II, LLC",H. A. SELLHEIM 1,WILDCAT
2342,,3301900011,OG,DRY,7/13/1959,2325,NWSW 3-160-57,FRED TRAUGOTT,GRIMSI GOODMAN ESTATE 1,WILDCAT
31,,3301900002,OG,DRY,8/8/1951,2765,NWSW 32-160-60,UNION OIL COMPANY OF CALIFORNIA,LILLIAM WOHLETZ 1,WILDCAT
4881,,3301900020,OG,PNC,1/15/1971,,NESW 26-160-64,"DYNA RAY OIL & GAS COMPANY, INC.",LEONA JANOWSKI 1,WILDCAT
4876,,3309500016,OG,PNC,1/14/1971,,NWSW 24-160-65,"DYNA RAY OIL & GAS COMPANY, INC.",HENRY TIMM 1,WILDCAT
4875,,3309500015,OG,PNC,1/14/1971,,SESE 35-160-66,"DYNA RAY OIL & GAS COMPANY, INC.",RONALD BARKS 1,WILDCAT
390,,3309500005,OG,DRY,9/12/1953,4100,SWSE 24-160-67,MIDWEST EXPLORATION CORP.,H. AMANN 1,WILDCAT
4874,,3309500014,OG,PNC,1/14/1971,,NWSW 18-160-68,"DYNA RAY OIL & GAS COMPANY, INC.",W. A. SCHMIDT 1,WILDCAT
316,,3307900002,OG,DRY,6/9/1953,4942,NWSW 23-160-70,EVANS PRODUCTION CORP.,ANDY LEROY JOHNSON 1,WILDCAT
4174,,3307900028,OG,DRY,11/1/1966,2920,SESW 3-160-72,WOLF EXPLORATION CO.,PAUL MALO 1,WILDCAT
8353,,3307900040,OG,DRY,3/10/1981,2824,SWSW 12-160-72,HUNT ENERGY CORP.,BLANCHE T. BUTTERS 1,WILDCAT
917,,3307900016,OG,DRY,7/22/1955,3155,NESE 22-160-72,LION OIL COMPANY,PETER P. NELSON ET UX 1,WILDCAT
582,,3307900008,OG,DRY,5/20/1954,3098,SENE 8-160-73,CARDINAL DRILLING CO.,AXEL SWANSON 1,WILDCAT
11397,,3307900049,OG,DRY,6/7/1985,4452,NESE 17-160-73,AMOCO PRODUCTION CO.,DANIEL ANDERSON 1,WILDCAT
12064,,3307900050,OG,DRY,12/10/1986,2800,SENW 23-160-73,"CHAPMAN EXPLORATION, INC.",SEVERSON 1,WILDCAT
4863,,3300901046,OG,DRY,1/27/1970,3136,SWSW 6-160-75,CHAMPLIN PETROLEUM CO.,CAMPBELL 1,WILDCAT
4645,,3300901005,OG,DRY,3/12/1969,3132,SWSW 9-160-75,I. J. WILHITE-GLEN BURTON,JOHN FRASER 1,WILDCAT
1577,,3300900198,OG,DRY,9/29/1957,3075,SWNW 23-160-75,H. L. HUNT,VERNON ALBRIGHT 1,WILDCAT
1053,,3300900108,OG,DRY,12/25/1955,3027,SWNE 28-160-75,MONSANTO CHEMICAL CO.,GILBERT HAGEN 1,WILDCAT
12700,,3300901864,OG,DRY,8/11/1989,3200,SESE 3-160-76,PATRICK PETROLEUM CO.,KNOEPFLE 1-3,WILDCAT
12468,,3300901838,OG,DRY,6/28/1988,3210,SESW 14-160-76,BALCRON OIL CO.,HAHN 24-14,WILDCAT
4864,,3300901047,OG,DRY,1/20/1970,3298,SESE 15-160-76,CHAMPLIN PETROLEUM CO.,DAVIDSON 1,WILDCAT
4644,,3300901004,OG,DRY,2/24/1969,3230,NWNW 24-160-76,I. J. WILHITE-GLEN BURTON,ROY HENES 1,WILDCAT
1481,,3300900179,OG,DRY,8/4/1957,3400,SESE 1-160-77,DAVIS OIL CO.,A. S. VIKAN 1,WILDCAT
3057,,3300900660,OG,DRY,11/27/1961,3281,SWNW 6-160-77,CARDINAL PETROLEUM CO.,LYLE GLINZ 1,WILDCAT
362,,3300900026,OG,DRY,8/10/1953,3891,NENW 29-160-77,NORTHWEST OIL DRILLING CO.,HENRY SCHMIDT 1,WILDCAT
12540,,3300901847,OG,DRY,10/20/1988,3400,NWNW 1-160-78,HOME PETROLEUM CORP.,GLINZ FEE 11-1,WILDCAT
14333,,3300901989,OG,DRY,7/20/1996,3348,SWSE 2-160-78,EOG (NEW MEXICO) INC.,BOEHNKE 1-2,WILDCAT
13565,407801,3300901946,OG,PA,9/2/2020,3390,SESE 4-160-78,"31 OPERATING, LLC",NERMOE 1-4,SOUTHWEST STARBUCK
13723,,3300901964,OG,DRY,11/8/1994,3355,SENE 4-160-78,EOG (NEW MEXICO) INC.,BRANDT 1-4,SOUTH STARBUCK
2347,,3300900463,OG,DRY,6/5/1959,3310,NESW 4-160-78,CARDINAL & GREAT PLAINS & KAUFMAN,O. T. STROM 1,SOUTH STARBUCK
7676,,3300901385,OG,DRY,4/29/1980,3273,SWNW 4-160-78,WILLIS L. WALKER,BERTSCH KAEDING 1,SOUTH STARBUCK
10322,407788,3300901614,OG,PA,7/20/2021,3350,SWSW 5-160-78,"31 OPERATING, LLC",LERVIK 1,SOUTHWEST STARBUCK
10794,404141,3300901652,OG,PA,8/1/2021,3320,SWSE 5-160-78,"31 OPERATING, LLC",GOODMAN-ROMSOS 1,SOUTHWEST STARBUCK
11149,,3300901695,OG,DRY,9/19/1984,3323,SWNW 5-160-78,"TURTLE MOUNTAIN GAS & OIL, INC.",ROMSOS 1-5,SOUTHWEST STARBUCK
11195,407788,3300901699,OG,PA,8/14/2023,3340,SESW 5-160-78,"31 OPERATING, LLC",LERVIK 2-5,SOUTHWEST STARBUCK
11758,,3300901761,OG,DRY,10/23/1985,3320,NWSW 5-160-78,"TURTLE MOUNTAIN GAS & OIL, INC.",LERVIK 3-5,SOUTHWEST STARBUCK
15212,404273,3300902058,OG,A,12/2/2025,3383,NENE 5-160-78,EMPIRE NORTH DAKOTA LLC,SSMU E-103X,SOUTH STARBUCK
2654,102654,3300900531,OG,PA,6/9/1997,3272,NENE 5-160-78,BERTSCH BROTHERS,ANDREW BERTSCH 1,SOUTH STARBUCK
5670,404273,3300901167,WS,A,11/23/1999,3350,NENW 5-160-78,EMPIRE NORTH DAKOTA LLC,SSMU C-103S,SOUTH STARBUCK
8286,,3300901444,OG,DRY,2/4/1982,3292,NESE 5-160-78,EARL SCHWARTZ CO.,ROMSOS 1,SOUTH STARBUCK
8308,407788,3300901448,OG,PA,7/20/2021,3500,NESE 6-160-78,"31 OPERATING, LLC",ROPER 1,SOUTHWEST STARBUCK
1828,,3300900260,OG,DRY,4/28/1958,3414,NENW 7-160-78,CARDINAL DRILLING CO.,JUSTIN AND ALVIN EVENSON 1,SOUTHWEST STARBUCK
10845,404141,3300901655,OG,PA,8/25/2023,3333,NENW 8-160-78,"31 OPERATING, LLC",CHRISTENSON 1,SOUTHWEST STARBUCK
11347,,3300901717,OG,DRY,5/23/1985,3330,NWNE 8-160-78,"TURTLE MOUNTAIN GAS & OIL, INC.",GOODMAN 1-8,SOUTH STARBUCK
4453,,3300900990,OG,PA,3/26/2008,3285,NENE 8-160-78,"31 OPERATING, LLC",KAEDING 1,SOUTHWEST STARBUCK
11779,407801,3300901765,OG,PA,8/31/2020,3280,SENW 9-160-78,"31 OPERATING, LLC",BRANDT GOODMAN 1-9,SOUTHWEST STARBUCK
11988,407801,3300901781,WI,PA,9/2/2020,3299,NENW 9-160-78,"31 OPERATING, LLC",BRANDT/NERMOE 2-9,SOUTHWEST STARBUCK
12154,407801,3300901794,OG,PA,8/23/2023,3300,NWNW 9-160-78,"31 OPERATING, LLC",GOODMAN 3-9,SOUTHWEST STARBUCK
14510,407801,3300902001,OG,PA,8/18/2023,3310,NWNE 9-160-78,"31 OPERATING, LLC",SOLBERG 2-9,SOUTHWEST STARBUCK
3860,,3300900881,OG,DRY,6/29/1967,3350,NWSE 9-160-78,FUNDAMENTAL OIL CORP.,MONA DOMAN 1,SOUTH STARBUCK
4141,404141,3300900946,OG,PA,9/2/2020,3296,SWNE 9-160-78,"31 OPERATING, LLC",M. SOLBERG 1,SOUTHWEST STARBUCK
4370,,3300900982,OG,PA,11/1/1983,3304,NENW 9-160-78,"GEORESOURCES, INC.",EVENSON 2-9,SOUTHWEST STARBUCK
8361,,3300901457,OG,DRY,11/22/1982,3300,NENW 9-160-78,EARL SCHWARTZ CO.,NERMOE 1,SOUTH STARBUCK
9720,,3300901567,OG,DRY,9/15/1982,3300,SESE 9-160-78,TRI-W CORP.,BRANDT 1,SOUTH STARBUCK
9879,,3300901579,OG,DRY,11/8/1982,3325,SWSW 9-160-78,TRI-W CORP.,BRANDT 2,SOUTH STARBUCK
3119,,3300900680,OG,DRY,3/17/1962,3439,SESE 10-160-78,SUPERIOR OIL CO.,F. BRANDT 1,WILDCAT
8066,,3300901426,OG,DRY,12/19/1980,3300,NWSW 10-160-78,"K & E PETROLEUM, INC.",LAUDENSCHLAGER 1,SOUTH STARBUCK
14730,,3300902018,OG,DRY,10/8/1997,3282,NWSW 14-160-78,"ARMSTRONG OPERATING, INC.",BRANDT DOUGLAS 14-1,WILDCAT
11075,,3300901689,OG,DRY,9/23/1984,3315,SESW 15-160-78,MCOIL CO.,FINKE 1,WILDCAT
13563,,3300901945,OG,DRY,9/11/1993,3341,SWNE 15-160-78,EOG (NEW MEXICO) INC.,FINKE 1-15,WILDCAT
5694,,3300901170,OG,DRY,9/13/1975,3350,NESE 16-160-78,"SHAKESPEARE OIL COMPANY, INC.",ROLLIN STAIR ET AL 1,WILDCAT
2054,,3300900357,OG,DRY,10/22/1958,3398,NENE 17-160-78,CARDINAL DRILLING CO.,DAYTON BRANDT 1,WILDCAT
2639,,3300900528,OG,DRY,5/6/1960,3375,NWNW 21-160-78,APACHE OIL CORP.,MOUM 1,WILDCAT
11810,,3300901767,OG,DRY,12/13/1985,3360,SWNW 25-160-78,UNION TEXAS PETROLEUM CORP.,BRANDT-FLB 25-1,WILDCAT
1759,,3300900244,OG,DRY,3/4/1958,3500,NWNE 28-160-78,"GREAT AMERICAN EXPLORATION, INC.",JOHN BRANDT - BND 1,WILDCAT
2914,,3300900612,OG,PNC,5/17/1962,,SWNW 30-160-78,"FARMERS UNION CENTRAL EXCHANGE, INC.",BJARNE SKAR 1,WILDCAT
5659,,3300901163,OG,DRY,7/4/1975,3465,SESE 36-160-78,KISSINGER PETROLEUM CORP.,BRANDT 16-36,WILDCAT
2224,,3300900421,OG,PA,12/2/1960,3480,NENW 1-160-79,MCALESTER FUEL CO.,CHRISTENSON A-1,STARBUCK
41572,,3300902503,,Confidential,,,LOT2 1-160-79,EMPIRE NORTH DAKOTA LLC,UTAH RAPTOR 1 1H,STARBUCK
41576,,3300902504,,Confidential,,,LOT2 1-160-79,EMPIRE NORTH DAKOTA LLC,HORNBILL 1 1H,STARBUCK
41583,,3300902505,,Confidential,,,LOT2 1-160-79,EMPIRE NORTH DAKOTA LLC,DAKOTA RAPTOR 1 1H,STARBUCK
4235,,3300900971,OG,DRY,8/17/1967,3385,SWNE 1-160-79,I. J. WILHITE,CHRISTENSON-LERVIK 2,SOUTHWEST STARBUCK
5787,407347,3300901179,OG,A,10/3/2024,3378,NENW 1-160-79,EMPIRE NORTH DAKOTA LLC,CHRISTENSON 1-X,STARBUCK
8508,,3300901471,OG,PA,11/19/1982,3390,NENW 1-160-79,EARL SCHWARTZ CO.,CHRISTENSON-LERVIK 1-X,STARBUCK
17616,,3300902144,OG,PNC,3/26/2014,,SWNW 2-160-79,"HRC OPERATING, LLC",SMU 5-2 I,STARBUCK
17672,,3300902150,WI,A,11/18/2025,3529,NWNW 2-160-79,EMPIRE NORTH DAKOTA LLC,SMU 4-2 I,STARBUCK
17878,,3300902161,WI,PA,7/27/2016,3550,SESW 2-160-79,EMPIRE NORTH DAKOTA LLC,EF ISSENDORF 11-2,STARBUCK
2128,,3300900389,OG,DRY,1/6/1959,3522,SWNW 2-160-79,CARDINAL & GREAT AMERICAN EXPLORATION,SIVERT ROSTVEDT 1,WILDCAT
4138,,3300900944,OG,DRY,12/4/2008,3497,SESW 2-160-79,EMPIRE NORTH DAKOTA LLC,EF ISSENDORF 14-2,STARBUCK
4384,,3300900986,OG,DRY,1/29/1968,3385,NWSE 2-160-79,I. J. WILHITE,FEDERAL-GADWALL 1,SOUTHWEST STARBUCK
4316,,3300900975,OG,DRY,8/31/1967,3470,W2SW 3-160-79,GEOCHEMICAL SURVEYS,CARL KERSTEN 3,RUSSELL
1910,,3300900290,OG,DRY,7/12/1958,4035,SENE 4-160-79,AMERADA HESS CORPORATION,O. KERSTEN TRACT 1 1,WILDCAT
3458,,3300900772,OG,DRY,12/14/1963,3470,SESW 4-160-79,TENNECO OIL CO.,ROGER A. KERSTEN ESTATE 1,RUSSELL
3512,203433,3300900788,OG,PA,6/3/2021,3495,SESE 4-160-79,FOX OPERATING COMPANY,ROGER KERSTEN ESTATE 1,RUSSELL
5671,,3300901168,OG,DRY,7/29/1975,3512,SENW 4-160-79,ODESSA NATURAL CORP.,416079 FEE 1,RUSSELL
10454,,3300901631,OG,DRY,1/27/1984,3468,SESE 5-160-79,"DORCHESTER EXPLORATION, INC.",STROM 44-5,RUSSELL
2118,,3300900383,OG,DRY,12/12/1958,3609,SWSW 5-160-79,"DEKALB AGRICULTURAL ASSOCIATION, INC.",ALBERT THORENSEN 1,WILDCAT
5385,,3300901126,OG,DRY,1/29/1974,3530,NWNW 6-160-79,DON BILLS & ST. CLAIR,B. BERENTSON 1,RUSSELL
10453,,3300901630,OG,DRY,11/26/1983,3533,SENW 7-160-79,"DORCHESTER EXPLORATION, INC.",THORENSON 22-7,RUSSELL
10456,,3300901633,OG,DRY,12/2/1983,3525,SESE 8-160-79,"DORCHESTER EXPLORATION, INC.",TVEDT 44-8,RUSSELL
2481,,3300900496,OG,DRY,11/9/1959,3726,SENW 8-160-79,IVAN GOHEEN,ALBERT THORENSEN 1,WILDCAT
7964,107964,3300901412,OG,A,8/15/2019,3565,NENE 8-160-79,"EAGLE OPERATING, INC.",DALE THORENSON 1,RUSSELL
18019,205790,3300902166,OG,A,7/2/2009,3550,NENW 9-160-79,"EAGLE OPERATING, INC.",TVEDT 3,RUSSELL
3433,203433,3300900767,OG,A,6/18/2025,3701,NWNE 9-160-79,FOX OPERATING COMPANY,CARL KERSTEN 1,RUSSELL
3461,,3300900774,OG,DRY,11/20/1963,3670,SENE 9-160-79,"VAUGHN PETROLEUM, INC.",CARL KERSTEN 2,RUSSELL
3513,,3300900789,OG,DRY,2/18/1964,3470,SENW 9-160-79,"VAUGHN PETROLEUM, INC.",R. G. TVEDT 1,RUSSELL
3846,,3300900875,OG,DRY,4/7/1965,3442,NWSE 9-160-79,GEOCHEMICAL SURVEYS,LOKKEN 1,RUSSELL
4417,,3300900988,OG,DRY,4/26/1968,3402,N2SE 9-160-79,I. J. WILHITE,ARCHIE O. LOKKEN 1,RUSSELL
5790,,3300901180,OG,PA,11/3/2008,3450,NENW 9-160-79,"EAGLE OPERATING, INC.",TVEDT 1,RUSSELL
6133,205790,3300901231,OG,A,4/15/2019,3490,NWNW 9-160-79,"EAGLE OPERATING, INC.",TVEDT 2,RUSSELL
90019,,3300990019,SWD,A,9/15/1980,2419,NENW 9-160-79,"EAGLE OPERATING, INC.",ROBERT TVEDT SWD 1,RUSSELL
3460,,3300900773,OG,DRY,7/6/1981,3451,NWNW 10-160-79,GEOCHEMICAL SURVEYS,C. AND B. KERSTEN 1,RUSSELL
35069,135069,3300902460,OG,A,12/15/2019,4724,SESE 10-160-79,RESONANCE EXPLORATION (NORTH DAKOTA) LLC,RESONANCE ISSENDORF 16-10H,RUSSELL
3574,,3300900803,OG,DRY,5/26/1964,3414,NWNE 10-160-79,"VAUGHN PETROLEUM, INC.",V. ISSENDORF 1,RUSSELL
4107,,3300900938,OG,DRY,7/12/1966,3406,SESW 10-160-79,"I. J. WILHITE & SUNBEHM GAS, INC.",E. F. ISSENDORF 1,RUSSELL
17731,,3300902152,WI,PA,12/15/2023,3513,SENW 11-160-79,EMPIRE NORTH DAKOTA LLC,C ISSENDORF 6-11,SOUTHWEST STARBUCK
2913,,3300900611,OG,PA,2/6/1987,3612,NENE 11-160-79,"GOFOR OIL, INC.",THORENSON-HUNSKOR 1,SOUTHWEST STARBUCK
4169,,3300900952,OG,PA,7/27/2016,3423,SWNE 11-160-79,EMPIRE NORTH DAKOTA LLC,THORENSON-HUNSKOR 2,SOUTHWEST STARBUCK
7316,,3300901368,OG,DRY,11/2/1979,3600,NESE 11-160-79,ABRAXAS PETROLEUM CORP.,TENNECO 1,SOUTHWEST STARBUCK
7940,,3300901411,OG,PA,10/15/1983,3460,NWSE 11-160-79,ABRAXAS PETROLEUM CORP.,TENNECO 2,SOUTHWEST STARBUCK
8843,,3300901519,OG,DRY,8/24/1981,3470,NESW 11-160-79,ABRAXAS PETROLEUM CORP.,EUGENE GESSNER 1,SOUTHWEST STARBUCK
90128,,3300990128,WS,A,1/22/2009,2506,NWNW 11-160-79,EMPIRE NORTH DAKOTA LLC,C ISSENDORF 4-11,SOUTHWEST STARBUCK
1957,,3300900314,OG,DRY,8/4/1958,3549,SWNW 14-160-79,CARDINAL DRILLING CO.,EMMA EHLKE 1,WILDCAT
11232,,3300901700,OG,DRY,11/9/1984,3465,SENW 15-160-79,"PETROLEUM, INC.",BOLL 1,RUSSELL
13721,,3300901963,OG,DRY,11/17/1994,3482,SWSW 15-160-79,WILLIS L. WALKER,EHLKE 13-15,RUSSELL
13621,,3300901952,OG,PA,5/17/2010,3484,SESE 16-160-79,EMPIRE NORTH DAKOTA LLC,STATE 16-16,RUSSELL
4915,,3300901052,OG,DRY,6/8/1970,3507,SESW 16-160-79,CARDINAL PETROLEUM CO.,"JOHN ZURCHER, JR. 1",RUSSELL
10455,,3300901632,OG,PA,1/24/1987,3515,NWSE 17-160-79,"DORCHESTER EXPLORATION, INC.",BOLL 33-17,RUSSELL
11652,,3300901752,OG,DRY,8/12/1985,3501,SENE 17-160-79,MCRAE-FLEMING ENTERPRISES,TVEDT 1,RUSSELL
6321,,3300901258,OG,PA,2/12/1987,3540,SENW 17-160-79,EARL SCHWARTZ CO.,LANGSETH 1,RUSSELL
3791,,3300900863,OG,DRY,1/13/1965,3593,SENE 18-160-79,SWENSON & HECTOR,GEORGE THORENSON 1,RUSSELL
3602,,3300900811,OG,DRY,7/1/1964,3578,SESE 19-160-79,"SCHULTZ & LINDSAY EQUIPMENT, INC.","CHRIST ZURCHER, JR. 1",RUSSELL
3688,,3300900828,OG,DRY,9/13/1964,3591,SESW 20-160-79,"SCHULTZ & LINDSAY EQUIPMENT, INC.","CHRIST ZURCHER, JR. 2",RUSSELL
13575,113575,3300901948,OG,PA,4/19/2024,3480,NENE 21-160-79,EMPIRE NORTH DAKOTA LLC,ISSENDORF 1-21,RUSSELL
3768,,3300900852,OG,DRY,12/25/1964,3500,NESW 21-160-79,GEOCHEMICAL SURVEYS,CLARENCE KITZMAN 1,RUSSELL
7430,,3300901375,OG,DRY,1/23/1980,3562,SWSE 21-160-79,DIXON DRILLING CO. & SCHROEDER,HALL 1,WILDCAT
3519,,3300900790,OG,DRY,3/11/1964,3753,NWNW 22-160-79,"VAUGHN PETROLEUM, INC.",VICTOR BOLL 1,RUSSELL
2912,,3300900610,OG,DRY,6/24/1961,3481,NENE 24-160-79,"FARMERS UNION CENTRAL EXCHANGE, INC.",JESSE L. NERMOE 1,WILDCAT
3830,,3300900872,OG,DRY,3/31/1965,3752,SESW 26-160-79,GEOCHEMICAL SURVEYS,GLINZ 1,WILDCAT
13252,,3300901917,OG,DRY,11/25/1991,3784,NWSW 27-160-79,"NERDLIHC COMPANY, INC.",GLINZ 1-27,WILDCAT
13277,,3300901922,OG,DRY,12/5/1991,3491,NWNW 28-160-79,WILLIS L. WALKER,KRENZ 1,WILDCAT
4836,,3300901042,OG,DRY,1/17/1970,3526,SWNE 28-160-79,I. J. WILHITE,ARNOLD A. LUCHT 1,WILDCAT
5296,,3300901105,OG,DRY,5/28/1973,3500,SESE 29-160-79,DON BILLS & ST. CLAIR,VARMESTRAND 1,WILDCAT
10351,,3300901617,OG,DRY,9/27/1983,3800,SENE 34-160-79,"MATTHEWS, PIETTE & BEDDOW",HETLAND 1,WILDCAT
10781,,3300901651,OG,DRY,4/29/1984,4150,NENW 3-160-80,SUN EXPLORATION & PRODUCTION CO.,O.M. SVEEN 1,WILDCAT
962,,3300900095,OG,DRY,9/12/1955,4318,SWNE 5-160-80,AMERADA HESS CORPORATION,L. W. LUDDINGTON 1,WILDCAT
10924,,3300901667,OG,DRY,9/13/1984,4200,NWSW 17-160-80,"BROOKS EXPLORATION, INC.",N. J. WEDAR 1,WILDCAT
13172,,3300901908,OG,DRY,7/3/1991,4124,SESE 18-160-80,CENEX,CENEX WEDAR 16-18,WILDCAT
2596,,3300900524,OG,DRY,4/4/1960,6248,SENW 19-160-80,PHILLIPS PETROLEUM COMPANY,GLENN BRANDT 1,WILDCAT
1183,,3300900123,OG,DRY,7/11/1956,4274,NESE 23-160-80,WINONA OIL COMPANY OF DELAWARE,CLARENCE ANDERSON 1,WILDCAT
27704,,3300902363,OG,DRY,5/15/2014,4300,NWSW 2-160-81,"BALLARD PETROLEUM HOLDINGS, LLC",DROVDAL 13-2,WILDCAT
4192,,3300900961,OG,DRY,12/22/1966,6675,NESW 5-160-81,CONTINENTAL OIL CO.,THOMPSON ET AL 1,MAXBASS
12166,,3300901795,OG,DRY,8/3/1987,4252,NWSW 6-160-81,TATUM PETROLEUM CORP.,STEPHEN HOFFELT 1,WILDCAT
4362,,3300900980,OG,DRY,1/23/1968,6310,SENW 11-160-81,"CHEVRON USA, INC.",JACK R. ROGERS 1,WILDCAT
2975,,3300900625,OG,DRY,8/9/1961,4358,SENE 17-160-81,CARDINAL PETROLEUM CO.,ELSIE HENDERSON 1,WILDCAT
12586,,3300901854,OG,DRY,1/28/1989,4350,NWNW 19-160-81,"WACKER OIL, INC.",SPEARS 11-19 1,WILDCAT
27703,,3300902362,OG,DRY,2/21/2015,4450,NWSE 23-160-81,"BALLARD PETROLEUM HOLDINGS, LLC",MIDDAUGH 33-23,WILDCAT
3404,,3300900761,OG,DRY,7/29/1963,4304,NWNE 27-160-81,TEXOTA OIL CO.,BELL 1,WILDCAT
3484,,3300900784,OG,DRY,12/20/1963,4463,SENW 30-160-81,"VAUGHN PETROLEUM, INC.",D. R. HOSKIN 1,WILDCAT
38,,3300900002,OG,DRY,2/6/1952,8262,SWSE 31-160-81,"CHEVRON USA, INC.",BLANCHE THOMPSON 1,WILDCAT
10360,,3300901620,OG,DRY,10/9/1983,6625,SWSE 32-160-81,HRUBETZ OIL CO.,ZURCHER 1,WILDCAT
5071,,3300901070,OG,DRY,7/29/1971,7110,NWSW 34-160-81,ESTATE OF WM. G. HELIS,E. VAN HORN ET AL 1,WILDCAT
5100,,3300901072,OG,DRY,9/8/1971,4250,NENW 1-160-82,NORRIS OIL CO.,MCALEER 1,WILEY
12121,,3300901792,OG,DRY,5/29/1987,4320,SWNE 2-160-82,EP OPERATING CO.,STREICH 1-2,WILDCAT
5147,,3300901078,OG,DRY,10/15/1997,6532,SESW 2-160-82,"SENTINEL OPERATING, INC.",STREICH 1R,WILDCAT
12278,,3300901801,OG,DRY,12/29/1987,4350,SWSW 3-160-82,UNION TEXAS PETROLEUM CORP.,HELGESON 3-1,WILDCAT
4084,,3300900932,OG,PA,12/10/1968,4300,NWNW 5-160-82,LA HABANA CORP.,RUTH KULAAS WILSON 1,WILDCAT
4431,,3300900989,OG,DRY,6/15/1968,4352,NENE 5-160-82,"JOHN B. HAWLEY, JR. TRUST #1",GEORGE HANSON 1,WILEY
8895,,3300901518,OG,DRY,7/30/1981,4387,NWSE 5-160-82,FLARE ENERGY CORP.,BETTY HANSON 1,WILDCAT
10883,210883,3300901657,OG,PA,7/8/2021,4428,NENW 6-160-82,"31 OPERATING, LLC",GEORGE ADAMS 21-6,MOUNTROSE
10890,210883,3300901658,OG,PA,6/23/2023,4450,NESW 6-160-82,"31 OPERATING, LLC",GEORGE ADAMS 23-6,MOUNTROSE
10905,210883,3300901661,OG,PA,7/11/2021,4450,SENW 6-160-82,"31 OPERATING, LLC",GEORGE ADAMS 22-6,MOUNTROSE
10919,210883,3300901665,OG,PA,6/21/2023,4450,NWSW 6-160-82,"31 OPERATING, LLC",GEORGE ADAMS ET AL 13-6,MOUNTROSE
10933,,3300901669,OG,PNC,9/27/1985,,SWNE 6-160-82,M & J OIL CO.,DALE G. LEATHERS 32-6,MOUNTROSE
10934,,3300901670,OG,PNC,7/2/1986,,SWNW 6-160-82,AOP OPERATING CO.,GEORGE ADAMS 12-6,MOUNTROSE
10954,,3300901674,SWD,PA,6/27/2023,4435,NWNE 6-160-82,"31 OPERATING, LLC",DALE G. LEATHERS 31-6,MOUNTROSE
10962,,3300901676,OG,PNC,1/25/1985,,SESW 6-160-82,M & J OIL CO.,ADAMS 24-6,MOUNTROSE
10963,,3300901677,OG,PNC,1/25/1985,,SWSW 6-160-82,M & J OIL CO.,ADAMS 14-6,MOUNTROSE
10964,,3300901678,OG,PNC,1/25/1985,,NENE 6-160-82,M & J OIL CO.,LEATHERS 41-6,MOUNTROSE
11013,,3300901682,OG,PNC,1/25/1985,,NWNW 6-160-82,M & J OIL CO.,GEORGE ADAMS 11-6,MOUNTROSE
4191,,3300900960,OG,DRY,11/29/1966,4343,SENE 6-160-82,LA HABANA CORP.,HYATT LEATHERS 1,MOUNTROSE
10631,,3300901641,OG,DRY,2/14/1984,4420,SENE 7-160-82,CABOT PETROLEUM CORP.,SIDENER TRUST 8-7,WILDCAT
11369,,3300901718,OG,DRY,1/30/1985,4400,SESE 8-160-82,"SOUTHPORT EXPLORATION, INC.",BENGSTON 1-8,WILDCAT
3129,,3300900683,OG,DRY,5/14/1962,4324,NENW 8-160-82,SIMCOX OIL CO.,ARVID HAUGAN 1,WILDCAT
1916,,3300900293,OG,DRY,7/16/1958,4500,SWSE 9-160-82,CARDINAL DRILLING CO.,MARIE TYLER SHIGLEY 1,WILDCAT
10916,,3300901664,OG,DRY,7/9/1984,4175,NWNE 12-160-82,ENSTAR CORP.,SMEDLEY 2-12,WILDCAT
12006,,3300901784,OG,DRY,11/11/1986,5400,NWNE 12-160-82,UNION TEXAS PETROLEUM CORP.,SVEE 1-12,WILDCAT
24659,,3300902298,OG,DRY,2/25/2013,5411,NWNE 12-160-82,PETRO-SENTINEL LLC,HARVEY SVEE 2-12,WILDCAT
3292,,3300900728,OG,DRY,12/21/1962,4300,SESE 12-160-82,TEXOTA OIL CO.,HENDERSON 1,WILDCAT
12074,,3300901788,OG,PNC,12/31/1987,,SENW 16-160-82,ORION ENERGY CORP.,MCLEAN 1,WILDCAT
12308,,3300901807,OG,DRY,1/5/1988,4550,SWNW 16-160-82,ORYX ENERGY CO.,MCCLEAN 1,WILDCAT
1728,,3300900239,OG,DRY,3/2/1958,4826,SENE 19-160-82,GULF OIL CORP.,FLOYD TYLER 1,WILDCAT
4781,,3300901031,OG,DRY,12/21/1969,4452,SWNE 21-160-82,ECHO OIL CORP.,MIDDAUGH 1-21,WILDCAT
3810,,3300900866,OG,DRY,3/2/1965,4397,NESW 23-160-82,PLAZA OIL & GAS LTD.,ELLSWORTH 1,WILDCAT
9960,,3300901588,OG,DRY,1/22/1983,4575,NWSW 28-160-82,EASTERN AMERICAN ENERGY CORP.,TYLER ET AL 1,WILDCAT
11714,,3300901758,OG,DRY,10/4/1985,4570,SWNW 29-160-82,HARPER OIL CO.,PRESKEY 5-29,WILDCAT
13380,,3300901933,OG,DRY,6/28/1992,4450,SWSE 35-160-82,"CONTINENTAL RESOURCES, INC.",TARVESTAD-STATE 1-35,WILDCAT
10831,,3300901654,OG,PA,3/5/2009,4496,NESE 1-160-83,"SAGEBRUSH RESOURCES, LLC",HELEN SIDENER 43-1,MOUNTROSE
11590,,3300901740,OG,PNC,7/2/1986,,NESE 1-160-83,AOP OPERATING CO.,HELEN SIDENER 43-1R,MOUNTROSE
3598,,3300900809,OG,DRY,6/25/1964,4484,SESE 2-160-83,I. J. WILHITE-DAKKON PETROLEUM CO.,MILTON E. HELMING 1,WILDCAT
3067,,3300900664,OG,DRY,12/20/1961,4858,SESE 8-160-83,CARDINAL PETROLEUM CO.,SELK-U.S.A. 1,WILDCAT
2770,,3300900564,OG,DRY,10/20/1960,4563,SESE 14-160-83,CARDINAL PETROLEUM CO.,CHARLES F. KNUDSON 1,WILDCAT
4205,,3300900964,OG,DRY,1/8/1967,4530,NWNE 15-160-83,CLYDE W. JONES & NORTH STAR PETROLEUM CO.,R. B. ROHRABACHER 1,WILDCAT
5314,,3300901107,OG,DRY,8/16/1973,4585,NESW 16-160-83,NARECO CORP.,"STATE, CHAMBERS AND ANDERSON 1",LANSFORD
12205,,3300901797,OG,DRY,7/10/1971,4610,NESE 17-160-83,"JOHN B. HAWLEY, JR. TRUST #1",BLOWERS-STATE 2,WILDCAT
16066,,3300902106,OG,DRY,1/2/2006,4640,NWSE 17-160-83,BALLANTYNE OIL,BLOWERS 3,LANSFORD
3692,,3300900829,OG,PA,7/10/1966,4632,NESE 17-160-83,"BHP PETROLEUM COMPANY, INC.",BLOWERS-STATE 1,LANSFORD
3947,,3300900906,OG,DRY,9/12/1965,4684,SWNW 17-160-83,"BHP PETROLEUM COMPANY, INC.",GILLSTRAP 1,LANSFORD
4668,,3300901013,OG,PA,5/7/2007,4610,SWSE 17-160-83,BALLANTYNE OIL,BLOWERS BND 1,LANSFORD
4901,,3300901050,OG,DRY,3/11/1970,4695,SWSW 17-160-83,NORTHERN PUMP CO.,CHRISTINE BLOWERS ETAL 1,LANSFORD
90006,,3300990006,SWD,PA,3/23/2010,3250,SESW 17-160-83,"31 OPERATING, LLC",BLOWERS 1 SWD,LANSFORD
37042,137042,3300902466,OG,A,2/3/2020,4800,NESE 19-160-83,"EAGLE OPERATING, INC.",WOBBLY 19-9,GREAT NORTHERN
1437,,3300900168,OG,DRY,6/16/1957,5131,SESW 20-160-83,CARTER OIL CO.,GEORGE BLOWERS 1,LANSFORD
3752,,3300900845,OG,DRY,11/20/1964,4666,NENE 20-160-83,"AUSTRAL OIL COMPANY, INC.",GEORGE E. BLOWERS 1,LANSFORD
38444,138444,3300902475,OG,A,8/12/2021,4800,SWNW 20-160-83,"EAGLE OPERATING, INC.",OBER 20-5,GREAT NORTHERN
4763,,3300901029,OG,PA,7/27/2000,4675,NENW 20-160-83,BALLANTYNE OIL,G. E. BLOWERS 1,LANSFORD
5228,,3300901091,OG,PA,6/24/2012,4650,NWNE 20-160-83,"31 OPERATING, LLC",G. E. BLOWERS 2,LANSFORD
3886,,3300900889,OG,DRY,6/4/1965,4650,SWNE 21-160-83,JAMES C. HAYES & W. B. OSBORN,CARL S. DUGSTAD 1,LANSFORD
2899,,3300900606,OG,DRY,5/14/1961,4665,SWNE 22-160-83,CARDINAL PETROLEUM CO.,CHARLES KNUDSON 2,WILDCAT
4214,,3300900967,OG,DRY,1/19/1967,4600,SENE 23-160-83,FUNDAMENTAL OIL CORP.,JAMES AND MARTIN SONNENBERG 1,WILDCAT
3543,,3300900793,OG,DRY,5/26/1964,4600,SWNE 25-160-83,HUNT PETROLEUM CORP.,JOHN OKEEFE 1,WILDCAT
11443,,3300901724,OG,DRY,7/13/1985,4575,SWNW 26-160-83,NICOR EXPLORATION CO.,ADAMS FEDERAL 12-26,WILDCAT
4788,,3300901033,OG,DRY,10/16/1969,4576,NENW 26-160-83,CHAMPLIN PETROLEUM CO.,ADAMS 1,WILDCAT
5116,,3300901073,OG,DRY,10/15/1971,4557,NWSW 26-160-83,CLINTON OIL CO.,MATHILDA DEAN 1,BLAINE
14935,,3300902031,OG,DRY,11/19/1999,4650,SWSW 27-160-83,"ARMSTRONG OPERATING, INC.",HAMMER 27-1,WILDCAT
4534,,3300900991,OG,DRY,10/21/1968,4590,NESW 27-160-83,TEXAS CRUDE OIL CO.,HORTENSE HAMMER 1,WILDCAT
4688,,3300901021,OG,DRY,6/6/1969,4600,NENW 27-160-83,TEXAS CRUDE OIL CO.,DEAN 1,LANSFORD
4997,,3300901060,OG,PA,1/19/1972,4565,SENE 27-160-83,CLINTON OIL CO.,G. VEDQUAM 1,BLAINE
5439,,3300901130,OG,PA,6/26/1979,4528,SENE 27-160-83,"KOCH INDUSTRIES, INC.",VEDQUAM 1-A,BLAINE
5253,,3300901097,OG,DRY,12/22/1972,4673,NESE 29-160-83,BOMAC EXPLORATION CO.,BERT IVERSON 1,LANSFORD
13739,213642,3300901968,OG,IA,6/17/2025,4800,SESW 30-160-83,"RIM OPERATING, INC.",OBERHOLTZER 30 1,GREAT NORTHERN
14576,,3300902004,OG,DRY,12/13/1996,4800,SWSE 30-160-83,"TEXAS CRUDE ENERGY, INC.",ALICE 30 1,GREAT NORTHERN
15317,,3300902077,OG,DRY,7/6/2002,4770,SENW 30-160-83,OVACO ENERGY INC.,LARSON 30-2,GREAT NORTHERN
18162,213642,3300902167,OG,A,4/29/2023,4802,SWNE 30-160-83,"RIM OPERATING, INC.",MACTAVISH 32-30,GREAT NORTHERN
19573,213642,3300902223,OG,A,12/20/2010,4776,NENE 30-160-83,"RIM OPERATING, INC.",LARSON  41-30,GREAT NORTHERN
20368,213642,3300902232,OG,A,8/30/2024,4778,NWSE 30-160-83,"RIM OPERATING, INC.",ALICE-JEAN 33-30,GREAT NORTHERN
2995,,3300900633,OG,DRY,9/14/1961,4921,SWNW 30-160-83,CARDINAL PETROLEUM CO.,EDWIN LARSON 1,WILDCAT
13642,213642,3300901954,OG,PA,1/17/2025,4800,NENW 31-160-83,"RIM OPERATING, INC.",SMETANA 31 1,GREAT NORTHERN
13815,,3300901972,SWD,A,5/30/2025,4800,SENW 31-160-83,"RIM OPERATING, INC.",SMETANA 31 2,GREAT NORTHERN
16215,,3300902109,OG,PA,3/27/2009,4917,NWNE 32-160-83,WARD-WILLISTON COMPANY,SMETANA 21-1,GREAT NORTHERN
5645,,3300901160,OG,DRY,1/3/1976,4623,NESW 34-160-83,EARL SCHWARTZ CO.,HOLMES 1,LANSFORD
3281,,3300900724,OG,DRY,11/19/1962,4600,NENW 35-160-83,TEXOTA OIL CO.,EMIL A. VEDVIG 1,WILDCAT
6480,,3300901283,OG,DRY,3/17/1978,4550,SENW 36-160-83,HUNT ENERGY CORP.,SAGSVEEN-STATE 1,WILDCAT
4657,,3307500463,OG,DRY,5/24/1969,4704,SESE 1-160-84,"DEPCO, INC.",MCLAIN 1,WILDCAT
3659,,3307500240,OG,DRY,8/15/1964,4795,NWSW 3-160-84,GEOCHEMICAL SURVEYS,WHERRITT-BND 1,WILDCAT
11053,,3307501017,OG,DRY,7/31/1984,4900,NESW 8-160-84,"LONG PETROLEUM, INC.",SCHWARTZ 1,DRY CREEK
16519,116519,3307501372,OG,A,9/17/2024,5000,SWSE 8-160-84,"HIGH PLAINS OPERATING, LLC",S.E. 1,DRY CREEK
5064,,3307500507,OG,DRY,8/9/1971,4814,SWSW 9-160-84,GREAT WESTERN DRILLING CO.,ALICE T. IVERSON 1,WILDCAT
11905,,3307501079,OG,DRY,12/27/1985,4860,SESE 14-160-84,SUN EXPLORATION & PRODUCTION CO.,E. SANDEEN 1,WILDCAT
2683,,3307500098,OG,DRY,7/1/1960,4805,NENE 14-160-84,CARDINAL PETROLEUM CO.,ELOF AND MABEL MOLINE 1,WILDCAT
3447,,3307500185,OG,DRY,11/3/1963,4925,SWSW 16-160-84,TOM JORDAN,MARIE SOLAR 1,WILDCAT
8616,,3307500870,OG,DRY,6/14/1981,4900,NWSE 16-160-84,"MOLE OPERATING COMPANY, INC.",SOLAR 1,TRURO
8617,,3307500871,OG,PNC,8/17/1982,,SENW 16-160-84,"MOLE OPERATING COMPANY, INC.",MCCLEAN 1,DRY CREEK
6471,106471,3307500751,OG,A,6/11/1978,4910,SWNE 17-160-84,COBRA OIL & GAS CORPORATION,MCLAIN 1,DRY CREEK
8891,,3307500900,OG,DRY,7/29/1981,4952,NESW 17-160-84,"CLARION RESOURCES, INC.",OBERHOLTZER 1,DRY CREEK
4203,,3307500386,OG,DRY,12/18/1966,4963,SESW 18-160-84,FRED GOODSTEIN,WALTER SELK 1,NORTH GRANO
16645,404086,3307501378,OG,TA,2/25/2025,5050,NWSW 19-160-84,COBRA OIL & GAS CORPORATION,NGMU  10,NORTH GRANO
29397,404086,3307501472,OG,A,7/4/2025,8608,NESE 19-160-84,COBRA OIL & GAS CORPORATION,NGMU 11-H1,NORTH GRANO
29468,404086,3307501474,OG,A,12/15/2014,7542,NWSE 19-160-84,COBRA OIL & GAS CORPORATION,NGMU 12-H1,NORTH GRANO
4257,404086,3307500395,OG,PA,3/29/2022,5029,SESE 19-160-84,COBRA OIL & GAS CORPORATION,NGMU 3,NORTH GRANO
4282,404086,3307500402,WI,A,9/3/2025,4990,SESW 19-160-84,COBRA OIL & GAS CORPORATION,NGMU 2,NORTH GRANO
4604,404086,3307500455,WS,A,11/1/2002,4973,NWSE 19-160-84,COBRA OIL & GAS CORPORATION,NGMU 1,NORTH GRANO
13394,,3307501241,OG,DRY,9/29/1992,4984,SWNE 20-160-84,VIERSEN & COCHRAN,OBERHOLTZER 1-20,WILDCAT
16507,404086,3307501371,OG,A,3/20/2007,8503,SWSW 20-160-84,COBRA OIL & GAS CORPORATION,NGMU 8,NORTH GRANO
4270,,3307500397,OG,DRY,5/20/1967,4973,NWSW 20-160-84,"NORTH AMERICAN ROYALTIES, INC.",R. J. MCLAIN 1,NORTH GRANO
19677,405944,3307501412,OG,A,7/3/2024,6308,SENE 21-160-84,ZARGON OIL (ND) INC.,ZARGON TRURO TMU 22 HZ,TRURO
22382,405944,3307501428,WI,A,4/29/2023,6548,SENE 21-160-84,ZARGON OIL (ND) INC.,ZARGON TRURO TMU 23 HZ,TRURO
5944,,3307500680,OG,PA,9/10/2012,4850,SENE 21-160-84,ZARGON OIL (ND) INC.,TMU 1,TRURO
6001,,3307500689,OG,DRY,11/17/1976,4870,SENW 21-160-84,WISER OIL CO.,OBERHOLTZER-F.L.B. 2-21,TRURO
6025,,3307500693,SWD,PA,3/1/2001,4840,NWSE 21-160-84,WARD-WILLISTON COMPANY,OBERHOLTZER ET AL 1,TRURO
9816,109816,3307500934,WI,A,6/15/2017,4893,NESE 21-160-84,ZARGON OIL (ND) INC.,TMU 2,TRURO
9818,,3307500936,OG,DRY,11/1/1982,4810,NENE 21-160-84,WISER OIL CO.,MAY 2,TRURO
14321,405944,3307501295,OG,A,10/28/2025,4850,NWSW 22-160-84,ZARGON OIL (ND) INC.,TMU 3,TRURO
15036,405944,3307501330,OG,A,4/4/2023,4777,SESW 22-160-84,ZARGON OIL (ND) INC.,TMU 17,TRURO
15924,405944,3307501350,OG,A,7/4/2025,6746,NWSW 22-160-84,ZARGON OIL (ND) INC.,ZARGON TMU TRURO 18 HZ,TRURO
15990,405944,3307501352,OG,A,12/24/2005,7097,NWSW 22-160-84,ZARGON OIL (ND) INC.,ZARGON TRURO TMU 19 HZ,TRURO
3801,,3307500285,OG,DRY,8/14/1965,4790,NENW 22-160-84,COLORADO OIL & GAS CORP.,"MARIE SOLAR, ET AL 1-A",TRURO
6026,,3307500694,OG,PA,6/13/1991,4820,NWSW 22-160-84,WISER OIL CO.,MARIE SOLAR 1,TRURO
9817,405944,3307500935,WI,AB,11/19/2024,4850,SWSW 22-160-84,ZARGON OIL (ND) INC.,TMU 4,TRURO
3572,,3307500216,OG,DRY,5/20/1964,4820,NENW 26-160-84,AREX CORP.,E. P. STONER 1,WILDCAT
10223,405944,3307500962,WS,A,11/16/1993,4900,NESW 27-160-84,ZARGON OIL (ND) INC.,TMU WSW 1,TRURO
10534,405944,3307500972,WI,A,9/7/2017,4850,NWSE 27-160-84,ZARGON OIL (ND) INC.,TMU 10,TRURO
11742,,3307501062,OG,PNC,9/22/1986,,SWNE 27-160-84,NORTHERN PUMP CO.,MCLAIN 8,TRURO
1189,,3307500025,OG,DRY,12/20/1956,5343,SESW 27-160-84,ANSCHUTZ DRILLING CO.,LYNN MAY 1,WILDCAT
14964,405944,3307501323,OG,A,4/29/2023,4784,SWNE 27-160-84,ZARGON OIL (ND) INC.,TMU 11,TRURO
14965,114965,3307501324,WI,A,8/4/2000,4807,SESE 27-160-84,ZARGON OIL (ND) INC.,TMU 12,TRURO
15033,405944,3307501327,OG,A,10/8/2000,4775,NESE 27-160-84,ZARGON OIL (ND) INC.,TMU 14,TRURO
15034,405944,3307501328,OG,A,10/11/2000,4760,NWNE 27-160-84,ZARGON OIL (ND) INC.,TMU 15,TRURO
15035,405944,3307501329,WI,IA,11/18/2025,4747,SENE 27-160-84,ZARGON OIL (ND) INC.,TMU 16,TRURO
16918,405944,3307501386,OG,A,10/4/2025,6317,NESE 27-160-84,ZARGON OIL (ND) INC.,ZARGON ET AL TRURO TMU 2HZ 21,TRURO
7975,405944,3307500831,OG,A,12/29/1980,4860,NWNW 27-160-84,ZARGON OIL (ND) INC.,TMU 5,TRURO
8382,405944,3307500854,WI,A,1/14/2022,4875,SENW 27-160-84,ZARGON OIL (ND) INC.,TMU 7,TRURO
8835,,3307500890,WI,PA,10/4/2017,4840,NENW 27-160-84,ZARGON OIL (ND) INC.,TMU 6,TRURO
8836,405944,3307500891,WI,AB,11/19/2024,4870,SWNW 27-160-84,ZARGON OIL (ND) INC.,TMU 8,TRURO
13391,,3307501240,OG,DRY,9/20/1992,4931,SENE 28-160-84,VIERSEN & COCHRAN,STEININGER 1-28,TRURO
16206,405944,3307501359,OG,A,6/16/2006,7023,NESE 28-160-84,ZARGON OIL (ND) INC.,ZARGON TRURO TMU 20 HZ,TRURO
3613,,3307500225,OG,DRY,6/24/1964,4901,NENE 28-160-84,TOM JORDAN,ESTATE OF THERESE STEINENGER 1,TRURO
9280,405944,3307500917,OG,A,7/22/1982,4904,NESE 28-160-84,ZARGON OIL (ND) INC.,TMU 9,TRURO
12267,,3307501117,OG,DRY,11/26/1987,4878,NENE 29-160-84,"RAM OIL COMPANY, INC.",MCLAIN 1,WILDCAT
16200,404086,3307501358,WI,IA,3/18/2025,5135,NWSW 29-160-84,COBRA OIL & GAS CORPORATION,NGMU 7,NORTH GRANO
29458,,3307501473,OG,PNC,2/12/2019,,NENW 29-160-84,COBRA OIL & GAS CORPORATION,NGMU  13-H1,NORTH GRANO
29649,,3307501475,OG,PNC,2/12/2019,,SESW 29-160-84,COBRA OIL & GAS CORPORATION,NGMU 29-24,NORTH GRANO
3833,,3307500293,OG,DRY,4/17/1965,4965,SWNE 29-160-84,ANSCHUTZ OIL CO.,MCCLUNG 1,NORTH GRANO
6234,,3307500714,OG,PA,9/20/2006,4950,NWSW 29-160-84,"EAGLE OPERATING, INC.",NGMU 6,NORTH GRANO
16588,404086,3307501375,OG,A,11/4/2025,6775,NESW 30-160-84,COBRA OIL & GAS CORPORATION,NGMU  9,NORTH GRANO
4086,404086,3307500364,OG,A,11/4/2025,5050,NWNE 30-160-84,COBRA OIL & GAS CORPORATION,NGMU 4,NORTH GRANO
4258,404086,3307500396,WI,A,10/15/2018,5065,NWSE 30-160-84,COBRA OIL & GAS CORPORATION,NGMU 5,NORTH GRANO
4291,,3307500404,OG,PA,2/13/1986,4990,SENE 30-160-84,EARL SCHWARTZ CO.,M. C. DAVISON 2,NORTH GRANO
4605,,3307500456,OG,DRY,12/28/1968,5013,SESE 30-160-84,CARDINAL PETROLEUM & PROVIDENT RESOURCES,DAVISON 16-30,NORTH GRANO
6233,,3307500713,OG,PA,9/16/1988,4990,SENW 30-160-84,"EAGLE OPERATING, INC.",DAVISON 10-30 2,NORTH GRANO
3628,,3307500231,OG,PA,8/14/1994,5120,NESE 31-160-84,"TURTLE MOUNTAIN GAS & OIL, INC.",LAMPSON 1R,NORTH GRANO
4038,,3307500344,OG,PNC,2/15/1967,,NWSW 31-160-84,TIGER OIL COMPANY,LAMPSON 1,CHOLA
4043,,3307500349,OG,DRY,3/6/1966,5152,SESW 31-160-84,TIGER OIL COMPANY,LAMPSON 2,NORTH GRANO
14301,,3307501294,OG,DRY,6/15/1996,4995,NWNE 32-160-84,"US CAPITAL ENERGY, INC.",BLOWERS 32-2,NORTH GRANO
5728,,3307500618,OG,DRY,12/16/1975,4980,SWSW 32-160-84,KISSINGER PETROLEUM CORP.,OBERHOLTZER 13-32,CHOLA
7227,,3307500781,OG,DRY,10/7/1979,5100,SWNW 32-160-84,J. C. ANDERSON,BLOWERS 5-32,NORTH GRANO
10167,,3307500960,OG,DRY,6/20/1983,4975,SWSE 33-160-84,CENTURY OIL & GAS CORP.,OBERHOLTZER 33-15,CHOLA
4131,,3307500370,OG,DRY,9/22/1966,5008,SWNW 33-160-84,ANSCHUTZ CORPORATION,OBERHOLTZER 2,CHOLA
9440,,3307500919,OG,DRY,4/18/1982,5000,NESW 33-160-84,CENTURY OIL & GAS CORP.,HAZEL OBERHOLTZER 33-11,CHOLA
5640,,3307500597,OG,DRY,7/5/1975,4900,SENE 34-160-84,INLAND OIL & GAS CORP.,LYNN MAY 8-34,WILDCAT
11881,,3307501075,OG,DRY,12/30/1985,4850,NWNE 35-160-84,ORION ENERGY CORP.,OBERHOLTZER 1,CLAY
3311,,3307500166,OG,DRY,1/3/1963,4921,NWNW 35-160-84,TEXOTA OIL CO.,EMMA MAY 1,CLAY
4454,,3307500442,OG,DRY,7/18/1968,4891,NWSW 35-160-84,CARDINAL PETROLEUM & STATES OIL CO.,L. ATKINS 1,CLAY
5737,105737,3307500620,OG,PA,1/14/2022,4850,NESW 35-160-84,"EAGLE OPERATING, INC.",CARLSON 23-35,CLAY
9046,,3307500907,OG,DRY,10/8/1981,4857,SWSE 35-160-84,BHP PETROLEUM (AMERICAS) INC.,STATE OF NORTH DAKOTA 1,CLAY
16216,,3307501360,OG,DRY,12/21/2011,5186,NENE 36-160-84,"BALLANTYNE OIL, LLC",DIEPOLDER 11-1,GREAT NORTHERN
19647,,3307501410,OG,PA,12/6/2011,4809,SENE 36-160-84,"BALLANTYNE OIL, LLC",DIEPOLDER 8-36,GREAT NORTHERN
2697,,3307500101,OG,DRY,7/16/1960,4791,SWSW 36-160-84,CARDINAL PETROLEUM CO.,MAY-STATE OF NORTH DAKOTA 1,WILDCAT
4298,,3307500406,OG,DRY,7/26/1967,4953,SESE 1-160-85,NORTHWESTERN REFINING CO.,CALVIN AND LOIS WHITED 1,WILDCAT
3667,,3307500248,OG,DRY,8/20/1964,5078,SWNE 3-160-85,TOM JORDAN,BRUDVIK 1,WILDCAT
11556,,3307501049,OG,DRY,7/29/1985,5400,SWSW 5-160-85,"CHALLENGER MINERALS, INC.",SCHULTZ 14-5,WILDCAT
4140,,3307500373,OG,DRY,9/8/1966,5261,NENW 6-160-85,TIGER OIL COMPANY,H. J. MURRAY 1,WILDCAT
12406,,3307501124,OG,DRY,5/5/1988,5400,NESE 7-160-85,WESSELY EXPLORATION CO.,YALE 9-7,WILDCAT
13564,,3307501255,OG,PA,4/12/2004,5291,SWSE 8-160-85,MUREX PETROLEUM CORPORATION,BIMINI 1-8,HEDBERG
16536,,3307501373,OG,PNC,3/1/2007,,NWSE 8-160-85,,,
5085,,3306700004,OG,PNC,7/23/1972,,NENE 17-161-54,EARL SCHWARTZ CO.,ROSS PAGE 1,WILDCAT
99035,,3306799035,ST,DRY,9/27/1969,1738,E2SE 11-161-55,"HESS BAKKEN INVESTMENTS II, LLC",SIG SAMSON 1,WILDCAT
99132,,3301999132,ST,DRY,,,5-161-57,CARTER OIL CO.,ADELARD BENOIT B-5,WILDCAT
99004,,3301999004,ST,DRY,10/7/1955,1716,SESW 26-161-59,CARTER OIL CO.,ALFRED SYMONS B-1,WILDCAT
4560,,3301900015,OG,DRY,12/15/1968,1002,NENE 6-161-60,CHAMBERS & KENNEDY,JOHN WALTZ ET AL 1,WILDCAT
36,,3301900003,OG,DRY,9/3/1951,2271,NWNE 12-161-60,UNION OIL COMPANY OF CALIFORNIA,UNION CENTRAL LIFE INS.-ELLIS 1,WILDCAT
4309,,3301900014,OG,DRY,9/30/1967,2502,SESE 2-161-62,I. J. WILHITE & SIMCOX OIL CO.,LAVRITZ AND GORDON AMOTH 1,WILDCAT
2521,,3301900012,OG,DRY,12/2/1959,2515,NESE 35-161-62,AMERADA HESS CORPORATION,ABE LOEWEN TRACT 1 1,WILDCAT
4879,,3301900018,OG,PNC,1/15/1971,,NENE 8-161-64,"DYNA RAY OIL & GAS COMPANY, INC.",RALPH MONIS 1,WILDCAT
4634,,3301900017,OG,DRY,10/1/1969,2960,NESW 12-161-64,J. M. JOHNSTON,JOSEPH F. THOLKES 1,WILDCAT
4880,,3301900019,OG,PNC,1/15/1971,,SWSW 29-161-64,"DYNA RAY OIL & GAS COMPANY, INC.",LELA JACK 1,WILDCAT
99019,,3309599019,ST,DRY,8/15/1958,1385,SWNE 26-161-65,PAN AMERICAN PETROLEUM CORP.,KNUD VESTERSO 1,WILDCAT
4883,,3309500019,OG,PNC,1/16/1971,,NESE 33-161-65,"DYNA RAY OIL & GAS COMPANY, INC.",LEROY STABELTON 01,WILDCAT
4878,,3309500018,OG,PNC,1/15/1971,,NENE 19-161-66,"DYNA RAY OIL & GAS COMPANY, INC.",BEN HAUSCHULTZ 1,WILDCAT
4877,,3309500017,OG,PNC,1/15/1971,,NWNE 23-161-66,"DYNA RAY OIL & GAS COMPANY, INC.",RUTH BARTCH 1,WILDCAT
100,,3309500001,OG,DRY,8/14/1952,4499,SWSE 35-161-68,UNION OIL COMPANY OF CALIFORNIA,ARNE SAARI AND HELMI SAARI 1,WILDCAT
4899,,3307900032,OG,PNC,2/5/1971,,SWSW 5-161-69,"DYNA RAY OIL & GAS COMPANY, INC.",HERB MOILAN 1,WILDCAT
4882,,3307900030,OG,PNC,1/15/1971,,NWSW 15-161-69,"DYNA RAY OIL & GAS COMPANY, INC.",DONALD W. EBEL 1,WILDCAT
9572,,3307900041,OG,DRY,6/26/1982,1730,SWSW 9-161-70,DIAMOND SHAMROCK EXPLORATION CO.,BELCOURT FEE 14-9 1,WILDCAT
5516,,3307900033,OG,DRY,11/10/1974,1600,SWSW 18-161-70,"CARDINAL DRILLING & CORAL RESOURCES, INC.",GRENIER 2,WILDCAT
754,,3307900014,OG,DRY,11/10/1954,2998,SWSW 18-161-70,BRITISH-AMERICAN OIL PRODUCING CO.,S. GRENIER 1,WILDCAT
16095,,3307900057,OG,DRY,2/14/2006,5705,NWNW 7-161-71,CARMEN SCHMITT INC.,GRENIER 1-7,WILDCAT
2685,,3307900024,OG,DRY,6/28/1960,2843,NENE 8-161-71,OHIO OIL CO.,PIERRE MONGEON A 1,WILDCAT
6375,,3307900037,OG,DRY,2/16/1978,2854,NWSE 1-161-72,"CHAPMAN EXPLORATION, INC.",D. P. GRENIER 1,WILDCAT
14938,,3307900055,OG,PA,9/23/2011,4007,NESE 2-161-72,"LAMAE OIL & GAS, CORP.",ROBERT 2,WILDCAT
9938,,3307900046,OG,DRY,12/18/1982,4820,SESE 6-161-72,"CRUDE PETROLEUM, INC.",VANDAL 1,WILDCAT
3083,,3307900026,OG,DRY,2/12/1962,2960,NWSE 8-161-72,MAR-WIN DEVELOPMENT CO.,ERNEST J. HORSMAN 1,WILDCAT
568,,3307900004,OG,DRY,5/4/1954,3300,SESW 11-161-72,WARD-WILLISTON DRILLING CO.,STATE B 1,WILDCAT
1630,,3307900020,OG,DRY,12/5/1957,4825,NWSE 19-161-72,GENERAL CRUDE OIL CO.,AIDA HIGGINS 1,WILDCAT
1666,,3307900021,OG,DRY,12/7/1957,3367,SWNE 2-161-73,GENERAL CRUDE OIL CO.,KENNETH TOOKE 1,WILDCAT
2862,,3307900025,OG,DRY,7/9/1979,2792,NWSE 21-161-73,"UNITEX, LTD.",BOSLEY-SMITH 1,WILDCAT
11047,,3307900048,OG,PNC,10/16/1985,,,,,
99003,,3301999003,ST,DRY,10/31/1955,1443,NESE 7-162-57,CARTER OIL CO.,HENRY CHAPAT B-3,WILDCAT
99002,,3301999002,ST,DRY,10/21/1955,1405,W2SW 30-162-58,CARTER OIL CO.,HILBERT IVERSON B-2,WILDCAT
99005,,3301999005,ST,DRY,11/9/1955,1028,SWNW 10-162-59,CARTER OIL CO.,JAMES E. JENNINGS B-4,WILDCAT
99136,,3301999136,ST,DRY,,,13-162-59,CARTER OIL CO.,MCDOWALL B-9A,WILDCAT
99139,,3301999139,ST,DRY,,,30-162-59,CARTER OIL CO.,RUEBEN RUEGER B-12,WILDCAT
99138,,3301999138,ST,DRY,,,32-162-59,CARTER OIL CO.,JOHN ZARN B-11,WILDCAT
1694,,3301900010,OG,DRY,1/22/1958,3368,NWNW 10-162-63,JOHNSON OIL CO.,EARL MOORE 1,WILDCAT
4949,,3301900021,OG,DRY,10/1/1970,3102,NENE 16-162-64,EAGLE OIL CO.,ALEX SCHMIESS 1,WILDCAT
37,,3301900004,OG,DRY,10/6/1951,3380,SWNW 26-162-64,UNION OIL COMPANY OF CALIFORNIA,RESTAD 1,WILDCAT
99126,,3309599126,ST,DRY,,,SWNE 16-162-65,STANOLIND OIL & GAS CO.,A.R. GIBBENS 1,WILDCAT
4884,,3309500020,OG,PNC,1/16/1971,,NESE 4-162-66,"DYNA RAY OIL & GAS COMPANY, INC.",AINER JUNTUNEN 1,WILDCAT
4885,,3309500021,OG,PNC,1/16/1971,,NESE 27-162-66,"DYNA RAY OIL & GAS COMPANY, INC.",ELMER MITCHELL 1,WILDCAT
3980,,3309500008,OG,DRY,11/10/1965,4585,SWSE 7-162-68,LA HABANA CORP.,KEITH R. DUNLOP 1,WILDCAT
614,,3307900009,OG,PNC,6/7/1955,,SENE 10-162-69,SUN EXPLORATION & PRODUCTION CO.,EDWIN LINDBO 1,WILDCAT
615,,3307900010,OG,DRY,7/9/1954,2750,SENE 20-162-69,SUN EXPLORATION & PRODUCTION CO.,WILLIAM WAYNE 1,WILDCAT
9576,,3307900045,OG,DRY,7/5/1982,3070,SWSW 23-162-70,DIAMOND SHAMROCK EXPLORATION CO.,BELCOURT FEE 14-23 4,WILDCAT
1517,,3307900019,OG,DRY,8/25/1957,3440,NWNW 16-162-71,CITIES SERVICE OIL CO.,CHIPPEWA 1,WILDCAT
2220,,3307900022,OG,DRY,3/9/1959,3047,SESE 25-162-72,CARDINAL DRILLING CO.,YODAL PIGEON ET AL 1,WILDCAT
14859,,3307900054,OG,DRY,8/30/1999,5468,NENE 34-162-72,LYLE O. GERMUNDSON,ROBERT 1,WILDCAT
328,,3300900019,OG,DRY,6/21/1953,3865,NWNW 28-162-74,CALVERT EXPLORATION CO.,EMERY CARBONNEAU 1,WILDCAT
11739,,3300901759,OG,DRY,9/12/1985,3480,SESW 5-162-75,"BROSCHAT ENGINEERING & MANAGEMENT SERVICES, INC.",EVENSON 1,WILDCAT
5764,,3300901177,OG,DRY,11/5/1975,3550,NWNW 12-162-75,CLINTON OIL CO.,DONALD THORSON 1,WILDCAT
8326,,3300901452,OG,DRY,2/28/1981,3098,NWNE 27-162-75,"GREAT AMERICAN ROYALTIES, INC.",RAYMOND GUNDERSON 1,WILDCAT
1585,,3300900202,OG,DRY,10/17/1957,3165,NENW 28-162-75,PLACID OIL CO.,FRED KOFOID 1,WILDCAT
1525,,3300900189,OG,DRY,9/1/1957,3300,NWNE 9-162-76,PLACID OIL CO.,GENA HANSON 1,WILDCAT
12053,,3300901786,OG,DRY,5/20/1988,3160,SWSE 10-162-76,"TURTLE MOUNTAIN GAS & OIL, INC.",CRAIG 1-10,WILDCAT
19567,,3300902222,OG,PA,6/28/2016,7088,SWSW 10-162-76,"BALLANTYNE OIL, LLC",LEGACY ETAL BLISS 13-10H 1-H,WILDCAT
20129,,3300902231,OG,PNC,12/11/2014,,SWNW 10-162-76,"LEGACY OIL & GAS ND, INC.",LEGACY ETAL BLISS 5-10H 1-H,WILDCAT
895,,3300900073,OG,DRY,7/9/1955,3895,NWNW 14-162-76,LION OIL COMPANY,WALLACE HALL ET UX 1,WILDCAT
9009,,3300901526,OG,DRY,10/24/1981,3200,SWNE 19-162-76,"KOCH INDUSTRIES, INC.",J. H. CHRISTIANSON 7-19,WILDCAT
12565,,3300901849,OG,DRY,5/2/1989,3200,SESW 26-162-76,PATRICK PETROLEUM CO.,GLINZ 1-26,WILDCAT
4656,,3300901011,OG,DRY,4/15/1969,3200,NWSE 26-162-76,I. J. WILHITE-GLEN BURTON,JOSEPH O. LINDBERG 1,WILDCAT
1583,,3300900200,OG,DRY,10/25/1957,3273,SWSW 35-162-76,PLACID OIL CO.,MARVIN WOLFE AND BANK OF ND 1,WILDCAT
8628,,3300901490,OG,DRY,5/3/1981,3250,NWNE 6-162-77,JUNIPER PETROLEUM CORP.,KORNKVEN 31-6,WILDCAT
1584,,3300900201,OG,DRY,10/23/1957,3321,SENW 9-162-77,HUNT OIL COMPANY,RAYMOND DUNBAR 1,WILDCAT
16707,,3300902125,OG,DRY,7/26/2007,3160,NWNE 9-162-77,"BTA OIL PRODUCERS, LLC",20507 JV-P PEABODY 1,WILDCAT
5277,,3300901099,OG,DRY,4/6/1973,5078,SWSW 11-162-77,MCMORAN EXPLORATION CO.,TONNESON 1,WILDCAT
2056,,3300900359,OG,DRY,10/13/1958,3150,NWSW 12-162-77,CARDINAL & GREAT AMERICAN EXPLORATION,HENRY SIVERTSON 1,WILDCAT
5184,,3300901087,OG,DRY,7/22/1972,6377,SENE 14-162-77,CHAMPLIN PETROLEUM CO.,DUNBAR 42-14 1,WILDCAT
12518,,3300901843,OG,DRY,9/11/1988,3250,NWSE 30-162-77,"WACKER OIL, INC.",WOODS 33-30 1,WILDCAT
3822,,3300900869,OG,DRY,3/6/1965,3150,SWSW 33-162-77,CARDINAL PETROLEUM CO.,SIGRID FREEMAN 1,WILDCAT
1529,,3300900193,OG,DRY,9/19/1957,3402,SWNW 1-162-78,HUNT OIL COMPANY,ERNEST D. CONDIT 1,WILDCAT
1642,,3300900218,OG,DRY,11/26/1957,3418,NWSE 3-162-78,HUNT OIL COMPANY,MARSHALL TALLON 1,WILDCAT
1586,,3300900203,OG,DRY,10/15/1957,3570,SWNE 4-162-78,HUNT OIL COMPANY,MAE HOLSTEN 1,WILDCAT
6385,,3300901272,OG,DRY,3/6/1978,3350,SENW 5-162-78,ROBERT G. LINDSAY,GRAVSETH 1,ROTH
10767,,3300901649,OG,DRY,12/6/1984,3344,SWNE 6-162-78,CENEX,SKARPHOL 7-6,WILDCAT
11609,,3300901745,OG,DRY,7/12/1985,3250,NWSW 6-162-78,CENEX,OLSON 12-6,WILDCAT
1233,,3300900134,OG,DRY,8/29/1956,3302,NWNW 6-162-78,"CALVERT DRILLING, INC.",NELS SKARPHOL 1,WILDCAT
3480,,3300900780,OG,DRY,12/11/1964,3179,NWNE 6-162-78,E. L. K. OIL COMPANY,NELS SKARPHOL 1,ROTH
1964,,3300900318,OG,DRY,8/13/1958,3272,NENE 7-162-78,"GREAT AMERICAN EXPLORATION, INC.",KNUTE HOLM 1,ROTH
19051,,3300902188,OG,PA,11/14/2017,6015,SESE 10-162-78,"BALLANTYNE OIL, LLC",EIDSVOLD 1-10H,WILDCAT
2638,,3300900529,OG,DRY,5/21/1960,5250,SWSE 12-162-78,PHILLIPS PETROLEUM COMPANY,BRANDVOLD 1,WILDCAT
3961,,3300900911,OG,DRY,9/25/1965,3316,NWSE 14-162-78,MIDROC OIL CORP.,I. E. GRAVSETH 1,WILDCAT
3654,,3300900821,OG,DRY,8/17/1964,3257,SENW 15-162-78,SOUTHERN PETROLEUM EXPLORATION & CARDINAL,MARSHALL TALLON 1,WILDCAT
10648,,3300901642,OG,DRY,3/31/1984,3400,NENE 16-162-78,"GREAT AMERICAN ROYALTIES, INC.",SHELL-SKAADEN 1,WILDCAT
2506,,3300900502,OG,DRY,11/16/1959,3232,NWNE 17-162-78,"GREAT AMERICAN EXPLORATION, INC.",WILLIAM HUNTER AND UCLI CO. 1,WILDCAT
11601,,3300901744,OG,DRY,6/26/1985,3337,SESE 18-162-78,CENEX,PETERSON 16-18,WILDCAT
1850,,3300900265,OG,DRY,5/20/1958,3320,SWSE 19-162-78,CARDINAL & GREAT AMERICAN EXPLORATION,EDWIN AND CHRIST CHRISTIANSON 1,WILDCAT
3827,,3300900870,OG,DRY,4/2/1965,5635,SESE 20-162-78,AMERADA HESS CORPORATION,LILA STARK 1,WILDCAT
2058,,3300900360,OG,DRY,10/17/1958,3417,SENW 25-162-78,"CALVERT DRILLING, INC.",MARY MCMILLAN 1,WILDCAT
11028,,3300901684,OG,DRY,7/16/1984,3251,SWSE 26-162-78,"GREAT AMERICAN ROYALTIES, INC.",OUFNAC-SHELL 1,WILDCAT
3776,,3300900857,OG,DRY,12/16/1964,3286,NESE 28-162-78,ARROWHEAD EXPLORATION CO.,MCMILLIAN ET AL 43-28,WILDCAT
11434,,3300901723,OG,DRY,3/24/1985,4500,NENW 30-162-78,CITATION OIL & GAS CORP.,ARDIS HOLEN 21-30,WILDCAT
4655,,3300901010,OG,DRY,5/11/1969,7164,SESW 31-162-78,AMERADA HESS CORPORATION,H. D. LILLESTRAND 1,KANE
14322,,3300901988,OG,DRY,6/29/1996,3500,SWNW 33-162-78,SRL EXPLORATION INC.,DEAHL-ZURCHER 1,WILDCAT
2544,,3300900511,OG,DRY,12/19/1959,3226,SWNW 34-162-78,CARDINAL PETROLEUM CO.,THOMAS KINLEY 1,WILDCAT
13043,,3300901890,OG,DRY,11/14/1990,3300,NWNW 36-162-78,MALLON OIL CO.,MALLON 11-36 STATE 1,WILDCAT
16356,,3300902117,OG,DRY,9/12/2006,3400,SESW 1-162-79,"EAGLE OPERATING, INC.",NORDMARK 1-14,WILDCAT
6019,,3300901218,OG,DRY,12/20/1976,3335,SESE 1-162-79,DYCO PETROLEUM CORP.,OLSON 1,WILDCAT
7376,,3300901373,OG,DRY,12/4/1979,3182,NENW 1-162-79,"SOUTH RANCH OIL COMPANY, INC.",HALVORSON 1,WEST ROTH
1159,,3300900120,OG,DRY,6/15/1956,3720,NWSE 2-162-79,MONSANTO CHEMICAL CO.,HALVORSON 1,SOUTH LANDA
14641,405466,3300902006,OG,PA,7/31/2023,3280,SWSW 2-162-79,"31 OPERATING, LLC",FORDE 1R,SOUTH LANDA
2235,,3300900423,OG,DRY,3/19/1959,3450,SENE 2-162-79,CARDINAL & GREAT AMERICAN EXPLORATION,BJORNE AND ROSE BORGEN 1,SOUTH LANDA
5466,,3300901133,OG,PA,4/24/1997,3223,SWSW 2-162-79,BALLANTYNE OIL,FORDE 1,SOUTH LANDA
5501,,3300901139,OG,PA,6/22/2016,3203,NWSW 2-162-79,"31 OPERATING, LLC",FORDE 2,SOUTH LANDA
5524,,3300901145,OG,DRY,11/6/1974,3252,SWNW 2-162-79,TOLCO OIL & GAS,NEWHOUSE 1,SOUTH LANDA
6286,,3300901253,OG,DRY,9/5/1977,3246,SESE 2-162-79,"GEORESOURCES, INC.",HALVORSON 1,SOUTH LANDA
13488,405466,3300901937,WI,PA,7/26/2023,3280,NESE 3-162-79,"31 OPERATING, LLC",NEWHOUSE 2R,SOUTH LANDA
2104,,3300900376,OG,PA,10/23/1959,3310,NWNE 3-162-79,CARDINAL & GREAT AMERICAN EXPLORATION,ALFRED MARTINSON 1,SOUTH LANDA
288,,3300900016,OG,PA,8/12/1953,3601,NESE 3-162-79,NATIONAL ASSOCIATED PETROLEUM CO.,SARAH G. NEWHOUSE 1,SOUTH LANDA
6249,,3300901247,OG,DRY,8/7/1977,3219,NENE 3-162-79,"GREAT AMERICAN EXPLORATION, INC.",MARTINSON 1-A,SOUTH LANDA
8018,405466,3300901415,OG,PA,7/24/2023,3331,SENE 3-162-79,"31 OPERATING, LLC",NEWHOUSE 1-3,SOUTH LANDA
8776,,3300901506,OG,PNC,8/17/1982,,NENE 3-162-79,UNITED NATURAL RESOURCES CORP.,MARTINSON 1-3,SOUTH LANDA
8777,,3300901507,OG,PNC,8/17/1982,,NESE 3-162-79,UNITED NATURAL RESOURCES CORP.,NEWHOUSE 2-3,SOUTH LANDA
1435,,3300900166,OG,DRY,5/4/1957,3767,SWSE 4-162-79,CARDINAL DRILLING CO.,RAYMOND W. BANGS 1,SOUTHWEST LANDA
4782,407911,3300901032,OG,A,11/30/1969,3364,NWSW 4-162-79,COBRA OIL & GAS CORPORATION,WIBORG 1-4,SOUTHWEST LANDA
4926,,3300901056,OG,DRY,7/9/1970,3343,NWNE 4-162-79,CARDINAL & TOM BOLACK,RAYMOND BANGS 1,SOUTHWEST LANDA
5743,407911,3300901176,OG,IA,4/17/2025,3350,SENW 4-162-79,COBRA OIL & GAS CORPORATION,BANGS 1,SOUTHWEST LANDA
7827,,3300901402,OG,DRY,7/14/1980,3383,SESW 4-162-79,PHOENIX RESOURCES CO.,WIBORG 2-4,SOUTHWEST LANDA
20718,,3300902235,OG,PNC,12/11/2014,,SWNE 5-162-79,"BALLANTYNE OIL, LLC",WIBORG 1A-3-5,SOUTHWEST LANDA
22219,,3300902259,WI,A,3/4/2025,,SENE 5-162-79,COBRA OIL & GAS CORPORATION,WIBORG 3-5,SOUTHWEST LANDA
4827,,3300901040,WS,A,4/9/2013,3390,SENE 5-162-79,COBRA OIL & GAS CORPORATION,SWLMU WSW 1,SOUTHWEST LANDA
4828,407911,3300901041,OG,IA,3/18/2025,3515,SESE 5-162-79,COBRA OIL & GAS CORPORATION,WIBORG 2-5,SOUTHWEST LANDA
21777,,3300902249,OG,DRY,12/3/2011,3550,SWSW 6-162-79,"31 OPERATING, LLC",LODOEN 6-1H,SERGIS
35102,235102,3300902461,OG,A,9/4/2018,8108,LOT4 6-162-79,RESONANCE EXPLORATION (NORTH DAKOTA) LLC,RESONANCE LODOEN 4-6H NORTH,SERGIS
35174,235102,3300902462,OG,A,11/15/2019,7414,LOT4 6-162-79,RESONANCE EXPLORATION (NORTH DAKOTA) LLC,RESONANCE LODOEN 4-6H SOUTH,SERGIS
9299,109299,3300901546,WI,A,3/18/2025,3530,NWSW 6-162-79,RESONANCE EXPLORATION (NORTH DAKOTA) LLC,AUNE 1,SERGIS
5660,,3300901164,OG,DRY,7/12/1975,3424,NENW 7-162-79,PALMER OIL CO.,HAUGEN 1,SOUTH WESTHOPE
20720,120720,3300902236,WI,A,3/4/2025,3432,NESE 8-162-79,COBRA OIL & GAS CORPORATION,OLSON 2,SOUTHWEST LANDA
3004,,3300900638,OG,DRY,,,,,,
28,,3306700001,OG,DRY,10/11/1951,1095,NESW 7-163-55,TURNER OIL CO.,L. G. GAPP 1,WILDCAT
469,,3306700002,OG,DRY,12/10/1953,1392,SENE 8-163-55,TURNER OIL CO.,DWIGHT HOLMES 1,WILDCAT
99135,,3301999135,ST,DRY,,,18-163-58,CARTER OIL CO.,EMIL AMUNDSON B-8,WILDCAT
99018,,3301999018,ST,DRY,11/28/1955,,SESE 22-163-58,CARTER OIL CO.,OLE ROMFO B-5,WILDCAT
99134,,3301999134,ST,DRY,,,27-163-58,CARTER OIL CO.,OLE ROMFO B-7,WILDCAT
99133,,3301999133,ST,DRY,,,16-163-59,CARTER OIL CO.,HELL B-5,WILDCAT
99137,,3301999137,ST,DRY,,,31-163-60,CARTER OIL CO.,ANTHONY HILTNER B-10,WILDCAT
4562,,3301900016,OG,DRY,12/18/1968,1300,SESE 15-163-64,CHAMBERS & KENNEDY,EARL BASSINGTHWAITE 1,WILDCAT
171,,3309500002,OG,DRY,10/13/1952,3789,NWNE 18-163-65,F. H. RHODES,HAROLD MURPHY 1,WILDCAT
4976,,3309500024,OG,DRY,10/12/1970,2080,SWNE 22-163-65,EAGLE OIL CO.,ELMER COLE-STATE OF NORTH DAK. 1,WILDCAT
4889,,3309500023,OG,PNC,1/19/1971,,SENW 5-163-66,"DYNA RAY OIL & GAS COMPANY, INC.",CARL HABERSTROH 1,WILDCAT
4888,,3309500022,OG,PNC,1/19/1971,,NENE 24-163-67,"DYNA RAY OIL & GAS COMPANY, INC.",EDWARD HABERSTROH 1,WILDCAT
4979,,3309500025,OG,DRY,10/14/1970,2454,SWSW 24-163-67,"JAS. T. WAMSLEY, TRUSTEE",MURIEL H. JOHNSON 1,WILDCAT
4554,,3309500009,OG,DRY,12/23/1968,1639,SESE 6-163-68,CHAMBERS & KENNEDY,MICKELSON-STATE OF N. DAK. 1,WILDCAT
434,,3309500006,OG,DRY,10/1/1953,4436,NWNW 27-163-68,"MIDWEST EXPLORATION COMPANY, INC.",HENRY P. JUTENEN 1,WILDCAT
553,,3307900003,OG,DRY,4/16/1954,2681,NWSW 16-163-69,S. D. JOHNSON DRILLING CO.,WILLIS A. LAWSTON 1,WILDCAT
4886,,3307900031,OG,PNC,1/16/1971,,NESE 27-163-69,"DYNA RAY OIL & GAS COMPANY, INC.",ROBERT E. THEEL 1,WILDCAT
579,,3307900007,OG,DRY,5/14/1954,2825,SWSE 3-163-70,S. D. JOHNSON DRILLING CO.,MELVIN TINGELSTAD 1,WILDCAT
9574,,3307900043,OG,PNC,7/8/1983,,NESE 30-163-70,DIAMOND SHAMROCK EXPLORATION CO.,BELCOURT TRIBAL 43-30 3,WILDCAT
9573,,3307900042,OG,PNC,7/8/1983,,SWSE 34-163-70,DIAMOND SHAMROCK EXPLORATION CO.,BELCOURT ALLOTTED 34-34 5,WILDCAT
9575,,3307900044,OG,PNC,7/8/1983,,NWNW 21-163-71,DIAMOND SHAMROCK EXPLORATION CO.,BELCOURT TRIBAL 11-21 2,WILDCAT
659,,3307900011,OG,DRY,8/20/1954,3660,NWSW 5-163-72,SUN EXPLORATION & PRODUCTION CO.,ARTHUR ESPE 1,WILDCAT
11018,,3307900047,OG,DRY,7/18/1984,3536,SWNW 17-163-72,EASON OIL CO.,METCALFE 1-17,WILDCAT
14549,,3307900052,OG,DRY,1/3/1997,3275,SESW 19-163-72,WEST BAY EXPLORATION CO.,ARTHUR SEIM 1,WILDCAT
981,,3307900018,OG,DRY,10/4/1955,3580,SENE 26-163-72,LION OIL COMPANY,PETER DANIELSON 1,WILDCAT
6374,,3307900036,OG,DRY,2/24/1978,3256,SWSW 4-163-73,"CHAPMAN EXPLORATION, INC.",N. W. KNUTSON 1,WILDCAT
806,,3307900015,OG,DRY,1/6/1955,4830,NESE 14-163-73,BRITISH-AMERICAN OIL PRODUCING CO.,HENRY DIETRICH 1,WILDCAT
6052,,3307900035,OG,DRY,1/26/1977,3294,NENE 16-163-73,H. A. CHAPMAN,STATE OF NORTH DAKOTA 1,WILDCAT
7377,,3307900038,OG,DRY,11/24/1979,3246,SENE 22-163-73,"SOUTH RANCH OIL COMPANY, INC.",MEDLANG 1,WILDCAT
14988,,3307900056,OG,DRY,6/17/2000,3716,NWSE 27-163-73,"EAGLE OPERATING, INC.",STRONG 27-10,WILDCAT
6016,,3307900034,OG,DRY,11/9/1976,3267,NENW 27-163-73,H. A. CHAPMAN,R. A. CHRISTIANSON 1,WILDCAT
8352,,3307900039,OG,DRY,3/26/1981,3524,NESW 30-163-73,HUNT ENERGY CORP.,HELEN BYE 1,WILDCAT
685,,3307900012,OG,DRY,10/18/1954,5274,SWSW 32-163-73,BRITISH-AMERICAN OIL PRODUCING CO.,P. WENSTAD 1,WILDCAT
927,,3307900017,OG,DRY,8/5/1955,3755,NESW 36-163-73,LION OIL COMPANY,STATE OF NORTH DAKOTA 1,WILDCAT
1184,,3300900124,OG,DRY,7/13/1956,3980,NENE 7-163-74,MONSANTO CHEMICAL CO.,PILLOUD 1,WILDCAT
955,,3300900091,OG,DRY,9/9/1955,4015,SWNW 7-163-74,LION OIL COMPANY,ROY LARSON 1,WILDCAT
12061,,3300901787,OG,DRY,11/30/1986,3450,NWNE 10-163-74,"CHAPMAN EXPLORATION, INC.",RUDE 1,WILDCAT
11046,,3300901686,OG,DRY,7/25/1984,3457,NESE 20-163-74,EASON OIL CO.,PETERSON 1-20,WILDCAT
3000,,3300900637,OG,DRY,9/20/1961,3482,NENW 20-163-74,AMERADA HESS CORPORATION,OLE HAUGEN 1,WILDCAT
1673,,3300900226,OG,DRY,12/21/1957,3881,NESW 23-163-74,GENERAL CRUDE OIL CO.,MARTIN RUDE 1,WILDCAT
4643,,3300901003,OG,DRY,6/5/1969,3433,NESW 10-163-75,I. J. WILHITE-GLEN BURTON,WILLIAM HAHN 1,WILDCAT
5913,,3300901198,OG,DRY,6/19/1976,3475,SWNW 15-163-75,HAWN BROTHERS & HANOVER MANAGEMENT CO.,ROLAND 1,WILDCAT
110,,3300900004,OG,DRY,9/8/1952,6439,NWNW 23-163-75,LION OIL COMPANY,HUSS 1,WILDCAT
10762,,3300901647,OG,DRY,10/27/1984,3600,NENW 26-163-75,"BROSCHAT ENGINEERING & MANAGEMENT SERVICES, INC.",THOMPSON 1,WILDCAT
503,,3300900033,OG,DRY,2/3/1954,3510,NESW 27-163-75,CALVERT EXPLORATION CO.,ANDREW CHRISTIANSON 1,WILDCAT
4894,,3300901049,OG,DRY,7/9/1985,3436,SWSE 28-163-75,"QUE WEST RESOURCES, INC.",LARSON 1,WILDCAT
5023,,3300901062,OG,DRY,5/20/1971,3425,NENE 32-163-75,BARRON KIDD-BALLANTYNE BROTHERS,VELMA WALL-FEDERAL LAND BANK 1,WILDCAT
7022,,3300901335,OG,DRY,9/22/1983,3425,NENE 32-163-75,"GREAT AMERICAN ROYALTIES, INC.",VELMA WALL BULTMAN 1-R,WILDCAT
25558,,3300902313,OG,PNC,12/18/2018,,NWSW 5-163-76,"BALLANTYNE OIL, LLC",LEGACY ET AL HANSEN PAGER 12-5H,NORTH SOURIS
21820,221820,3300902250,OG,A,6/4/2024,7235,SWSW 6-163-76,"FULCRUM ENERGY OPERATING, LLC",LEGACY ET AL BERGE 13-6H,NORTH SOURIS
21821,221821,3300902251,OG,A,10/30/2012,7260,SWNW 6-163-76,"FULCRUM ENERGY OPERATING, LLC",LEGACY ET AL WUNDERLICH 5-6H,NORTH SOURIS
25054,221821,3300902307,OG,A,4/4/2023,7243,SWNW 6-163-76,"FULCRUM ENERGY OPERATING, LLC",LEGACY ET AL WUNDERLICH 5-6 2H,NORTH SOURIS
25993,221820,3300902327,OG,IA,8/19/2025,7126,SWSW 6-163-76,"FULCRUM ENERGY OPERATING, LLC",LEGACY ET AL BERGE  13-6 2H,NORTH SOURIS
26003,226003,3300902328,OG,A,12/19/2023,7200,NWNW 6-163-76,"FULCRUM ENERGY OPERATING, LLC",LEGACY ET AL BERGE 4-6H,NORTH SOURIS
26004,226003,3300902329,OG,A,9/27/2024,7228,LOT4 6-163-76,"FULCRUM ENERGY OPERATING, LLC",LEGACY ET AL BERGE 4-6 2H,NORTH SOURIS
28211,228211,3300902375,OG,A,7/9/2014,7208,NWSW 6-163-76,"FULCRUM ENERGY OPERATING, LLC",LEGACY ET AL BERGE 12-6 H,NORTH SOURIS
28212,228211,3300902376,OG,A,1/15/2019,7191,NWSW 6-163-76,"FULCRUM ENERGY OPERATING, LLC",LEGACY ET AL BERGE 12-6 2H,NORTH SOURIS
21887,225752,3300902252,WI,AB,3/18/2025,7150,SWSW 7-163-76,"FULCRUM ENERGY OPERATING, LLC",LEGACY ETAL BERNSTEIN  13-7H,RED ROCK
21921,221921,3300902253,OG,IA,10/17/2025,7237,SWNW 7-163-76,"FULCRUM ENERGY OPERATING, LLC",LEGACY ETAL BERGE 5-7H,RED ROCK
25712,225712,3300902321,OG,A,7/17/2013,7200,NWSW 7-163-76,"FULCRUM ENERGY OPERATING, LLC",LEGACY ET AL BERNSTEIN 12-7H,RED ROCK
25752,225752,3300902324,OG,A,11/3/2023,7004,SWSW 7-163-76,"FULCRUM ENERGY OPERATING, LLC",LEGACY ET AL BERNSTEIN 13-7 2H,RED ROCK
25816,221921,3300902326,OG,A,9/27/2024,7240,SWNW 7-163-76,"FULCRUM ENERGY OPERATING, LLC",LEGACY ETAL BERGE 5-7 2H,RED ROCK
26255,225712,3300902336,OG,A,9/26/2013,7200,LOT3 7-163-76,"FULCRUM ENERGY OPERATING, LLC",LEGACY ET AL BERNSTEIN 12-7 2H,RED ROCK
28210,221921,3300902374,OG,A,5/15/2017,7298,NWNW 7-163-76,"FULCRUM ENERGY OPERATING, LLC",LEGACY ET AL BERGE 4-7 H,RED ROCK
28957,221921,3300902403,OG,A,1/14/2022,7325,SWNW 7-163-76,"FULCRUM ENERGY OPERATING, LLC",LEGACY ET AL BERGE 5-7 3H,RED ROCK
25517,225517,3300902311,OG,A,6/26/2013,7164,SWSW 8-163-76,"FULCRUM ENERGY OPERATING, LLC",LEGACY ET AL BERNSTEIN BARBOT 13-8H,RED ROCK
27212,225517,3300902353,OG,IA,11/18/2025,7229,SWSW 8-163-76,"FULCRUM ENERGY OPERATING, LLC",LEGACY ET AL BERNSTEIN BARBOT 13-8 2H,RED ROCK
28517,228517,3300902390,OG,IA,5/17/2025,7165,SWNW 8-163-76,"FULCRUM ENERGY OPERATING, LLC",LEGACY ET AL WUNDERLICH 5-8H,RED ROCK
28518,228517,3300902391,OG,A,3/21/2020,7240,SWNW 8-163-76,"FULCRUM ENERGY OPERATING, LLC",LEGACY ET AL WUNDERLICH 5-8 2H,RED ROCK
28675,228675,3300902393,OG,A,7/4/2025,7170,NWSW 8-163-76,"FULCRUM ENERGY OPERATING, LLC",LEGACY ET AL BERNSTEIN BARBOT 12-8H,RED ROCK
28676,228675,3300902394,OG,A,7/4/2025,7357,NWSW 8-163-76,"FULCRUM ENERGY OPERATING, LLC",LEGACY ET AL BERNSTEIN BARBOT 12-8 2H,RED ROCK
21482,121482,3300902245,OG,PA,7/13/2016,2983,SWSW 16-163-76,"BALLANTYNE OIL, LLC",LEGACY ETAL SETER  13-16H,RED ROCK
21922,221922,3300902254,OG,A,3/25/2020,7038,SWSW 17-163-76,"FULCRUM ENERGY OPERATING, LLC",LEGACY ETAL BERNSTEIN 13-17H,RED ROCK
22364,222364,3300902263,OG,A,10/26/2012,7203,SWNW 17-163-76,"FULCRUM ENERGY OPERATING, LLC",LEGACY ETAL BERNSTEIN 5-17H,RED ROCK
25273,222364,3300902309,OG,A,4/8/2020,7215,SWNW 17-163-76,"FULCRUM ENERGY OPERATING, LLC",LEGACY ET AL BERNSTEIN 5-17H 2H,RED ROCK
25702,221922,3300902320,OG,A,3/25/2020,7218,SWSW 17-163-76,"FULCRUM ENERGY OPERATING, LLC",LEGACY ET AL BERNSTEIN 13-17 2H,RED ROCK
27534,227534,3300902357,OG,A,5/7/2014,7229,NWSW 17-163-76,"FULCRUM ENERGY OPERATING, LLC",LEGACY ET AL BERNSTEIN 12-17H,RED ROCK
27535,227534,3300902358,OG,A,4/11/2020,7229,NWSW 17-163-76,"FULCRUM ENERGY OPERATING, LLC",LEGACY ET AL BERNSTEIN 12-17 2H,RED ROCK
27536,227536,3300902359,OG,A,4/12/2020,7252,NWNW 17-163-76,"FULCRUM ENERGY OPERATING, LLC",LEGACY ET AL BERNSTEIN 4-17 H,RED ROCK
27537,227536,3300902360,OG,A,2/18/2025,7250,NWNW 17-163-76,"FULCRUM ENERGY OPERATING, LLC",LEGACY ET AL BERNSTEIN 4-17 2H,RED ROCK
1302,,3300900144,OG,DRY,11/1/1956,3360,SESE 18-163-76,"CALVERT DRILLING, INC.",HAGBOE 1,WILDCAT
19613,219613,3300902226,OG,A,5/15/2019,7000,NWSW 18-163-76,"FULCRUM ENERGY OPERATING, LLC",LEGACY ETAL FETT 12-18 1-H,RED ROCK
21323,221323,3300902243,OG,A,3/15/2019,6936,NWNW 18-163-76,"FULCRUM ENERGY OPERATING, LLC",LEGACY ETAL BERNSTEIN 4-18H 1-H,RED ROCK
25024,221323,3300902306,OG,A,3/15/2019,7050,NWNW 18-163-76,"FULCRUM ENERGY OPERATING, LLC",LEGACY ET AL BERNSTEIN 4-18H 2H,RED ROCK
25750,225751,3300902322,OG,A,10/15/2017,7126,SWNW 18-163-76,"FULCRUM ENERGY OPERATING, LLC",LEGACY ET AL SHILLANDER 5-18H,RED ROCK
25751,225751,3300902323,OG,A,9/6/2013,7126,SWNW 18-163-76,"FULCRUM ENERGY OPERATING, LLC",LEGACY ET AL SHILLANDER 5-18 2H,RED ROCK
27855,219613,3300902370,OG,A,5/22/2014,7159,SWSW 18-163-76,"FULCRUM ENERGY OPERATING, LLC",LEGACY ET AL FETT 13-18 2H,RED ROCK
27856,219613,3300902371,OG,A,8/30/2024,7159,SWSW 18-163-76,"FULCRUM ENERGY OPERATING, LLC",LEGACY ET AL FETT 13-18 H,RED ROCK
90316,,3300990316,SWD,A,3/15/2019,2452,NWNW 18-163-76,"FULCRUM ENERGY OPERATING, LLC",SWD BERNSTEIN 4-18-163N-76W,RED ROCK
11128,,3300901693,OG,PA,8/14/1987,4000,NWNW 19-163-76,"KENNEDY & MITCHELL, INC.",LINDSTROM DANA LAKE 55-751-1,WILDCAT
19462,,3300902220,SWD,AB,9/17/2025,6122,NWNW 19-163-76,"FULCRUM ENERGY OPERATING, LLC",LEGACY ETAL EMERY NORM 4-19H 1-H,RED ROCK
19682,119682,3300902228,OG,PA,11/2/2022,7170,NWSW 19-163-76,"BALLANTYNE OIL, LLC",LEGACY ETAL FETT 12-19H 1-H,RED ROCK
25214,125214,3300902308,OG,IA,9/17/2025,7098,NWNW 19-163-76,"FULCRUM ENERGY OPERATING, LLC",LEGACY ET AL EMERY NORM 4-19H 2H,RED ROCK
1524,,3300900188,OG,DRY,9/12/1957,3387,SENW 21-163-76,PLACID OIL CO.,EDWIN H. PAULSON 1,WILDCAT
11060,,3300901687,OG,DRY,10/2/1991,3256,NESE 30-163-76,"GEORESOURCES, INC.",SJULE CARBURY 55-753-2,WILDCAT
6359,,3300901267,OG,DRY,11/23/1977,3145,SENW 32-163-76,WHITESTONE CORP.,KORTGAARD 1-32,WILDCAT
11127,,3300901692,OG,DRY,10/1/1984,4000,SWNW 33-163-76,"KENNEDY & MITCHELL, INC.",ORKE CARBURY 55-753-3,WILDCAT
2386,,3300900477,OG,DRY,7/4/1959,3169,NESW 34-163-76,"GREAT AMERICAN EXPLORATION, INC.",LUDVIG WALL 1,WILDCAT
24177,124177,3300902295,OG,PA,6/29/2016,7004,NWNW 34-163-76,"BALLANTYNE OIL, LLC",LEGACY ETAL WALL 4-34H,RED ROCK
19612,,3300902225,OG,PA,7/14/2017,7052,NESE 1-163-77,"BALLANTYNE OIL, LLC",LEGACY ET AL BERGE 9-1H 1-H,NORTH SOURIS
21549,221549,3300902247,OG,A,9/27/2024,7205,NENE 1-163-77,"FULCRUM ENERGY OPERATING, LLC",LEGACY ET AL BERGE 1-1H,NORTH SOURIS
23073,123073,3300902267,OG,A,2/18/2013,5784,SWNW 1-163-77,"FULCRUM ENERGY OPERATING, LLC",CORINTHIAN MCCULLOUGH 5-1 1-H,NORTH SOURIS
25697,125697,3300902319,OG,A,9/10/2013,6050,NWSW 1-163-77,"FULCRUM ENERGY OPERATING, LLC",CORINTHIAN BERGE 12-1 1-H,NORTH SOURIS
28989,221549,3300902404,OG,A,9/27/2024,7240,SENE 1-163-77,"FULCRUM ENERGY OPERATING, LLC",LEGACY ET AL BERGE 8-1H,NORTH SOURIS
170,,3300900005,OG,DRY,10/25/1952,5098,SESW 2-163-77,LION OIL COMPANY,MAGNUSON 1,WILDCAT
23704,222257,3300902278,OG,A,11/25/2025,5784,SWNW 2-163-77,"FULCRUM ENERGY OPERATING, LLC",CORINTHIAN BOWERS 5-2 1-H,NORTH SOURIS
29201,222257,3300902411,OG,A,3/5/2024,5750,NWSW 2-163-77,"FULCRUM ENERGY OPERATING, LLC",CORINTHIAN BERGE 12-2 1-H,NORTH SOURIS
29202,222257,3300902412,OG,A,10/10/2014,5735,NWSW 2-163-77,"FULCRUM ENERGY OPERATING, LLC",CORINTHIAN BERGE 12-2 2-H,NORTH SOURIS
12496,212496,3300901841,OG,PA,5/19/2021,3215,NWSW 3-163-77,"BALLANTYNE OIL, LLC",PEDERSON 13-3,NORTH SOURIS
15935,212496,3300902103,OG,PA,5/12/2021,3140,SWNW 3-163-77,"BALLANTYNE OIL, LLC",GILBERT 1,NORTH SOURIS
1953,,3300900310,OG,DRY,7/31/1958,3082,NENW 3-163-77,CARDINAL DRILLING CO.,RAYMOND OLSON 1,NORTH SOURIS
22257,222257,3300902261,OG,A,7/30/2024,5750,SENE 3-163-77,"FULCRUM ENERGY OPERATING, LLC",CORINTHIAN BOWERS 8-3  1-H,NORTH SOURIS
26762,222257,3300902346,OG,A,12/19/2023,6130,NESE 3-163-77,"FULCRUM ENERGY OPERATING, LLC",CORINTHIAN BOWERS 9-3 1-H,NORTH SOURIS
28426,228426,3300902382,OG,A,7/15/2018,5830,NWNW 3-163-77,"FULCRUM ENERGY OPERATING, LLC",CORINTHIAN LOCHNER 4-3 1-H,NORTH SOURIS
28456,,3300902386,OG,PNC,3/30/2015,,NWNW 3-163-77,CORINTHIAN EXPLORATION (USA) CORP,CORINTHIAN 2-LOCHNER 4-3 1-M,NORTH SOURIS
4373,,3300900983,OG,DRY,2/5/1968,3242,SWSE 3-163-77,SOUTHLAND ROYALTY CO.,G. O. BERGE ET AL 1,NORTH SOURIS
4625,,3300901001,OG,PA,1/2/1970,3040,NWSW 3-163-77,CHAMPLIN PETROLEUM CO.,PEDERSON 1,NORTH SOURIS
4649,,3300901007,OG,DRY,1/1/1970,3160,SWSW 3-163-77,CHAMPLIN PETROLEUM CO.,TORHOL 1,NORTH SOURIS
5475,,3300901135,OG,DRY,9/10/1974,3034,SWNW 3-163-77,GEMINI CORP.,PEDERSON 1-3,NORTH SOURIS
90110,,3300990110,SWD,A,7/4/2025,2380,NWSW 3-163-77,"FULCRUM ENERGY OPERATING, LLC",GILBERT SWD 1,NORTH SOURIS
9549,,3300901555,OG,DRY,5/31/1982,3991,SWNE 3-163-77,"PETROLEUM, INC.",SMESTAD 1,WILDCAT
11317,228426,3300901715,OG,A,11/1/2024,3150,NENE 4-163-77,"FULCRUM ENERGY OPERATING, LLC",OLSON 2-104,NORTH SOURIS
1627,,3300900215,OG,DRY,11/13/1957,3226,NESE 4-163-77,HUNT OIL COMPANY,KAROLINE NESTEBOE 1,NORTH SOURIS
19385,119385,3300902217,OG,PA,7/13/2022,3200,NENW 4-163-77,"BALLANTYNE OIL, LLC",BERNSTEIN 4B 1,NORTH SOURIS
25685,125685,3300902317,OG,A,7/4/2025,5849,NESE 4-163-77,"FULCRUM ENERGY OPERATING, LLC",CORINTHIAN BRANDJORD 9-4 1-H,NORTH SOURIS
25696,228426,3300902318,OG,A,9/14/2013,5904,LOT1 4-163-77,"FULCRUM ENERGY OPERATING, LLC",CORINTHIAN LOCHNER 1-4 1-H,NORTH SOURIS
28447,228426,3300902383,OG,A,10/1/2014,5950,SENE 4-163-77,"FULCRUM ENERGY OPERATING, LLC",CORINTHIAN LOCHNER 8-4 3-H,NORTH SOURIS
28448,228426,3300902384,OG,A,10/1/2014,5826,SENE 4-163-77,"FULCRUM ENERGY OPERATING, LLC",CORINTHIAN LOCHNER 8-4 2-H,NORTH SOURIS
28449,228426,3300902385,OG,A,5/13/2025,5826,SENE 4-163-77,"FULCRUM ENERGY OPERATING, LLC",CORINTHIAN LOCHNER 8-4 1-H,NORTH SOURIS
10244,,3300901607,OG,DRY,2/14/1987,3212,NWNE 5-163-77,"GOFOR OIL, INC.",KORNKVEN 15-5,NORTH SOURIS
10321,,3300901613,OG,DRY,8/15/1983,3048,NENW 5-163-77,JACK ROUSE OIL PROPERTIES,MORK 14-5,NORTH SOURIS
11185,,3300901698,OG,DRY,2/16/1987,3037,SENE 5-163-77,"GOFOR OIL, INC.",ILA 1,NORTH SOURIS
12757,,3300901867,OG,DRY,3/13/1991,3065,NWNE 5-163-77,"TURTLE MOUNTAIN GAS & OIL, INC.",KORNKVEN 2-5,NORTH SOURIS
19386,119386,3300902218,OG,PA,6/18/2022,3150,NWSE 5-163-77,"BALLANTYNE OIL, LLC",BERNSTEIN 1,NORTH SOURIS
12940,,3300901878,OG,DRY,10/2/1992,3159,SESW 6-163-77,"PETROREP, INC.",PETROREP IHLA 3-6-163-77,SOURIS
15193,115193,3300902051,OG,PA,11/4/2014,5865,SESE 6-163-77,EMPIRE NORTH DAKOTA LLC,FREDLUND 16-6H,SOURIS
13257,,3300901918,OG,DRY,10/16/1991,3112,SWNW 7-163-77,DISCOVERY GEOSERVICES CORP.,SKARPHOL 1,WILDCAT
1528,,3300900192,OG,DRY,9/10/1957,3315,NWNE 7-163-77,HUNT OIL COMPANY,BENNIE M. SKARPHOL 1,NORTH SOURIS
10432,,3300901627,OG,DRY,10/4/1984,3100,NWNW 9-163-77,"WILLISTON TANK RENTAL, INC.",M. NORSTEGAARD 1,NORTH SOURIS
12413,,3300901828,OG,PA,8/22/1990,3185,SENE 9-163-77,PATRICK PETROLEUM CO.,PATRICK-OLSON 1-9,WILDCAT
12528,,3300901845,OG,DRY,10/18/1988,3200,NENE 9-163-77,PATRICK PETROLEUM CO.,INGVALD TORHOL 1-9,WILDCAT
26336,,3300902337,OG,PA,7/25/2017,5777,SENE 9-163-77,"BALLANTYNE OIL, LLC",CORINTHIAN DERR 8-9 1-H,RED ROCK
5961,,3300901204,OG,DRY,9/8/1976,3200,SESE 9-163-77,GEMINI CORP.,TORHOL 1,WILDCAT
90073,,3300990073,SWD,PNC,5/15/1990,,SENE 9-163-77,PATRICK PETROLEUM CO.,OLSON SWD 2-9,WILDCAT
15194,,3300902052,OG,DRY,3/21/2008,5390,SENE 10-163-77,"HRC OPERATING, LLC",KORNKVEN 8-10H,WILDCAT
4671,,3300901015,OG,DRY,5/15/1969,3270,NWSE 10-163-77,CHAMPLIN PETROLEUM CO.,FAIRWEATHER 1,NORTH SOURIS
10649,,3300901643,OG,PA,10/1/1988,3300,SENW 11-163-77,"KENNEDY & MITCHELL, INC.",MAGNUSON TURTLE MOUNTAIN 55-752-1,RED ROCK
24148,224148,3300902294,OG,A,10/20/2020,7240,SENE 11-163-77,"FULCRUM ENERGY OPERATING, LLC",LEGACY ET AL BERGE 8-11H,RED ROCK
27211,224148,3300902352,OG,IA,6/17/2025,7240,SENE 11-163-77,"FULCRUM ENERGY OPERATING, LLC",LEGACY ET AL BERGE 8-11 2H,RED ROCK
1480,,3300900178,OG,DRY,7/18/1957,3340,SESW 12-163-77,"CALVERT DRILLING, INC.",JOHANNA BOTTEN 1,WILDCAT
19588,119588,3300902224,OG,A,4/1/2020,7210,NWSW 12-163-77,"FULCRUM ENERGY OPERATING, LLC",LEGACY ETAL BERGE 12-12H 1-H,RED ROCK
21389,221921,3300902244,OG,A,1/15/2018,6621,NENE 12-163-77,"FULCRUM ENERGY OPERATING, LLC",LEGACY ET AL BERGE 1-12H,RED ROCK
11446,,3300901727,OG,DRY,3/31/1985,3200,SWSW 13-163-77,UNION TEXAS PETROLEUM CORP.,KORNKVEN-SHILLANDER 1,WILDCAT
12088,,3300901791,OG,DRY,2/17/1987,3140,SESE 16-163-77,BALLANTYNE OIL,TORHOL 1,HARAM
12465,,3300901836,OG,PA,8/30/2016,3200,SWSW 16-163-77,CITATION OIL & GAS CORP.,HAAKENSTAD 14-16 4,HARAM
2025,,3300900348,OG,DRY,9/30/1958,3230,NWNW 16-163-77,TOM JORDAN,TORHOL-STATE OF NORTH DAKOTA 1,WILDCAT
26162,,3300902334,OG,PNC,12/11/2014,,SESE 16-163-77,CORINTHIAN EXPLORATION (USA) CORP,CORINTHIAN SIVERTSON 16-16 1-H,WILDCAT
64,,3300900003,OG,DRY,6/18/1952,6420,SWNW 18-163-77,HUNT OIL COMPANY,OLIVER OLSON 1,WILDCAT
10589,,3300901638,OG,PNC,4/1/1985,,SWNE 20-163-77,"DORCHESTER EXPLORATION, INC.",SIVERTSON 32 20,WILDCAT
12575,,3300901850,OG,PA,8/21/1990,3196,SENE 20-163-77,PATRICK PETROLEUM CO.,SIVERTSON 1-20,HARAM
24876,,3300902301,OG,PNC,5/29/2013,,NWSE 20-163-77,CORINTHIAN EXPLORATION (USA) CORP,HARAM  00 NWSE 20,HARAM
11962,111962,3300901777,OG,A,2/1/2017,3190,NESW 21-163-77,CITATION OIL & GAS CORP.,TREND HEARONEMUS 23-21 1,HARAM
12247,112247,3300901799,OG,IA,12/17/2024,3200,SENW 21-163-77,CITATION OIL & GAS CORP.,HAAKENSTAD 22-21 1,HARAM
12252,112252,3300901800,OG,A,12/5/2023,3155,NWSE 21-163-77,CITATION OIL & GAS CORP.,MADSEN-JOHNSON 33-21 1,HARAM
12353,212382,3300901809,OG,AB,8/19/2025,3200,NESE 21-163-77,CITATION OIL & GAS CORP.,MOEN TRUST 43-21 2,HARAM
12367,,3300901813,OG,PA,6/9/2017,3192,SESW 21-163-77,CITATION OIL & GAS CORP.,HEARONEMUS 24-21 2,HARAM
12368,212368,3300901814,OG,A,11/22/2022,3200,NWNW 21-163-77,CITATION OIL & GAS CORP.,HAAKENSTAD 11-21 2,HARAM
12380,112380,3300901816,SWD,A,9/15/2011,3200,SWSE 21-163-77,CITATION OIL & GAS CORP.,MADSEN-JOHNSON 34-21 2,HARAM
12382,212382,3300901817,OG,A,9/6/2023,3200,SENE 21-163-77,CITATION OIL & GAS CORP.,MOEN TRUST 42-21 3,HARAM
13136,,3300901903,OG,PA,8/26/2016,3202,SWNW 21-163-77,CITATION OIL & GAS CORP.,HAAKENSTAD 12-21 5,HARAM
13138,,3300901905,OG,PA,8/29/2016,3200,NENW 21-163-77,CITATION OIL & GAS CORP.,HAAKENSTAD 21-21 3,HARAM
13753,,3300901969,OG,PNC,5/28/1996,,NWNW 21-163-77,APACHE CORPORATION,HARAM 11-21H,HARAM
13774,,3300901971,OG,PNC,5/28/1996,,SENE 21-163-77,APACHE CORPORATION,HARAM 42-21H,HARAM
19327,119327,3300902215,OG,A,5/15/2019,6665,SWSE 21-163-77,CITATION OIL & GAS CORP.,HARAM 34-21H,HARAM
23711,212367,3300902279,SWD,A,1/14/2022,4228,SESW 21-163-77,CITATION OIL & GAS CORP.,HARAM 24-21H,HARAM
90071,,3300990071,SWD,PNC,9/20/1989,,NESW 21-163-77,"WACKER OIL, INC.",HEARONEMUS 23-21 3 SWD,HARAM
504,,3300900034,OG,DRY,12/29/1953,3370,NENE 22-163-77,CALVERT EXPLORATION CO.,S. H. HAAKENSTAG 1,WILDCAT
24950,,3300902305,OG,PNC,5/29/2013,,SENE 23-163-77,CORINTHIAN EXPLORATION (USA) CORP,HARAM  00 SENE 23,WILDCAT
11174,,3300901697,OG,PNC,11/20/1985,,NENE 24-163-77,"KENNEDY & MITCHELL, INC.",SJULE DANA LAKE 55-751-2,WILDCAT
1426,,3300900163,OG,DRY,4/21/1957,3340,SWNE 25-163-77,CARDINAL DRILLING CO.,RAY SJULE 1,WILDCAT
14311,,3300901987,OG,DRY,6/20/1996,3352,SWNE 26-163-77,SRL EXPLORATION INC.,SRL EXPLORATION INC. CARL WALL 1,WILDCAT
11531,111531,3300901734,OG,PA,7/9/2022,3190,SWSW 27-163-77,CITATION OIL & GAS CORP.,TREND SIVERTSON 14-27 1,HARAM
939,,3300900086,OG,DRY,8/23/1955,3310,SENW 27-163-77,LION OIL COMPANY,EINAR MADSEN 1,WILDCAT
11448,,3300901728,OG,PA,9/18/1999,4100,NESE 28-163-77,CITATION OIL & GAS CORP.,TREND SKAADEN 43-28 1,HARAM
11548,,3300901736,SWD,PA,6/7/2012,3225,SENE 28-163-77,CITATION OIL & GAS CORP.,TREND MOEN TRUST 42-28 1,HARAM
11633,,3300901750,SWD,PA,6/12/2012,3192,SESE 28-163-77,CITATION OIL & GAS CORP.,TREND SKAADEN 44-28 2,HARAM
12390,212390,3300901819,OG,A,1/14/2022,3182,SWNE 28-163-77,CITATION OIL & GAS CORP.,MADSEN-JOHNSON 32-28 3,HARAM
12466,212390,3300901837,OG,A,7/20/2020,3200,NENW 28-163-77,CITATION OIL & GAS CORP.,MADSEN-JOHNSON 21-28 5,HARAM
13026,113026,3300901887,SWD,PA,8/25/2020,3180,NWNE 28-163-77,CITATION OIL & GAS CORP.,MADSEN-JOHNSON 31-28 4,HARAM
13189,,3300901911,OG,DRY,8/20/1991,3135,SENW 28-163-77,"WACKER OIL, INC.",MADSEN-JOHNSON 22-28 6,HARAM
26150,,3300902333,OG,PA,6/21/2022,5864,NENE 28-163-77,"BALLANTYNE OIL, LLC",CORINTHIAN BRENDEN 1-28 1-H,HARAM
10452,,3300901629,OG,DRY,7/11/1986,4150,NENW 29-163-77,"DORCHESTER EXPLORATION, INC.",MCDONALD 21-29,WILDCAT
18929,,3300902183,OG,DRY,8/30/2010,,LOT1 30-163-77,"EOG RESOURCES, INC.",SKIPJACK 1-30H,WILDCAT
10236,,3300901606,OG,PA,10/17/1986,3128,NWSE 31-163-77,"ICG PETROLEUMS, INC.",COLUMBIA GLINZ 1B,WILDCAT
7236,,3300901359,OG,PNC,9/3/1980,,SESW 32-163-77,CENTAUR OIL CO.,KORMAN 1,WILDCAT
9521,,3300901553,OG,DRY,4/26/1982,3228,NWSW 32-163-77,DAMSON OIL CORP.,KORMAN 13-32,WILDCAT
13606,,3300901951,OG,DRY,10/22/1993,3145,NENE 33-163-77,"SENTINEL OPERATING, INC.",COUNTS 1-33,HARAM
2014,,3300900343,OG,DRY,9/23/1958,3300,NENW 35-163-77,TOM JORDAN & CAPPY RICKS,NASHUA BANK 1,WILDCAT
9747,,3300901572,OG,DRY,9/22/1982,3200,SWNE 36-163-77,BRIDGER ENERGY ASSOCIATES,AASHEIM ET AL 1,WILDCAT
3911,,3300900898,OG,PNC,7/12/1966,,NESW 1-163-78,ANSCHUTZ OIL CO.,OLSON 1,WILDCAT
4272,,3300900973,OG,DRY,6/5/1967,3140,NESW 1-163-78,ANSCHUTZ CORPORATION,OLSON 1,SOURIS
9174,,3300901537,OG,PNC,10/20/1982,,NENE 1-163-78,"EMEFCO PETROLEUM, INC.",SIERKS-OLSON 1,SOURIS
3238,,3300900713,OG,DRY,3/15/1963,3118,SESE 2-163-78,I. J. WILHITE,CLARENCE NORDERHUS 1,SOURIS
12403,,3300901824,OG,DRY,9/27/1988,3200,NESE 3-163-78,"WACKER OIL, INC.",JORAANSTAD 43-3 1,SOURIS
12471,,3300901839,OG,DRY,7/4/1988,3200,NENE 3-163-78,"TURTLE MOUNTAIN GAS & OIL, INC.",JORAANSTAD 3-36,SOURIS
17569,,3300902141,OG,DRY,10/23/2008,3300,SWNW 3-163-78,ENERPLUS RESOURCES USA CORPORATION,KJELSHUS 5-3,SOURIS
2068,,3300900364,OG,DRY,11/28/1958,3243,NESW 3-163-78,CARDINAL & GREAT AMERICAN EXPLORATION,HAAKEN SKARPHOL 1,SOURIS
5636,,3300901157,OG,DRY,6/18/1975,3190,SESE 3-163-78,KISSINGER PETROLEUM CORP.,NORSTEGAARD 16-3,SOURIS
6461,,3300901280,OG,DRY,4/20/1978,3256,NWNE 3-163-78,ALASKA OIL & MINERALS CORP.,JORAANSTAD 1,SOURIS
12783,112783,3300901870,OG,A,8/29/2025,3250,NESE 4-163-78,EMPIRE NORTH DAKOTA LLC,BILLEHUS 43-4 1,NORTHEAST LANDA
3321,,3300900739,OG,DRY,2/6/1963,3169,NWSW 4-163-78,E.L.K. OIL CO.-JOHN C. KINARD,OLE KJELSHUS 1,NORTHEAST LANDA
3676,,3300900823,OG,PA,4/6/1973,3145,NWNW 4-163-78,CARDINAL PETROLEUM CO.,ANNE HAAKENSTAD 1,NORTHEAST LANDA
12611,,3300901855,OG,DRY,4/3/1989,3250,SWNW 5-163-78,"WACKER OIL, INC.",TANDE 12-5 1,NORTHEAST LANDA
1696,,3300900235,OG,DRY,12/24/1957,3223,SESE 5-163-78,CARDINAL DRILLING CO.,ALBIN ERICKSON 1,NORTHEAST LANDA
17655,117655,3300902148,OG,A,7/14/2009,3250,SENW 5-163-78,EMPIRE NORTH DAKOTA LLC,NE LANDA 6-5 I,NORTHEAST LANDA
3568,,3300900802,OG,PNC,5/4/1965,,NWNE 5-163-78,E. L. K. OIL COMPANY,ANTON ANDERSON 3,WILDCAT
3627,203483,3300900814,OG,A,10/4/2025,3127,NENE 5-163-78,EMPIRE NORTH DAKOTA LLC,ANTON A 1,NORTHEAST LANDA
4109,104109,3300900939,OG,A,11/22/2022,3135,SENE 5-163-78,EMPIRE NORTH DAKOTA LLC,HAAKENSTAD A 1,NORTHEAST LANDA
4144,,3300900947,OG,DRY,9/26/1966,3140,NWNE 5-163-78,CARDINAL PETROLEUM CO.,ANTON A-1,NORTHEAST LANDA
6027,,3300901222,OG,DRY,12/11/1976,3174,NESW 5-163-78,WISER OIL CO.,STEEN 11-5,NORTHEAST LANDA
6467,206467,3300901282,OG,PA,5/30/2025,3200,NWSE 5-163-78,EMPIRE NORTH DAKOTA LLC,ERICKSON F 1,NORTHEAST LANDA
7800,206467,3300901396,OG,PA,7/10/2024,3148,SWNE 5-163-78,EMPIRE NORTH DAKOTA LLC,ERICKSON F 2,NORTHEAST LANDA
3033,103033,3300900651,OG,A,9/4/2024,3084,NWNE 6-163-78,MUREX PETROLEUM CORPORATION,AFTEM A 1,NORTHEAST LANDA
3120,,3300900681,OG,DRY,3/16/1962,3078,NWNW 6-163-78,CARDINAL PETROLEUM CO.,EMIL ANDERSON 1-A,NORTHEAST LANDA
3139,,3300900688,OG,DRY,12/19/1964,3077,SENE 6-163-78,CARDINAL PETROLEUM CO.,OSCAR AFTEN 2,NORTHEAST LANDA
3320,,3300900738,OG,DRY,2/12/1963,3178,SESW 6-163-78,E.L.K. OIL CO.-JOHN C. KINARD,ARTHUR BILLEHUS 1,NORTHEAST LANDA
857,,3300900063,OG,PA,8/5/1958,3150,NWNW 6-163-78,CALVERT DRILLING CO.,EMIL ANDERSON 1,NORTHEAST LANDA
862,,3300900064,OG,DRY,5/5/1955,3180,SENW 6-163-78,CALVERT DRILLING CO.,EMIL ANDERSON 2,NORTHEAST LANDA
10246,,3300901608,OG,PA,10/12/1986,3290,SWSE 7-163-78,"ICG PETROLEUMS, INC.",COLUMBIA SVEEN 1,WILDCAT
7093,,3300901341,OG,DRY,7/25/1979,3215,NWSE 7-163-78,CENTAUR OIL CO.,SVEEN 1,NORTHEAST LANDA
975,,3300900098,OG,DRY,9/26/1955,3535,SWSW 7-163-78,"CALVERT DRILLING, INC.",SKURDALL AND SAND 1,WILDCAT
1695,,3300900234,OG,DRY,1/6/1958,3313,SWSE 8-163-78,CARDINAL DRILLING CO.,SIGURD HAAKENSTAD 1,SCANDIA
13188,,3300901910,OG,PA,4/29/1994,3250,NENE 9-163-78,APACHE CORPORATION,KJELSHUS 41-9 1,SCANDIA
13251,,3300901916,OG,PNC,2/11/1993,,NWSW 9-163-78,EARL SCHWARTZ,KJELSHUS 9-12,SCANDIA
1395,,3300900157,OG,PA,9/25/1967,3166,NWSE 9-163-78,CARDINAL DRILLING CO.,EKREHAGEN ESTATE 3,SCANDIA
1442,,3300900171,OG,DRY,5/20/1957,3112,SWNE 9-163-78,CARDINAL DRILLING CO.,OLE KJELSHUS ET UX 1,SCANDIA
247,,3300900011,OG,PA,6/1/1959,3084,NESE 9-163-78,CARDINAL DRILLING CO.,EKREHAGEN 1,SCANDIA
2694,,3300900540,OG,DRY,6/30/1960,3315,SENW 9-163-78,CARDINAL PETROLEUM CO.,JOSEPH NELSON 1,SCANDIA
4347,,3300900979,OG,PA,8/10/1972,5900,NESW 9-163-78,CARDINAL PETROLEUM CO.,EKREHAGEN ESTATE 1-A,SCANDIA
6462,,3300901281,OG,DRY,4/5/1978,3198,SWSE 9-163-78,ALASKA OIL & MINERALS CORP.,BRANDJORD 1,SCANDIA
9058,,3300901529,OG,PA,9/29/2016,3124,NWSE 9-163-78,"EAGLE OPERATING, INC.",BRANDJORD KJELSHUS 9-10,SCANDIA
9108,209058,3300901533,OG,PA,12/14/2020,3130,NESW 9-163-78,"EAGLE OPERATING, INC.",KJELSHUS 9-11,SCANDIA
10580,,3300901637,OG,DRY,10/7/1989,3196,NWSE 10-163-78,"GREAT AMERICAN ROYALTIES, INC.",E. BRENDEN 1,SCANDIA
13066,,3300901897,OG,DRY,11/29/1990,3250,SESW 10-163-78,"WACKER OIL, INC.",KJELSHUS 24-10 3,LESJE
2298,,3300900442,OG,DRY,5/5/1959,3145,SWSW 10-163-78,"GREAT AMERICAN EXPLORATION, INC.",SIGURD KJELSHUS 1,SCANDIA
3933,,3300900901,OG,PA,10/8/1975,3110,NESE 10-163-78,GEMINI CORP.,RUDOLPH BRENDEN 1,SCANDIA
8019,,3300901416,OG,PA,7/14/1999,3200,SENW 10-163-78,"GREAT AMERICAN ROYALTIES, INC.",SKARPHOL 1-10,SCANDIA
952,,3300900089,OG,DRY,8/26/1955,3443,NWNW 10-163-78,CALVERT DRILLING CO.,HAAKON SKARPHOL 1,SCANDIA
1669,,3300900224,OG,DRY,12/12/1957,3415,SWSW 11-163-78,HUNT OIL COMPANY,RUDOLPH BRENDEN 1,NORTHEAST LANDA
18898,,3300902182,OG,PA,7/25/2017,5902,NENE 11-163-78,"BALLANTYNE OIL, LLC",BOUNDARY  1-11H,SOURIS
24875,,3300902300,OG,PNC,5/29/2013,,SESE 11-163-78,CORINTHIAN EXPLORATION (USA) CORP,SCANDIA 00 SESE 11,WILDCAT
3278,,3300900723,OG,DRY,12/10/1962,3081,SESW 11-163-78,I. J. WILHITE,SINA BERG 1,NORTHEAST LANDA
3985,,3300900916,OG,DRY,12/25/1965,3084,SWNW 11-163-78,I. J. WILHITE,RUDOLPH BRENDEN 2,NORTHEAST LANDA
10416,,3300901625,OG,DRY,10/24/1983,3188,SWNW 12-163-78,"LONG PETROLEUM, INC.",MELVIN HAUGEN ET UX 1,SOURIS
9846,,3300901578,OG,PNC,1/27/1983,,SWNE 12-163-78,HART EXPLORATION & PRODUCTION CO.,HAUGEN 1-12,WILDCAT
12423,112423,3300901832,OG,A,6/11/2025,3250,NENW 15-163-78,MUREX PETROLEUM CORPORATION,KJELSHUS 21-15 1,LESJE
12582,,3300901852,OG,DRY,6/4/1991,3250,SENW 15-163-78,"WACKER OIL, INC.",KJELSHUS 22-15 2,LESJE
13041,,3300901889,OG,DRY,10/31/1990,3300,SWNW 15-163-78,MALLON OIL CO.,MALLON 22-15 KJELSHUS 3,LESJE
1358,,3300900151,OG,DRY,2/10/1957,3444,NWNE 16-163-78,CARDINAL DRILLING CO.,EKREHAGEN ESTATE 2,BOUNDARY CREEK
2037,,3300900351,OG,DRY,10/6/1958,3171,SESW 16-163-78,CARDINAL & GREAT AMERICAN EXPLORATION,ARNE SLETTEN ET AL 1,BOUNDARY CREEK
3478,,3300900779,OG,DRY,12/26/1963,3115,NWNW 16-163-78,E. L. K. OIL COMPANY,PETER BRANDJORD 1,BOUNDARY CREEK
11940,,3300901776,OG,DRY,2/21/1986,3276,SWSE 17-163-78,"HPC, INC.",BRANDJORD 34-17,NORTH ROTH
10443,110443,3300901628,OG,IA,9/17/2025,3250,SESW 18-163-78,EMPIRE NORTH DAKOTA LLC,SVEEN 2,NORTH ROTH
11373,,3300901720,OG,DRY,6/26/1986,3220,SESE 18-163-78,"HPC, INC.",NELSON 44-18,NORTH ROTH
5357,,3300901118,OG,DRY,10/13/1973,3265,NWSE 18-163-78,CARDINAL PETROLEUM & NAT'L BULK CARRIERS,SVEEN 1,WILDCAT
11978,,3300901780,OG,PNC,5/27/1987,,SWNW 19-163-78,"GEORESOURCES, INC.",ANDERSON-STATE 1-19,LEONARD
2491,,3300900498,OG,DRY,11/14/1959,3287,NENW 19-163-78,"GREAT AMERICAN EXPLORATION, INC.",ARTHUR NELSON 1,ROTH
3122,,3300900682,OG,PA,9/17/1990,3176,NESW 19-163-78,CONOCO INC.,NELSON C 1,ROTH
3131,,3300900685,OG,DRY,4/4/1962,3191,NENW 19-163-78,TIDDENS PETROLEUM CORP.,ARTHUR NELSON 1-A,ROTH
3181,,3300900696,OG,DRY,7/7/1962,3139,SWSE 19-163-78,CARDINAL PETROLEUM CO.,ARTHUR NELSON 2,ROTH
3213,,3300900706,OG,DRY,8/31/1962,3134,NWSW 19-163-78,CARDINAL PETROLEUM CO.,JOHN ANDERSON ET AL 1,ROTH
3342,,3300900745,OG,PA,12/7/1964,3145,NWNE 19-163-78,E. L. K. OIL COMPANY,ARTHUR NELSON 1,ROTH
3482,,3300900782,OG,DRY,12/6/1964,3139,NESE 19-163-78,E. L. K. OIL COMPANY,ARTHUR NELSON 2,ROTH
843,,3300900059,OG,DRY,4/4/1955,3510,SESE 19-163-78,"CALVERT DRILLING, INC.",ARTHUR NELSON 1,WILDCAT
12280,212358,3300901802,OG,TA,10/1/2024,3315,NWSE 20-163-78,CITATION OIL & GAS CORP.,BRANDJORD 1-20,CIMBEL
12358,212358,3300901812,OG,A,2/3/2024,3315,NESE 20-163-78,CITATION OIL & GAS CORP.,BRANDJORD 2-20,CIMBEL
12401,212358,3300901822,OG,PA,7/20/2022,3300,SESE 20-163-78,CITATION OIL & GAS CORP.,BRANDJORD 3-20,CIMBEL
12409,212358,3300901827,OG,A,8/3/2023,3298,SWSE 20-163-78,CITATION OIL & GAS CORP.,BRANDJORD 4-20,CIMBEL
12905,,3300901877,OG,DRY,5/28/1990,3300,SWSW 20-163-78,WILLIS L. WALKER,GRAVSETH-KORNKVEN 13-20,CIMBEL
12976,,3300901880,SWD,A,11/17/1990,3300,SESW 20-163-78,CITATION OIL & GAS CORP.,GRAVSETH KORNKVEN 14-20 SWD,CIMBEL
14646,114646,3300902008,OG,A,9/4/2024,4861,SWSE 20-163-78,CITATION OIL & GAS CORP.,BRANDJORD 5H,CIMBEL
19099,,3300902190,OG,PA,8/12/2017,6085,SWNW 20-163-78,"BALLANTYNE OIL, LLC",BOUNDARY  11-20H,ROTH
12408,,3300901826,OG,DRY,4/30/1988,3330,SWNW 21-163-78,CNG PRODUCING CO.,MABEL 1-21,CIMBEL
1476,,3300900177,OG,DRY,7/12/1957,3535,NWNW 21-163-78,"CALVERT DRILLING, INC.",HANS BRANDJORD 1,CIMBEL
1502,,3300900181,OG,DRY,8/13/1957,3325,NWSE 21-163-78,PETROLEUM CORPORATION OF AMERICA,ARNE M. SLETTEN 1,BOUNDARY CREEK
8017,,3300901414,OG,DRY,12/18/1980,3250,NWNE 21-163-78,UNITED NATURAL RESOURCES CORP.,SLETTON 1-21,BOUNDARY CREEK
3451,,3300900770,OG,PA,12/12/1997,3142,NWSE 22-163-78,"EAGLE OPERATING, INC.",MARVIN KJELSHUS 1,BOUNDARY CREEK
3472,,3300900778,OG,DRY,12/7/1963,3150,SESW 22-163-78,"I. J. WILHITE & STAR DRILLING, INC.",HENRY KJELSHUS-STATE OF N. D. 1,BOUNDARY CREEK
3527,,3300900791,OG,DRY,5/2/1964,3128,SENW 22-163-78,I. J. WILHITE,HENRY KJELSHUS-STATE OF N. D. 2,BOUNDARY CREEK
3577,,3300900804,OG,DRY,5/23/1964,3129,NWNE 22-163-78,I. J. WILHITE,FOSTER-KJELSHUS 1,BOUNDARY CREEK
3647,,3300900818,OG,DRY,8/5/1964,3170,SESE 22-163-78,"I. J. WILHITE & STAR DRILLING, INC.",MARVIN KJELSHUS 2,BOUNDARY CREEK
8142,,3300901430,OG,PA,10/5/1989,3191,SWNE 22-163-78,"GREAT AMERICAN ROYALTIES, INC.",FOSTER 1-22,BOUNDARY CREEK
8778,,3300901508,OG,PNC,8/17/1982,,SENE 22-163-78,UNITED NATURAL RESOURCES CORP.,FOSTER 2-22,BOUNDARY CREEK
16708,,3300902126,OG,DRY,7/31/2007,3210,SENE 23-163-78,"BTA OIL PRODUCERS, LLC",20507 JV-P PEABODY B 1,BOUNDARY CREEK
2038,,3300900352,OG,DRY,10/30/1958,3107,NENE 23-163-78,CARDINAL & GREAT AMERICAN EXPLORATION,SIGURD SKARPHOLL 1,WILDCAT
3375,,3300900755,OG,DRY,5/7/1963,3131,NWNW 23-163-78,I. J. WILHITE,LEROY L. BERNSTEIN 1,BOUNDARY CREEK
1702,,3300900236,OG,DRY,1/7/1958,3458,NWSE 26-163-78,HUNT OIL COMPANY,NELS NELSON 1,WILDCAT
12513,,3300901842,OG,DRY,9/4/1988,3250,NWSW 27-163-78,"WACKER OIL, INC.",NORDMARK 13-27 1,WILDCAT
18997,118997,3300902185,OG,PA,10/17/2022,5801,NENE 27-163-78,"BALLANTYNE OIL, LLC",BOUNDARY  4-27H,BOUNDARY CREEK
3934,,3300900902,OG,DRY,10/5/1965,3231,SENW 28-163-78,I. J. WILHITE,HELMER AND HJALMER NORDMARK 1,BOUNDARY CREEK
700,,3306700003,OG,DRY,9/29/1954,1547,NESE 28-164-56,TURNER OIL CO.,THEODORE BELANUS 1,WILDCAT
569,,3307900005,OG,DRY,4/29/1954,3057,SWNW 31-164-70,S. D. JOHNSON DRILLING CO.,C. M. BRYANT ESTATE 1,WILDCAT
359,,3300900025,OG,DRY,8/8/1953,4960,SWSE 36-164-74,WARD-WILLISTON DRILLING CO.,NORTH DAKOTA STATE 1,WILDCAT
23399,123399,3300902271,OG,IA,1/17/2025,7308,LOT4 30-164-76,"FULCRUM ENERGY OPERATING, LLC",LEGACY ET AL KLINGBEIL  13-30H,NORTH SOURIS
1411,,3300900161,OG,DRY,4/2/1957,3355,NESE 31-164-76,LEACH OIL CORP. & CARDINAL DRILLING CO.,ERNEST FORSBERG 1,WILDCAT
21504,221951,3300902246,OG,IA,6/17/2025,7010,SWNW 31-164-76,"FULCRUM ENERGY OPERATING, LLC",LEGACY ET AL BERGE 5-31H,NORTH SOURIS
21951,221951,3300902255,OG,A,4/4/2023,7276,NWSW 31-164-76,"FULCRUM ENERGY OPERATING, LLC",LEGACY ET AL BERGE 12-31H,NORTH SOURIS
28112,,3300902373,OG,PA,7/18/2017,7230,SWSW 31-164-76,"BALLANTYNE OIL, LLC",LEGACY BERGE 13-31H,NORTH SOURIS
28926,221951,3300902398,OG,A,3/15/2020,7234,LOT3 31-164-76,"FULCRUM ENERGY OPERATING, LLC",LEGACY ET AL BERGE 12-31 2H,NORTH SOURIS
28927,,3300902399,OG,PNC,12/18/2018,,LOT4 31-164-76,"BALLANTYNE OIL, LLC",LEGACY ET AL BERGE 13-31 2H,NORTH SOURIS
28928,219612,3300902400,OG,PNC,12/18/2018,,LOT1 31-164-76,"BALLANTYNE OIL, LLC",LEGACY ET AL BERGE 4-31H,NORTH SOURIS
28929,219612,3300902401,OG,PNC,12/18/2018,,LOT1 31-164-76,"BALLANTYNE OIL, LLC",LEGACY ET AL BERGE 4-31 2H,NORTH SOURIS
28943,,3300902402,OG,PNC,12/18/2018,,SWNW 31-164-76,"BALLANTYNE OIL, LLC",LEGACY ET AL BERGE 5-31 2H,NORTH SOURIS
22969,222969,3300902266,OG,A,8/30/2024,5505,LOT4 25-164-77,"FULCRUM ENERGY OPERATING, LLC",CORINTHIAN BERGE  13-25 1-H,NORTH SOURIS
22123,,3300902258,OG,PA,7/24/2017,5821,LOT4 26-164-77,"BALLANTYNE OIL, LLC",CORINTHIAN BACKMAN 13-26  1-H,NORTH SOURIS
25561,222969,3300902315,OG,IA,4/17/2025,5860,SESE 26-164-77,"FULCRUM ENERGY OPERATING, LLC",CORINTHIAN BERGE 16-26 1-H,NORTH SOURIS
18709,,3300902175,OG,PA,6/10/2016,3209,LOT2 27-164-77,"BALLANTYNE OIL, LLC",SYLVIA 1-27,NORTH SOURIS
23581,222321,3300902277,OG,A,11/15/2017,5860,LOT1 27-164-77,"FULCRUM ENERGY OPERATING, LLC",CORINTHIAN BACKMAN 16-27 1-H,NORTH SOURIS
25643,223143,3300902316,OG,A,8/21/2013,5821,SWSW 27-164-77,"FULCRUM ENERGY OPERATING, LLC",CORINTHIAN SKARPHOL 13-27 1-H,NORTH SOURIS
10318,,3300901612,OG,PA,6/13/2016,3100,SWSW 28-164-77,"BALLANTYNE OIL, LLC",SKARPHOL 28-2,NORTH SOURIS
18783,,3300902179,OG,PA,6/17/2016,3200,LOT1 28-164-77,"BALLANTYNE OIL, LLC",SKARPHOL 3-28,NORTH SOURIS
23143,223143,3300902270,OG,A,7/30/2024,5690,LOT1 28-164-77,"FULCRUM ENERGY OPERATING, LLC",CORINTHIAN SKARPHOL 16-28 1-H,NORTH SOURIS
25560,225560,3300902314,OG,A,5/11/2020,5767,SWSW 28-164-77,"FULCRUM ENERGY OPERATING, LLC",CORINTHIAN SKARPHOL 13-28 1-H,NORTH SOURIS
4344,,3300900978,OG,DRY,10/18/1967,3150,SWSE 28-164-77,CARDINAL PETROLEUM & BUTTES OIL & GAS,SKARPHOL 1,NORTH SOURIS
4838,,3300901043,OG,PA,7/15/2016,4313,SESW 28-164-77,"BALLANTYNE OIL, LLC",SKARPHOL 1-28,NORTH SOURIS
26941,225560,3300902347,OG,A,6/4/2024,5789,SESE 29-164-77,"FULCRUM ENERGY OPERATING, LLC",CORINTHIAN SKARPHOL 16-29 1-H,NORTH SOURIS
26942,,3300902348,OG,PNC,3/30/2015,,SESE 29-164-77,CORINTHIAN EXPLORATION (USA) CORP,CORINTHIAN SKARPHOL 16-29 2-H,NORTH SOURIS
5127,,3300901075,OG,DRY,11/11/1971,3200,SWSW 30-164-77,PETROLEUM MANAGEMENT CORP. & GEMINI CORP.,JACOB SKARPHOL 1-30,SOURIS
11520,,3300901733,OG,PA,10/29/1999,3040,SENW 31-164-77,"GREAT AMERICAN ROYALTIES, INC.",LOIS PATTERSON 1,SOURIS
11676,,3300901756,OG,PA,1/29/1998,3100,NWNW 31-164-77,WARD-WILLISTON COMPANY,SKARPHOL 1,SOURIS
11685,,3300901757,OG,PA,7/15/1999,2990,NENW 31-164-77,"GREAT AMERICAN ROYALTIES, INC.",KORNKVEN 1-31,SOURIS
24893,,3300902303,OG,PNC,5/29/2013,,NWSE 31-164-77,CORINTHIAN EXPLORATION (USA) CORP,HARAM  00 NWSE 31,SOURIS
27508,,3300902355,OG,PNC,3/30/2015,,NWNW 31-164-77,CORINTHIAN EXPLORATION (USA) CORP,CORINTHIAN SKARPHOL 4-31 1-H,SOURIS
1955,,3300900312,OG,DRY,8/7/1958,3025,NENE 32-164-77,CARDINAL DRILLING CO.,IVER KORNKVEN 1,NORTH SOURIS
26573,126573,3300902342,OG,A,12/16/2013,5865,NENE 32-164-77,"FULCRUM ENERGY OPERATING, LLC",CORINTHIAN KORNKVEN 1-32 1-H,NORTH SOURIS
3202,,3300900702,OG,DRY,7/13/1962,3045,SWSW 32-164-77,CARDINAL PETROLEUM CO.,JAMES DUNBAR 1,NORTH SOURIS
458,,3300900032,OG,DRY,12/14/1953,3300,NWSE 32-164-77,CALVERT EXPLORATION CO.,IVER KORNKVEN 1,NORTH SOURIS
8752,,3300901500,OG,PNC,1/27/1983,,SENW 32-164-77,UNITED NATURAL RESOURCES CORP.,KORNKVEN 1-32,NORTH SOURIS
10043,,3300901594,SWD,PA,9/10/2007,3164,NWNE 33-164-77,"RITCHIE EXPLORATION, INC.",C. SKARPHOL 33-1X(SWD),NORTH SOURIS
1011,,3300900104,OG,DRY,11/12/1955,3170,NESW 33-164-77,MONSANTO CHEMICAL CO.,LEROY AND SELMA BERNSTEIN 1,NORTH SOURIS
1038,,3300900107,SWD,A,6/1/2023,3186,NESE 33-164-77,"FULCRUM ENERGY OPERATING, LLC",CLARA MOEN 1-33 (SWD),NORTH SOURIS
19384,119384,3300902216,OG,PA,7/11/2022,3160,NWSW 33-164-77,"BALLANTYNE OIL, LLC",BERNSTEIN 33C 1,NORTH SOURIS
22064,222064,3300902256,WI,AB,11/19/2024,5713,SENE 33-164-77,"FULCRUM ENERGY OPERATING, LLC",CORINTHIAN SKARPHOL 8-33  1-H,NORTH SOURIS
22121,222121,3300902257,OG,A,7/30/2024,5755,NESE 33-164-77,"FULCRUM ENERGY OPERATING, LLC",CORINTHIAN BRENDEN 9-33  1-H,NORTH SOURIS
24883,224883,3300902302,OG,PA,10/5/2021,6080,NESE 33-164-77,"BALLANTYNE OIL, LLC",2-BRENDEN 9-33 1-M,NORTH SOURIS
25813,125813,3300902325,OG,PA,1/14/2022,5384,SENE 33-164-77,"BALLANTYNE OIL, LLC",CORINTHIAN 2-SKARPHOL 8-33 1-M,NORTH SOURIS
26035,222064,3300902330,OG,A,9/27/2024,5877,SENE 33-164-77,"FULCRUM ENERGY OPERATING, LLC",CORINTHIAN SKARPHOL 8-33 2-H,NORTH SOURIS
26036,222064,3300902331,OG,A,1/15/2018,5956,SENE 33-164-77,"FULCRUM ENERGY OPERATING, LLC",CORINTHIAN SKARPHOL 8-33 3-H,NORTH SOURIS
26713,225696,3300902343,OG,A,3/5/2024,5899,SESE 33-164-77,"FULCRUM ENERGY OPERATING, LLC",CORINTHIAN LOCHNER 16-33 2-H,NORTH SOURIS
26714,225696,3300902344,OG,A,12/23/2013,5976,SESE 33-164-77,"FULCRUM ENERGY OPERATING, LLC",CORINTHIAN LOCHNER 16-33 1-H,NORTH SOURIS
26724,225696,3300902345,OG,A,12/23/2013,,SESE 33-164-77,"FULCRUM ENERGY OPERATING, LLC",CORINTHIAN LOCHNER 16-33 3-H,NORTH SOURIS
4376,,3300900984,OG,DRY,1/11/1968,3056,NWNW 33-164-77,"CHANDLER & ASSOCIATES, INC.",CARL SKARPHOL 1,NORTH SOURIS
4816,,3300901035,OG,PA,7/1/2016,3089,NENW 33-164-77,"BALLANTYNE OIL, LLC",SKARPHOL 33-2,NORTH SOURIS
4817,,3300901036,OG,PA,6/24/2016,3149,SENE 33-164-77,"BALLANTYNE OIL, LLC",SKARPHOL 33-3,NORTH SOURIS
4819,,3300901038,OG,PA,7/1/2016,3183,SESE 33-164-77,"BALLANTYNE OIL, LLC",OLSON 33-1,NORTH SOURIS
5141,,3300901077,OG,DRY,12/17/1971,5636,SWNE 33-164-77,GEMINI CORP.,CARL 1-X,NORTH SOURIS
7606,,3300901384,OG,PA,7/15/2016,2992,NWNW 33-164-77,"BALLANTYNE OIL, LLC",SKARPHOL 4-33,NORTH SOURIS
8501,,3300901467,OG,PA,9/14/2007,3007,NESE 33-164-77,"RITCHIE EXPLORATION, INC.",CLARA 1-33R,NORTH SOURIS
884,,3300900071,OG,PA,7/12/2016,3018,SENW 33-164-77,"BALLANTYNE OIL, LLC",SKARPHOL 1,NORTH SOURIS
932,,3300900085,OG,PA,7/11/2016,2983,SWNE 33-164-77,"BALLANTYNE OIL, LLC",CARL 1,NORTH SOURIS
961,,3300900094,SWD,DRY,6/14/1983,3019,NWNE 33-164-77,"BHP PETROLEUM COMPANY, INC.",SKARPHOL 2,NORTH SOURIS
968,,3300900096,OG,PA,6/22/2016,3008,NWSE 33-164-77,"BALLANTYNE OIL, LLC",MOEN 1,NORTH SOURIS
1401,,3300900159,OG,PA,6/28/2016,3096,NESW 34-164-77,"BALLANTYNE OIL, LLC",1-BACKMAN 34BCD,NORTH SOURIS
22254,222254,3300902260,OG,A,10/15/2018,5779,SESE 34-164-77,"FULCRUM ENERGY OPERATING, LLC",CORINTHIAN BACKMAN 16-34  1-H,NORTH SOURIS
22321,222321,3300902262,OG,A,5/28/2012,5749,NENE 34-164-77,"FULCRUM ENERGY OPERATING, LLC",CORINTHIAN BACKMAN 1-34  1-H,NORTH SOURIS
23894,222121,3300902282,OG,A,2/23/2013,5834,NWSW 34-164-77,"FULCRUM ENERGY OPERATING, LLC",CORINTHIAN BACKMAN 12-34 1-H,NORTH SOURIS
23895,222064,3300902283,OG,A,5/2/2025,5807,NWNW 34-164-77,"FULCRUM ENERGY OPERATING, LLC",CORINTHIAN BACKMAN 4-34 1-H,NORTH SOURIS
27511,224883,3300902356,OG,PA,1/14/2022,5598,NWSW 34-164-77,"BALLANTYNE OIL, LLC",CORINTHIAN 2- BACKMAN 12-34 1-M,NORTH SOURIS
4115,,3300900941,OG,DRY,7/29/1966,3049,NWSW 34-164-77,NORTHWESTERN REFINING CO.,ANNA BACKMAN 1,NORTH SOURIS
1173,,3300900122,OG,DRY,6/30/1956,3317,NESE 35-164-77,MONSANTO CHEMICAL CO.,BACKMAN 1,WILDCAT
23811,222254,3300902280,OG,A,9/27/2024,5886,SWSW 35-164-77,"FULCRUM ENERGY OPERATING, LLC",CORINTHIAN BACKMAN 13-35 1-H,NORTH SOURIS
23815,222321,3300902281,OG,A,5/10/2013,5887,NWNW 35-164-77,"FULCRUM ENERGY OPERATING, LLC",CORINTHIAN BACKMAN 4-35 1-H,NORTH SOURIS
24940,124940,3300902304,OG,A,7/30/2024,3204,SWSE 35-164-77,"FULCRUM ENERGY OPERATING, LLC",BACKMAN 15-35,NORTH SOURIS
27051,222254,3300902349,OG,A,4/30/2014,6039,NWSW 35-164-77,"FULCRUM ENERGY OPERATING, LLC",CORINTHIAN BACKMAN 12-35 1-H,NORTH SOURIS
27052,222254,3300902350,OG,A,11/3/2023,5973,NWSW 35-164-77,"FULCRUM ENERGY OPERATING, LLC",CORINTHIAN BACKMAN 12-35 2-H,NORTH SOURIS
27717,222254,3300902364,OG,A,1/14/2022,5961,NWSW 35-164-77,"FULCRUM ENERGY OPERATING, LLC",CORINTHIAN BACKMAN 12-35 3-H,NORTH SOURIS
29158,222964,3300902410,OG,IA,12/17/2024,5890,SENE 35-164-77,"FULCRUM ENERGY OPERATING, LLC",CORINTHIAN BACKMAN 8-35 2-H,NORTH SOURIS
4818,,3300901037,OG,DRY,10/29/1971,3092,NESW 35-164-77,PETROLEUM MANAGEMENT CORP. & GEMINI CORP.,BACKMAN 1-35,NORTH SOURIS
90280,,3300990280,SWD,A,3/15/2019,2406,NWNW 35-164-77,"FULCRUM ENERGY OPERATING, LLC",BACKMAN SWD,NORTH SOURIS
22964,222964,3300902265,OG,A,8/29/2025,5782,SWNW 36-164-77,"FULCRUM ENERGY OPERATING, LLC",CORINTHIAN FEIGHT 5-36 1H,NORTH SOURIS
23075,123075,3300902268,OG,A,10/4/2025,5787,SWSW 36-164-77,"FULCRUM ENERGY OPERATING, LLC",CORINTHIAN MCCULLOUGH 13-36 1-H,NORTH SOURIS
25523,225523,3300902312,OG,A,6/15/2013,7152,SESE 36-164-77,"FULCRUM ENERGY OPERATING, LLC",LEGACY ET AL BERGE 16-36H,NORTH SOURIS
27210,225523,3300902351,OG,A,2/5/2025,7152,SESE 36-164-77,"FULCRUM ENERGY OPERATING, LLC",LEGACY ET AL BERGE 16-36 2H,NORTH SOURIS
28473,228473,3300902387,OG,A,5/15/2019,7221,NESE 36-164-77,"FULCRUM ENERGY OPERATING, LLC",LEGACY ET AL BERGE 9-36H,NORTH SOURIS
28474,228473,3300902388,OG,A,8/30/2024,7217,NESE 36-164-77,"FULCRUM ENERGY OPERATING, LLC",LEGACY ET AL BERGE 9-36 2H,NORTH SOURIS
9313,,3300901550,SWD,PA,2/2/1998,3111,SWSE 25-164-78,WARD-WILLISTON COMPANY,KORNKVEN SWD 1,SOURIS
11518,,3300901732,OG,DRY,10/26/1988,3107,SWSW 26-164-78,"GOFOR OIL, INC.",KORNKVEN 3,SOURIS
18720,,3300902176,OG,PNC,1/21/2011,,LOT1 26-164-78,"EOG RESOURCES, INC.",SCANDIA 2-26H,SOURIS
11909,,3300901773,OG,PA,6/6/2001,3157,SWSE 27-164-78,EARL SCHWARTZ,OMEGA JORAANSTAD 1,SOURIS
10913,,3300901663,OG,PA,7/11/1995,3125,NWNE 31-164-78,"EAGLE OPERATING, INC.",GRAVSETH D,NORTHEAST LANDA
1308,,3300900145,OG,DRY,11/9/1956,3265,SWSE 31-164-78,"CALVERT DRILLING, INC.",IVER GRAVSETH 1-A,NORTHEAST LANDA
13160,,3300901907,OG,DRY,5/20/1991,3114,SWSW 31-164-78,WILLIS L. WALKER,WALZ 1,NORTHEAST LANDA
1334,,3300900149,OG,PA,11/25/1960,3120,SENW 31-164-78,CARDINAL PETROLEUM CO.,WALTZ-WESTBY 2,NORTHEAST LANDA
26181,224680,3300902335,OG,A,5/2/2025,6019,SENE 31-164-78,"FULCRUM ENERGY OPERATING, LLC",CORINTHIAN BRANDJORD 8-31 1-H,NORTHEAST LANDA
273,,3300900014,OG,PA,8/4/1959,3074,SWNW 31-164-78,CARDINAL PETROLEUM CO.,HOMME-STONE 1,NORTHEAST LANDA
5661,,3300901165,OG,PA,8/28/2000,3130,NWSE 31-164-78,"EAGLE OPERATING, INC.",CLARENCE STEEN 1,NORTHEAST LANDA
6183,,3300901237,OG,PA,9/6/1991,3100,SENE 31-164-78,"EAGLE OPERATING, INC.",CLARENCE STEEN 2,NORTHEAST LANDA
6285,106285,3300901252,OG,PA,9/29/2020,3120,SWSE 31-164-78,COBRA OIL & GAS CORPORATION,HAROLD GRAVSETH 1,NORTHEAST LANDA
6777,,3300901316,OG,DRY,11/15/1978,3090,SENW 31-164-78,"GEORESOURCES, INC.",WALZ-WESTBY 1,NORTHEAST LANDA
697,,3300900040,OG,PA,10/12/1972,3085,SENE 31-164-78,CARDINAL PETROLEUM CO.,WILLIAM STEEN 1,NORTHEAST LANDA
7053,,3300901338,OG,DRY,6/26/1979,3083,SWNW 31-164-78,WILLIS L. WALKER,KLOKSTAD UNIT 1,NORTHEAST LANDA
708,,3300900041,OG,DRY,9/29/1954,3454,NWNW 31-164-78,HUNT OIL COMPANY,IVER GRAVSETH 1,NORTHEAST LANDA
773,,3300900045,OG,DRY,11/26/1954,3111,NENE 31-164-78,CARDINAL DRILLING CO.,WILLIAM STEEN 2,NORTHEAST LANDA
816,,3300900048,OG,PA,3/15/2014,3120,SWNE 31-164-78,MUREX PETROLEUM CORPORATION,GRAVSETH A 1,NORTHEAST LANDA
837,,3300900055,OG,DRY,4/18/1955,3115,SENW 31-164-78,J. L. MCLAUGHLIN & ERICKSON,WALZ AND WESTBY 1,NORTHEAST LANDA
842,,3300900058,OG,PA,10/12/1972,3151,NWSE 31-164-78,CARDINAL PETROLEUM CO.,WILLIAM STEEN 3,NORTHEAST LANDA
866,,3300900066,OG,DRY,5/21/1955,3098,NESE 31-164-78,CARDINAL DRILLING CO.,WILLIAM STEEN 4,NORTHEAST LANDA
931,,3300900084,OG,DRY,8/13/1955,3395,NESW 31-164-78,J. L. MCLAUGHLIN & CARDINAL,WALTZ-WESTBY 1,NORTHEAST LANDA
10304,,3300901611,SWD,AB,11/18/2025,3136,NWSW 32-164-78,"BASIN SERVICE COMPANY, INC",CAWDOR ET AL 1,NORTHEAST LANDA
24680,224680,3300902299,OG,A,3/14/2013,5858,SWNW 32-164-78,"FULCRUM ENERGY OPERATING, LLC",CORINTHIAN KVEUM 5-32 1-H,NORTHEAST LANDA
26349,126349,3300902339,OG,A,2/26/2014,5975,NWSW 32-164-78,"FULCRUM ENERGY OPERATING, LLC",CORINTHIAN STARLEAF 12-32 1-H,NORTHEAST LANDA
26492,,3300902341,OG,PA,7/6/2016,6180,SESE 32-164-78,"BALLANTYNE OIL, LLC",CORINTHIAN BERG 16-32 1-H,NORTHEAST LANDA
286,,3300900015,OG,DRY,5/3/1953,5824,NWNE 32-164-78,LION OIL COMPANY,ERICKSON 1,WILDCAT
3483,203483,3300900783,OG,A,10/4/2025,3115,SESE 32-164-78,EMPIRE NORTH DAKOTA LLC,ANTON ANDERSON 1,NORTHEAST LANDA
3564,,3300900800,OG,PA,1/6/1970,3131,NESE 32-164-78,CARDINAL PETROLEUM CO.,ALICE REINHOLDT 1,NORTHEAST LANDA
3567,,3300900801,OG,DRY,12/3/1964,3148,SWSE 32-164-78,E. L. K. OIL COMPANY,ANTON ANDERSON 2,NORTHEAST LANDA
825,,3300900050,OG,DRY,2/11/1955,3229,NWSW 32-164-78,KINGWOOD OIL CO.,WALDON PETERSON 1,NORTHEAST LANDA
924,,3300900081,OG,DRY,8/17/1955,3396,SWNW 32-164-78,J. L. MCLAUGHLIN,ERICKSON 1,NORTHEAST LANDA
10492,,3300901635,OG,PA,10/11/1996,3140,SENE 33-164-78,WARD-WILLISTON COMPANY,CAWDOR ET AL 2,SOURIS
10552,110552,3300901636,OG,A,6/3/2025,3180,SESW 33-164-78,EMPIRE NORTH DAKOTA LLC,HAROLD LINDSTROM 1-R,NORTHEAST LANDA
19240,,3300902205,OG,PNC,7/26/2011,,NENE 33-164-78,"EOG RESOURCES, INC.",SCANDIA  23-33H,SOURIS
19243,,3300902206,OG,PNC,7/26/2011,,SENE 33-164-78,"EOG RESOURCES, INC.",SCANDIA  25-33H,SOURIS
19244,,3300902207,OG,PNC,7/26/2011,,SENE 33-164-78,"EOG RESOURCES, INC.",SCANDIA  27-33H,SOURIS
29540,,3300902422,OG,PNC,3/30/2015,,SENE 33-164-78,CORINTHIAN EXPLORATION (USA) CORP,CORINTHIAN SWANSON 8-33 1-H,SOURIS
29541,,3300902423,OG,PNC,3/30/2015,,SENW 33-164-78,CORINTHIAN EXPLORATION (USA) CORP,CORINTHIAN SWANSON 8-33 2-H,SOURIS
3549,,3300900795,OG,PA,2/12/1997,3140,NWSW 33-164-78,"McRae & Henry, Ltd.",ANDERSON G 1,NORTHEAST LANDA
3562,203549,3300900799,OG,PA,10/6/2023,3149,SWSW 33-164-78,MUREX PETROLEUM CORPORATION,ANDERSON G 2,NORTHEAST LANDA
3677,,3300900824,OG,PA,11/23/1983,3173,SESW 33-164-78,"GEORESOURCES, INC.",LINDSTROM 1,NORTHEAST LANDA
3862,,3300900883,SWD,PA,3/18/2021,2310,SWSW 33-164-78,MUREX PETROLEUM CORPORATION,ANDERSON SWD SYSTEM D1,NORTHEAST LANDA
3904,,3300900894,OG,DRY,6/29/1965,3200,SWNE 33-164-78,CARDINAL PETROLEUM CO.,OSCAR ANDERSON 1,NORTHEAST LANDA
4103,203549,3300900936,OG,PA,8/3/2023,3150,NESW 33-164-78,MUREX PETROLEUM CORPORATION,ANDERSON H 1,NORTHEAST LANDA
10097,,3300901599,OG,PA,6/6/2001,3150,NWNE 34-164-78,EARL SCHWARTZ,LINDSTROM 34-1,SOURIS
10251,,3300901609,OG,PA,2/13/2002,3150,SENE 34-164-78,"EAGLE OPERATING, INC.",NORSGAARD 34-1,SOURIS
1150,,3300900117,OG,DRY,6/2/1956,3350,NENW 34-164-78,MONSANTO CHEMICAL CO.,WILMER 1,SOURIS
18699,223487,3300902173,OG,A,3/19/2010,5758,NENE 34-164-78,"FULCRUM ENERGY OPERATING, LLC",SCANDIA 1-34H,SOURIS
19163,,3300902196,OG,PNC,6/23/2011,,NWNW 34-164-78,"EOG RESOURCES, INC.",SCANDIA 4-34H,SOURIS
19164,,3300902197,OG,PNC,6/23/2011,,NWNW 34-164-78,"EOG RESOURCES, INC.",SCANDIA 5-34H,SOURIS
19165,,3300902198,OG,PNC,6/23/2011,,NWNW 34-164-78,"EOG RESOURCES, INC.",SCANDIA 6-34H,SOURIS
19203,,3300902200,OG,PNC,12/17/2014,,SWNW 34-164-78,"EOG RESOURCES, INC.",SCANDIA 7-34H,SOURIS
19204,,3300902201,OG,PNC,12/17/2014,,SWNW 34-164-78,"EOG RESOURCES, INC.",SCANDIA  8-34H,SOURIS
19205,,3300902202,OG,PNC,12/17/2014,,SWNW 34-164-78,"EOG RESOURCES, INC.",SCANDIA 9-34H,SOURIS
23487,223487,3300902272,OG,A,9/27/2024,6185,NENE 34-164-78,"FULCRUM ENERGY OPERATING, LLC",SCANDIA 2N NENE 34 00 NENW 35H,SOURIS
23488,223487,3300902273,OG,A,11/24/2012,5974,NENE 34-164-78,"FULCRUM ENERGY OPERATING, LLC",SCANDIA 1N NENE 34 02 NENW 35H,SOURIS
23489,223487,3300902274,OG,A,12/3/2012,5846,SENE 34-164-78,"FULCRUM ENERGY OPERATING, LLC",SCANDIA C SENE 34 00 SENW 35H,SOURIS
23490,223487,3300902275,OG,A,12/2/2012,5960,SENE 34-164-78,"FULCRUM ENERGY OPERATING, LLC",SCANDIA 1S SENE 34 02 SENW 35H,SOURIS
23491,223487,3300902276,OG,A,12/1/2012,6150,SENE 34-164-78,"FULCRUM ENERGY OPERATING, LLC",SCANDIA 2S SENE 34 03 SENW 35H,SOURIS
26474,126474,3300902340,OG,A,4/15/2019,5935,SWNW 34-164-78,"FULCRUM ENERGY OPERATING, LLC",CORINTHIAN LINDSTROM 5-34 1-H,SOURIS
30896,,3300902443,OG,PNC,9/25/2015,,NESE 34-164-78,CORINTHIAN EXPLORATION (USA) CORP,CORINTHIAN BRANDJORD 9-34 4-H,SOURIS
30897,,3300902444,OG,PNC,9/25/2015,,NESE 34-164-78,CORINTHIAN EXPLORATION (USA) CORP,CORINTHIAN BRANDJORD 9-34 3-H,SOURIS
30898,,3300902445,OG,PNC,9/25/2015,,NESE 34-164-78,CORINTHIAN EXPLORATION (USA) CORP,CORINTHIAN BRANDJORD 9-34 1-H,SOURIS
30899,,3300902446,OG,PNC,9/25/2015,,NESE 34-164-78,CORINTHIAN EXPLORATION (USA) CORP,CORINTHIAN BRANDJORD 9-34 2-H,SOURIS
457,,3300900031,OG,DRY,11/27/1953,4045,NWSW 34-164-78,CALVERT EXPLORATION CO.,GEORGE ANDERSON 1,SOURIS
8016,,3300901413,OG,DRY,11/19/1980,3148,SWSE 34-164-78,UNITED NATURAL RESOURCES CORP.,LINDSTROM 1-34,SOURIS
90301,,3300990301,SWD,A,6/15/2017,2443,NENE 34-164-78,"FULCRUM ENERGY OPERATING, LLC",CORINTHIAN SCANDIA SWD,SOURIS
10764,,3300901648,OG,PA,8/8/2005,3100,NWNW 35-164-78,"B & B OIL FIELD SERVICES, INC.",KORNKVEN 1,SOURIS
11488,,3300901731,SWD,PA,8/9/2005,2930,SWNW 35-164-78,"B & B OIL FIELD SERVICES, INC.",KORNKVEN 2,SOURIS
19253,,3300902208,OG,PNC,7/26/2011,,NENE 35-164-78,"EOG RESOURCES, INC.",SCANDIA  40-35H,SOURIS
19254,,3300902209,OG,PNC,7/26/2011,,NENE 35-164-78,"EOG RESOURCES, INC.",SCANDIA  42-35H,SOURIS
19261,,3300902210,OG,PNC,7/26/2011,,SESE 35-164-78,"EOG RESOURCES, INC.",SCANDIA  46-35H,SOURIS
19262,,3300902211,OG,PNC,7/26/2011,,SESE 35-164-78,"EOG RESOURCES, INC.",SCANDIA  48-35H,SOURIS
23896,,3300902284,OG,PNC,5/29/2013,,NWNW 35-164-78,CORINTHIAN EXPLORATION (USA) CORP,SCANDIA 2N NWNW 35 00 NWNE 34H,SOURIS
23897,,3300902285,OG,PNC,5/29/2013,,NWNW 35-164-78,CORINTHIAN EXPLORATION (USA) CORP,SCANDIA 1N NWNW 35 02 NWNE 34H,SOURIS
23898,,3300902286,OG,PNC,5/29/2013,,NWNW 35-164-78,CORINTHIAN EXPLORATION (USA) CORP,SCANDIA 1S NWNW 35 00 SWNE 34H,SOURIS
23899,,3300902287,OG,PNC,5/29/2013,,NWNW 35-164-78,CORINTHIAN EXPLORATION (USA) CORP,SCANDIA 2S NWNW 35 02 SWNE 34H,SOURIS
30885,,3300902439,OG,PNC,9/25/2015,,SWSW 35-164-78,CORINTHIAN EXPLORATION (USA) CORP,BRANDJORD 13-35 2-H,SOURIS
30886,,3300902440,OG,PNC,9/25/2015,,SWSW 35-164-78,CORINTHIAN EXPLORATION (USA) CORP,BRANDJORD 13-35 1-H,SOURIS
30887,,3300902441,OG,PNC,9/28/2015,,NWSW 35-164-78,CORINTHIAN EXPLORATION (USA) CORP,BRANDJORD 12-35 1-H,SOURIS
30888,,3300902442,OG,PNC,9/25/2015,,NWSW 35-164-78,CORINTHIAN EXPLORATION (USA) CORP,BRANDJORD 12-35 2-H,SOURIS
4697,,3300901022,OG,DRY,6/14/1969,3134,SENE 35-164-78,I. J. WILHITE-GLEN BURTON,FYLLING 1,SOURIS
4742,,3300901027,OG,DRY,7/30/1969,3181,SENW 35-164-78,I. J. WILHITE-GLEN BURTON,RAY KORNKVEN 1,SOURIS
9956,,3300901587,OG,PA,6/1/2001,3085,NWNE 35-164-78,EARL SCHWARTZ,FYLLING 1,SOURIS
11461,,3300901729,OG,PA,1/30/1998,3070,SWNE 36-164-78,WARD-WILLISTON COMPANY,PETERSON H 1,SOURIS
1617,,3300900212,OG,DRY,11/2/1957,3326,SESW 36-164-78,PLACID OIL CO.,ORVILLE NORSTEGAARD 1,SOURIS
18701,118701,3300902174,OG,A,2/3/2024,5640,NESE 36-164-78,"FULCRUM ENERGY OPERATING, LLC",SCANDIA 3-36H,SOURIS
8923,,3300901523,OG,PA,1/27/1998,3105,NWNE 36-164-78,WARD-WILLISTON COMPANY,NORDERHUS 1,SOURIS
9565,,3300901557,OG,PA,1/28/1998,3074,NENE 36-164-78,BARBARA JOSEPHSEN DBA JACK ROUSE OIL PROP.,NORDERHUS 2,SOURIS
3775,,3300900856,OG,DRY,12/8/1964,3300,SENE 32-164-79,ARROWHEAD EXPLORATION CO.,LEE ET AL 42-32,NORTHEAST LANDA
226,,3300900009,OG,DRY,1/2/1953,3496,SESE 33-164-79,"MURRY, MONSON, & MURRY",OLAV STAVHEIM 1,WILDCAT
5349,,3300901117,OG,DRY,10/6/1973,3230,SENE 33-164-79,CARDINAL PETROLEUM CO.,JUDSON SIERCKS 1,NORTHEAST LANDA
10706,,3300901644,OG,PA,9/17/1998,3180,SENW 34-164-79,"GEORESOURCES, INC.",TOLSTAD 22 34,NORTHEAST LANDA
11627,,3300901749,SWD,A,8/5/2025,3768,NWNE 34-164-79,EMPIRE NORTH DAKOTA LLC,TOLSTAD 31-34,NORTHEAST LANDA
329,,3300900020,OG,DRY,6/23/1953,3204,NENE 34-164-79,"MURRY, MONSON, & MURRY",RAYMOND AND MINNIE TOLSTAD 1,NORTHEAST LANDA
8779,,3300901509,OG,PNC,8/17/1982,,SWNW 34-164-79,UNITED NATURAL RESOURCES CORP.,TOLSTAD 1-34,NORTHEAST LANDA
3481,,3300900781,OG,DRY,1/7/1964,3245,NWSE 35-164-79,E. L. K. OIL COMPANY,HAROLD KLOKSTAD 1,NORTHEAST LANDA
10876,110876,3300901656,OG,A,6/15/1984,3140,SENE 36-164-79,MUREX PETROLEUM CORPORATION,GRAVSETH B R,NORTHEAST LANDA
10894,110894,3300901659,SWD,A,12/19/1991,3150,SWNE 36-164-79,MUREX PETROLEUM CORPORATION,GRAVSETH C R,NORTHEAST LANDA
11662,,3300901754,OG,DRY,8/5/1985,3150,NWNW 36-164-79,FAIRBANKS OIL COMPANY,KLOKSTAD 13-36,NORTHEAST LANDA
201,,3300900007,OG,PA,9/29/1967,3085,NENW 36-164-79,WARD-WILLISTON DRILLING CO.,BERT KLOKSTAD 1,NORTHEAST LANDA
26343,126343,3300902338,OG,A,12/30/2023,5690,SENE 36-164-79,"FULCRUM ENERGY OPERATING, LLC",CORINTHIAN GRAVSETH 8-36 1-H,NORTHEAST LANDA
302,,3300900017,OG,PA,3/31/1955,3083,SESE 36-164-79,CARDINAL PETROLEUM CO.,HOMME-STONE 2,NORTHEAST LANDA
3149,,3300900689,OG,DRY,5/15/1962,3094,NENE 36-164-79,I. J. WILHITE,IVER GRAVSETH 5,NORTHEAST LANDA
333,,3300900021,OG,PA,9/30/1967,3094,SENW 36-164-79,WARD-WILLISTON DRILLING CO.,BERT KLOKSTAD 2,NORTHEAST LANDA
342,,3300900023,OG,PA,5/8/1963,3117,SWNW 36-164-79,WARD-WILLISTON DRILLING CO.,BERT KLOKSTAD 3,NORTHEAST LANDA
6313,,3300901255,OG,PA,10/30/2014,3072,NESE 36-164-79,EMPIRE NORTH DAKOTA LLC,GRAVSETH 1,NORTHEAST LANDA
6518,,3300901288,OG,DRY,4/29/1978,3077,NWNE 36-164-79,WILLIS L. WALKER,GRAVSETH 2,NORTHEAST LANDA
829,,3300900051,OG,PA,11/4/1983,3140,SENE 36-164-79,EARL SCHWARTZ CO.,GRAVSETH B 2,NORTHEAST LANDA
852,,3300900061,OG,PA,12/3/1991,3138,SWNE 36-164-79,"EAGLE OPERATING, INC.",IVER GRAVSETH SWD 4,NORTHEAST LANDA
623,,3300900039,OG,DRY,6/30/1954,3362,SESE 27-164-80,CARDINAL DRILLING CO.,WINONA NATL AND SAVINGS BANK 1,NORTH WESTHOPE
3593,,3300900807,OG,DRY,5/27/1964,3379,SWNW 32-164-80,CLYDE G. KISSINGER,CLYDE KISSINGER-MIDWEST WILSON 1,WILDCAT
3463,,3300900775,OG,DRY,12/17/1963,3362,NWNE 33-164-80,ANSCHUTZ OIL CO.,BELCOURT 1,RICHBURG
5794,,3300901184,OG,DRY,12/31/1975,3360,SESW 33-164-80,HAWN BROTHERS & HANOVER MANAGEMENT CO.,ZAHN 1,WILDCAT
6874,,3300901329,OG,DRY,2/13/1979,3365,SESE 33-164-80,COQUINA OIL CORP.,ZAHN 1,WILDCAT
7522,,3300901380,OG,PA,3/20/1997,3350,NWSW 34-164-80,EARL SCHWARTZ,DONALD G. FRASER 1,RICHBURG
797,,3300900046,OG,DRY,12/15/1954,3715,NESE 34-164-80,CARDINAL DRILLING CO.,WINONA NAT'L AND SAVINGS BANK 2,NORTH WESTHOPE
9966,,3300901590,OG,DRY,1/1/1983,3385,SWSW 34-164-80,DON BILLS & ST. CLAIR,DONALD FRASER ET UX 1,RICHBURG
10462,400577,3300901634,OG,PA,12/18/2020,3335,SWNE 35-164-80,COBRA OIL & GAS CORPORATION,NORTH WESTHOPE-MADISON UNIT GB-2R,NORTH WESTHOPE
1228,,3300900131,OG,PA,10/9/1996,3281,SENW 35-164-80,WARD-WILLISTON COMPANY,NORTH WESTHOPE-MADISON UNIT G-2,NORTH WESTHOPE
200,,3300900006,OG,PA,6/8/1991,3358,NWNW 35-164-80,WARD-WILLISTON COMPANY,WM. E. GORDER 1,NORTH WESTHOPE
577,,3300900038,OG,PA,11/3/2004,3295,SENE 35-164-80,WARD-WILLISTON COMPANY,NORTH WESTHOPE-MADISON UNIT BG-1,NORTH WESTHOPE
755,,3300900042,OG,PA,10/26/1962,3290,NESE 35-164-80,WARD-WILLISTON DRILLING CO.,NORTH WESTHOPE-MADISON UNIT C-1,NORTH WESTHOPE
835,,3300900054,OG,PA,12/28/1998,3325,SESE 35-164-80,WARD-WILLISTON COMPANY,NORTH WESTHOPE-MADISON UNIT C-2,NORTH WESTHOPE
856,,3300900062,OG,PA,3/1/2001,3319,NWSE 35-164-80,WARD-WILLISTON COMPANY,NORTH WESTHOPE-MADISON UNIT C-3,NORTH WESTHOPE
864,,3300900065,OG,PA,5/20/1999,3398,SWSE 35-164-80,WARD-WILLISTON COMPANY,NORTH WESTHOPE-MADISON UNIT C-4,NORTH WESTHOPE
896,,3300900074,OG,PA,10/1/1976,3253,SWNE 35-164-80,WARD-WILLISTON DRILLING CO.,NORTH WESTHOPE-MADISON UNIT BG-2,NORTH WESTHOPE
20673,400577,3300902233,OG,PA,5/26/2021,7413,SENW 36-164-80,COBRA OIL & GAS CORPORATION,NWMU A-11H,NORTH WESTHOPE
20681,400577,3300902234,OG,PA,12/29/2020,5728,SESE 36-164-80,COBRA OIL & GAS CORPORATION,NWMU A-10H,NORTH WESTHOPE
2766,400577,3300900561,WI,A,6/3/2025,3243,NESW 36-164-80,COBRA OIL & GAS CORPORATION,NORTH WESTHOPE-MADISON UNIT A-7,NORTH WESTHOPE
3275,400577,3300900722,OG,A,5/30/2025,3224,NWSE 36-164-80,COBRA OIL & GAS CORPORATION,NORTH WESTHOPE-MADISON UNIT A-8,NORTH WESTHOPE
3738,,3300900841,OG,PA,4/8/2003,3181,SESE 36-164-80,WARD-WILLISTON COMPANY,NORTH WESTHOPE-MADISON UNIT A-9,NORTH WESTHOPE
381,,3300900027,OG,PA,3/30/1990,3220,SWNW 36-164-80,WARD-WILLISTON COMPANY,STATE A 1,NORTH WESTHOPE
395,,3300900028,OG,DRY,10/30/1956,5248,SENW 36-164-80,WARD-WILLISTON DRILLING CO.,STATE A 2,NORTH WESTHOPE
808,,3300900047,OG,PA,10/17/1976,3310,NWSW 36-164-80,WARD-WILLISTON DRILLING CO.,NORTH WESTHOPE-MADISON UNIT A-3,NORTH WESTHOPE
830,,3300900049,OG,PA,9/30/1969,3330,SWSW 36-164-80,WARD-WILLISTON DRILLING CO.,NORTH WESTHOPE-MADISON UNIT A-4,NORTH WESTHOPE
831,,3300900052,OG,DRY,6/1/2010,3325,SESW 36-164-80,WARD-WILLISTON COMPANY,NORTH WESTHOPE-MADISON UNIT A-5,NORTH WESTHOPE
959,,3300900093,OG,PA,10/14/1976,3234,SWSE 36-164-80,WARD-WILLISTON DRILLING CO.,NORTH WESTHOPE-MADISON UNIT A-6,NORTH WESTHOPE
997,,3300900102,OG,DRY,10/20/1955,3189,NESE 36-164-80,CARDINAL DRILLING CO.,STATE G 1,NORTH WESTHOPE
1470,,3300900175,OG,DRY,7/3/1957,3701,SWSE 27-164-81,"CALVERT DRILLING, INC.",CLAYTON ASHLEY 1,WILDCAT
4780,,3300901030,OG,DRY,10/30/1969,3462,SENE 33-164-81,ECHO OIL CORP.,SCHWARTZ 1-33,WILDCAT
994,,3300900101,OG,DRY,10/6/1955,3874,SWSW 33-164-81,AMERADA HESS CORPORATION,EARL SCHWARTZ TRACT 1 1,WILDCAT
1028,,3300900105,OG,DRY,11/17/1955,3637,SESW 35-164-81,CARDINAL DRILLING CO. & J.L. MCLAUGHLIN,GLADYS SWARTZ 1,WILDCAT
4053,,3300900929,OG,DRY,3/28/1966,3414,NENE 35-164-81,CAMERLAND CARDINAL CORP.,FRANCES SCHROEDER 1,WILDCAT
1130,,3300900114,OG,DRY,5/17/1956,3702,NWSW 36-164-81,CARDINAL DRILLING CO.,MARY KOESTER 1,WILDCAT
1149,,3300900116,OG,DRY,5/26/1956,3429,NWNE 36-164-81,CARDINAL DRILLING CO.,STATE-SISK 1,WILDCAT
13035,,3300901888,OG,DRY,10/30/1990,3470,SWSE 36-164-81,WILLIS L. WALKER,STATE 15-36,WILDCAT
3706,,3300900833,OG,DRY,10/9/1964,3735,NESW 35-164-82,"KELSCH AND DONLIN, INC.",HARLEY KISSNER 1,WILDCAT
3821,,3300900868,SWD,PA,6/1/1994,3980,SWSW 29-164-83,"CONTINENTAL RESOURCES, INC.",SOUTH ANTLER CREEK UNIT 1-29,SOUTH ANTLER CREEK
5652,,3300901162,OG,PA,10/8/2018,3793,SWSW 29-164-83,"CONTINENTAL RESOURCES, INC.",SOUTH ANTLER CREEK UNIT 2-29,SOUTH ANTLER CREEK
14412,,3300901992,WI,PA,10/16/2018,7633,SWSW 30-164-83,"CONTINENTAL RESOURCES, INC.",S.A.C.U. 2-30,SOUTH ANTLER CREEK
3948,,3300900907,OG,PA,11/8/1983,3873,LOT4 30-164-83,EARL SCHWARTZ CO.,GEORGE SOUTHAM 1,SOUTH ANTLER CREEK
3949,,3300900908,OG,PA,10/5/2005,3856,LOT2 30-164-83,"CONTINENTAL RESOURCES, INC.",SOUTH ANTLER CREEK UNIT 1-30,SOUTH ANTLER CREEK
13566,,3300901947,WI,PA,9/21/2018,3900,SWNE 31-164-83,"CONTINENTAL RESOURCES, INC.",SOUTH ANTLER CREEK UNIT 3-31,SOUTH ANTLER CREEK
3882,,3300900888,OG,PA,9/18/2018,4005,NENE 31-164-83,"CONTINENTAL RESOURCES, INC.",SOUTH ANTLER CREEK UNIT 1-31,SOUTH ANTLER CREEK
3950,,3300900909,OG,PA,7/13/1993,3851,SWNE 31-164-83,"CONTINENTAL RESOURCES, INC.",SOUTH ANTLER CREEK UNIT 2-31,SOUTH ANTLER CREEK
4029,,3300900924,OG,DRY,2/22/1966,3856,NENW 31-164-83,KERR-MCGEE CORP.,UCLI CO. A 2,SOUTH ANTLER CREEK
13534,,3300901941,WI,PA,10/11/2018,3850,NWSW 32-164-83,"CONTINENTAL RESOURCES, INC.",SOUTH ANTLER CREEK UNIT 3-32,SOUTH ANTLER CREEK
13535,,3300901942,WI,PA,10/5/2018,3900,NWSE 32-164-83,"CONTINENTAL RESOURCES, INC.",SOUTH ANTLER CREEK UNIT 4-32,SOUTH ANTLER CREEK
13536,,3300901943,OG,DRY,7/16/1993,3900,SENE 32-164-83,"CONTINENTAL RESOURCES, INC.",SOUTH ANTLER CREEK UNIT 5-32,SOUTH ANTLER CREEK
13537,,3300901944,WS,PA,10/1/2018,3600,SENW 32-164-83,"CONTINENTAL RESOURCES, INC.",SOUTH ANTLER CREEK UNIT 6-32,SOUTH ANTLER CREEK
13686,,3300901958,OG,PA,9/28/2018,3900,SWNW 32-164-83,"CONTINENTAL RESOURCES, INC.",SOUTH ANTLER CREEK UNIT 7-32,SOUTH ANTLER CREEK
3585,,3300900806,OG,PA,8/5/1994,3856,SWNW 32-164-83,"CONTINENTAL RESOURCES, INC.",SOUTH ANTLER CREEK UNIT 1-32,SOUTH ANTLER CREEK
3601,,3300900810,OG,PA,10/16/2013,3838,SWNE 32-164-83,"CONTINENTAL RESOURCES, INC.",SOUTH ANTLER CREEK UNIT 2-32,SOUTH ANTLER CREEK
3650,,3300900819,OG,PA,5/23/1969,3807,NENE 32-164-83,CARDINAL PETROLEUM CO.,STANLEY AND EHLERS 2,SOUTH ANTLER CREEK
3672,,3300900822,OG,PA,12/10/1968,3868,NESW 32-164-83,CARDINAL PETROLEUM CO.,SOUTHAM-LANDER 1,SOUTH ANTLER CREEK
3678,,3300900825,OG,PA,1/20/1983,3845,NENW 32-164-83,KERR-MCGEE CORP.,UNION CENTRAL LIFE INS. CO. 1,SOUTH ANTLER CREEK
3723,,3300900838,OG,PA,1/13/1967,3850,NESE 32-164-83,AREX CORP.,WM. B. WITTEMAN 1,SOUTH ANTLER CREEK
8946,,3300901524,OG,DRY,8/19/1981,3927,SWSE 32-164-83,BLACK HAWK RESOURCES CORP.,CLIFFORD 34-32,SOUTH ANTLER CREEK
3051,,3300900657,OG,DRY,11/24/1961,4007,SENE 33-164-83,"NORTH AMERICAN ROYALTIES, INC.",WEBBER ESTATE 1,WILDCAT
5709,,3300901175,OG,DRY,11/6/1975,3825,SWSW 33-164-83,KISSINGER PETROLEUM CORP.,STANLEY 13-33,SOUTH ANTLER CREEK
7413,207413,3300901374,OG,PA,10/29/2020,3760,NWSE 33-164-83,COBRA OIL & GAS CORPORATION,STANLEY-STATE 1,WHEATON
8255,,3300901441,OG,PA,11/7/2001,3812,NESW 33-164-83,EARL SCHWARTZ,STANLEY 11-33,SOUTH ANTLER CREEK
8283,207413,3300901442,OG,PA,10/28/2020,3858,SWSE 33-164-83,COBRA OIL & GAS CORPORATION,STANLEY-STATE 2,WHEATON
8284,207413,3300901443,OG,PA,6/9/2023,3820,SESE 33-164-83,COBRA OIL & GAS CORPORATION,STANLEY-STATE 3,WHEATON
2727,,3300900548,OG,PNC,8/1/1961,,NWSE 34-164-83,"ILLINI OIL COMPANY, INC.",FELAND 1,WHEATON
3782,,3300900860,OG,DRY,12/25/1964,3940,SENE 34-164-83,PLAZA OIL & GAS LTD.,CLYDE WEBBER 1,WHEATON
7835,,3300901403,OG,DRY,6/20/1980,3774,SWSW 34-164-83,EARL SCHWARTZ CO.,EARL SCHWARTZ 3,WHEATON
7838,,3300901405,OG,PNC,4/11/1983,,NESW 34-164-83,EARL SCHWARTZ CO.,EARL SCHWARTZ 4,WHEATON
8216,,3300901436,OG,DRY,1/18/1984,3750,SESE 34-164-83,"SOUTH RANCH OIL COMPANY, INC.",FELAND 1,WHEATON
3050,,3300900656,OG,DRY,12/3/1961,3971,SESE 35-164-83,CLYDE G. KISSINGER,FELAND 1,WHEATON
3864,,3300900884,OG,DRY,6/16/1965,3724,SWSW 35-164-83,CARDINAL PETROLEUM CO.,RALPH FELAND 1,WILDCAT
4156,,3300900950,OG,DRY,10/6/1966,3733,NESW 35-164-83,TIDDENS PETROLEUM CORP. & STUARCO OIL CO.,R. FELAND 1,WILDCAT
9032,,3307500906,OG,PA,10/21/1983,3845,SWSE 25-164-84,"CLAN RESOURCES, LTD.",SOUTHAM 1,SOUTH ANTLER CREEK
3269,,3307500160,OG,PA,11/13/1964,3992,SWSW 26-164-84,CLYDE G. KISSINGER,HURDLEBRINK 1,ELMORE
9673,,3307500929,OG,PA,11/23/1984,4069,SWSW 26-164-84,"BEDFORD RESOURCES, INC.",HURDELBRINK R-1,ELMORE
9973,,3307500943,OG,PNC,7/17/1984,,SWSE 26-164-84,"TIBER RESOURCES, INC.",HURDELBRINK 1-26,ELMORE
10261,407553,3307500963,OG,A,6/15/2017,4084,SESE 27-164-84,MUREX PETROLEUM CORPORATION,HARKNESS B 3,ELMORE
12235,407592,3307501115,OG,A,11/22/2022,4100,SESW 27-164-84,MUREX PETROLEUM CORPORATION,HARKNESS 3-27,ELMORE
3016,407553,3307500134,OG,A,8/15/2019,4060,LOT2 27-164-84,MUREX PETROLEUM CORPORATION,HARKNESS B 2,ELMORE
3049,407592,3307500138,OG,A,12/10/2024,4010,LOT4 27-164-84,MUREX PETROLEUM CORPORATION,HARKNESS 4-27,ELMORE
41782,,3307501497,OG,LOC,4/8/2025,,LOT1 27-164-84,MUREX PETROLEUM CORPORATION,EMU Ross 27-28H,ELMORE
16834,,3307501383,OG,DRY,1/11/2008,4126,SESW 28-164-84,TOP OPERATING COMPANY,AARHUS  NO. 2,ELMORE
2860,,3307500112,OG,DRY,4/22/1961,4109,LOT4 28-164-84,CLYDE G. KISSINGER,STATE OF NORTH DAKOTA 1,WILDCAT
2905,,3307500120,SWD,PA,9/29/2003,4036,LOT2 28-164-84,"McRae & Henry, Ltd.",HARKNESS SWD SYSTEM 1,ELMORE
8524,407592,3307500866,OG,A,1/4/2023,3980,SESE 28-164-84,MUREX PETROLEUM CORPORATION,HARKNESS A 1-R,ELMORE
9229,,3307500916,OG,PA,10/24/1983,4060,NESW 28-164-84,"ROBERT P. JACKMAN, INC.",MARY 1,ELMORE
3621,203541,3307500228,OG,A,11/4/2025,4150,LOT3 30-164-84,COBRA OIL & GAS CORPORATION,TYRIAN LODGE 1,SHERWOOD
3704,,3307500260,OG,DRY,10/7/1964,4130,LOT1 30-164-84,"CHANDLER & ASSOCIATES, INC.",TYRIAN LODGE 2,SHERWOOD
7684,203541,3307500804,OG,A,11/4/2025,5000,SWSW 30-164-84,COBRA OIL & GAS CORPORATION,TYRIAN LODGE 3,SHERWOOD
3521,,3307500199,OG,DRY,3/7/1964,4179,NWNE 31-164-84,"CHANDLER-SIMPSON, INC.",HURDLEBRINK 1,WILDCAT
3556,,3307500210,OG,DRY,5/3/1964,4234,SESW 31-164-84,"CHANDLER-SIMPSON, INC.",BENNIE HURDELBRINK 1,SHERWOOD
3566,103566,3307500214,OG,A,5/24/1964,4160,NWNW 31-164-84,T2 OPERATING CORPORATION,STATE-HURDLEBRINK 1,SHERWOOD
3697,,3307500257,OG,DRY,9/21/1964,4161,SENW 31-164-84,"PETROLEUM, INC.",STATE-HURDELBRINK 2,SHERWOOD
9305,,3307500918,OG,PA,12/21/2001,4226,NWSW 31-164-84,CAMWEST LIMITED PARTNERSHIP,HURDELBRINK 1,SHERWOOD
13670,,3307501275,OG,DRY,6/26/1994,4212,SWNE 32-164-84,TOP OPERATING COMPANY,HURDLEBRINK 1,WILDCAT
1701,,3307500038,OG,DRY,1/14/1958,4210,SESW 32-164-84,GULF OIL CORP.,HURDELBRINK FAMILY 1,WILDCAT
3869,,3307500303,OG,DRY,5/5/1965,4215,NENW 32-164-84,"BHP PETROLEUM COMPANY, INC.",CLOYD 1,SHERWOOD
5484,,3307500549,OG,DRY,11/23/1974,4171,SWNW 32-164-84,KISSINGER PETROLEUM CORP.,HURDELBRINK 5-32,WILDCAT
8120,,3307500841,OG,DRY,1/9/1981,4175,NENE 32-164-84,"CHANDLER & ASSOCIATES, INC.",HURDELBRINK 1-32,ELMORE
13533,,3307501253,OG,DRY,5/26/1993,4110,NENW 33-164-84,TOP OPERATING COMPANY,HARKNESS 1,ELMORE
13730,,3307501278,OG,DRY,11/24/1994,4200,SWSE 33-164-84,TOP OPERATING COMPANY,HURDELBRINK TRUST 1,ELMORE
16773,,3307501380,OG,PNC,10/21/2008,,NWNW 33-164-84,TOP OPERATING COMPANY,AARHUS 1,WILDCAT
26460,,3307501446,WI,PNC,2/22/2023,,NWNE 33-164-84,MUREX PETROLEUM CORPORATION,EMU A-201-1,ELMORE
2873,,3307500114,OG,DRY,4/8/1961,4104,NENW 33-164-84,"NORTH AMERICAN ROYALTIES, INC.",HARKNESS-STATE 1,ELMORE
2936,,3307500124,OG,PA,8/15/2014,4107,NENE 33-164-84,MUREX PETROLEUM CORPORATION,T. P. CLIFFORD 1,ELMORE
40151,,3307501493,OG,DRY,10/28/2023,4130,NWNW 33-164-84,"ARMSTRONG OPERATING, INC.",HARKNESS 2,ELMORE
5800,,3307500639,OG,DRY,1/25/1976,4160,NWSW 33-164-84,KISSINGER PETROLEUM CORP.,HURDELBRINK 12-33,ELMORE
12639,203058,3307501149,WI,A,10/28/2025,4103,SENE 34-164-84,MUREX PETROLEUM CORPORATION,BURRELL 4-H34,ELMORE
26520,,3307501448,WI,PNC,2/22/2023,,SWNW 34-164-84,MUREX PETROLEUM CORPORATION,EMU C-100-1,ELMORE
3058,103058,3307500139,SWD,A,12/30/2022,4040,SWNE 34-164-84,MUREX PETROLEUM CORPORATION,C. F. BURRELL 1,ELMORE
3108,407551,3307500141,OG,A,6/11/2025,4100,NENW 34-164-84,MUREX PETROLEUM CORPORATION,T. P. CLIFFORD 1-A,ELMORE
3164,407537,3307500149,OG,A,7/4/2025,4018,NENE 34-164-84,MUREX PETROLEUM CORPORATION,C. F. BURRELL 2,ELMORE
40358,,3307501496,OG,A,1/21/2024,9761,SWNE 34-164-84,MUREX PETROLEUM CORPORATION,EMU-Annis Jeannette 1H,ELMORE
9791,407537,3307500933,OG,A,7/3/2024,4088,NWNE 34-164-84,MUREX PETROLEUM CORPORATION,BURRELL 3-B34,ELMORE
10314,407558,3307500965,OG,A,6/15/2017,4100,NWNW 35-164-84,MUREX PETROLEUM CORPORATION,MOTT A 3,ELMORE
12185,,3307501111,OG,DRY,9/7/1987,4100,NWSE 35-164-84,"TURTLE MOUNTAIN GAS & OIL, INC.",JACKSON 1,ELMORE
3170,407558,3307500150,OG,A,6/5/2024,3984,NENW 35-164-84,MUREX PETROLEUM CORPORATION,MOTT A 1,ELMORE
3171,,3307500151,OG,PA,7/9/2003,3999,SWNW 35-164-84,BALLANTYNE OIL,MOTT A 2,ELMORE
3749,,3307500274,OG,DRY,11/17/1964,4120,SWSW 35-164-84,"CHANDLER & ASSOCIATES, INC.",JOHNSON 1,ELMORE
5123,,3307500513,OG,DRY,10/23/1971,4016,NENE 35-164-84,DON BILLS & FRED TIDDENS,P. E. CARTER ET AL 1,ELMORE
7153,,3307500778,OG,PA,10/12/1993,4020,SWNE 35-164-84,"TURTLE MOUNTAIN GAS & OIL, INC.",NELSON ET AL 32-35,ELMORE
8108,403016,3307500839,OG,A,6/15/2017,4090,NESW 35-164-84,MUREX PETROLEUM CORPORATION,KEITH 23-35,ELMORE
9140,,3307500912,OG,DRY,8/18/1984,4050,NWSW 35-164-84,"BEDFORD RESOURCES, INC.",KEITH 13-35,ELMORE
9141,,3307500913,OG,PNC,1/18/1983,,NWSE 35-164-84,BLACK HAWK RESOURCES CORP.,JACKSON 33X-35,ELMORE
21242,,3307501418,OG,PA,6/21/2018,3846,SWNW 36-164-84,STRIKE OIL INC,NORTH DAKOTA STATE 36-12,ELMORE
2870,,3307500113,OG,DRY,3/25/1961,4141,SWSW 36-164-84,CARDINAL PETROLEUM CO.,UNIVERSITY SCHOOL LANDS 1-R,WILDCAT
3048,,3307500137,OG,DRY,12/16/1961,4071,NENE 36-164-84,CLYDE G. KISSINGER,STATE OF NORTH DAKOTA B-1,WILDCAT
8989,108989,3307500903,OG,PA,3/27/2023,4099,NWSW 36-164-84,"31 OPERATING, LLC",STATE OF NORTH DAKOTA 1-36,ELMORE
11682,203580,3307501056,OG,A,3/5/2024,4180,SWSW 25-164-85,COBRA OIL & GAS CORPORATION,RUSCH B-2,SHERWOOD
11683,,3307501057,OG,DRY,1/5/1986,439,SWSE 25-164-85,"CHANDLER & ASSOCIATES, INC.",RUSCH 2A,SHERWOOD
11927,203532,3307501082,OG,A,4/4/2023,4180,SWSE 25-164-85,COBRA OIL & GAS CORPORATION,RUSCH 2,SHERWOOD
3532,203532,3307500203,OG,A,5/30/2025,4160,SESE 25-164-85,COBRA OIL & GAS CORPORATION,RUSCH - BANK OF NORTH DAKOTA 1,SHERWOOD
3580,203580,3307500217,OG,A,2/15/2019,4150,LOT3 25-164-85,COBRA OIL & GAS CORPORATION,RUSCH B 1,SHERWOOD
2966,,3307500130,OG,DRY,8/13/1961,4275,LOT3 26-164-85,PLACID OIL CO.,M. BECKEDAHL-C. VOLK 1,SHERWOOD
3511,202883,3307500195,OG,AB,9/17/2025,4245,SESE 26-164-85,COBRA OIL & GAS CORPORATION,CELESTINE VOLK 5,SHERWOOD
3651,,3307500236,OG,DRY,9/4/1964,4250,LOT4 26-164-85,PLACID OIL CO.,C. VOLK - M. BECKEDAHL 2,SHERWOOD
2953,102953,3307500128,OG,PA,10/16/2019,4289,LOT1 27-164-85,"D90 Energy, LLC",BECKEDAHL M. UNIT 1,SHERWOOD
3038,,3307500136,OG,DRY,11/4/1961,4280,SESW 27-164-85,PLACID OIL CO.,KNOX-BECKEDAHL 1,SHERWOOD
12733,,3307501160,OG,DRY,9/21/1989,4275,SWSE 28-164-85,"BROSCHAT ENGINEERING & MANAGEMENT SERVICES, INC.",B/W RESOURCES KNUTSON 1-28,WILDCAT
15321,,3307501331,OG,DRY,8/2/2002,4350,SESE 28-164-85,"ENERGY OPERATING COMPANY, INC.",KNUTSON 1-28,SHERWOOD
3894,,3307500310,OG,DRY,1/21/1968,4309,LOT1 29-164-85,"CHANDLER & ASSOCIATES, INC.",ELTZ 1,WILDCAT
9980,,3307500950,OG,DRY,8/7/1986,4320,SESE 29-164-85,SOURIS OIL & GAS LIMITED,ELTZ 1-A,WILDCAT
2656,,3307500090,OG,DRY,5/21/1960,4610,SESW 30-164-85,ARROWHEAD EXPLORATION CO.,M. GAIL KNOX 1,WILDCAT
5894,,3307500664,OG,DRY,5/29/1976,4425,SWSE 31-164-85,KISSINGER PETROLEUM CORP.,ALVSTAD 15-31,WILDCAT
5926,,3307500673,OG,DRY,7/19/1976,4420,SWNE 31-164-85,KISSINGER PETROLEUM CORP.,PULVERMACHER 7-31,WILDCAT
13805,,3307501282,OG,DRY,7/13/1995,4350,SENE 32-164-85,TOP OPERATING COMPANY,HEFTER 1,WILDCAT
3185,,3307500153,OG,DRY,6/29/1962,4400,NENW 32-164-85,MONSANTO CHEMICAL CO.,KNOX 1,WILDCAT
6084,,3307500700,OG,DRY,1/30/1977,4376,NWSW 32-164-85,KISSINGER PETROLEUM CORP.,WALSH 12-32,WEST SHERWOOD
6754,,3307500770,OG,DRY,11/9/1978,4350,SESE 32-164-85,"KYE TROUT, JR.",MITCHEL 32-16,WEST SHERWOOD
13637,,3307501261,OG,DRY,2/22/1994,4410,NWSW 33-164-85,"CHANDLER & ASSOCIATES, INC.",KNOX 12-33,WEST SHERWOOD
1486,,3307500032,OG,DRY,8/1/1957,4842,SWNW 33-164-85,NORTH CENTRAL OIL CORP.,LINNIE FERGUSON 1,WILDCAT
14995,,3307501326,OG,DRY,7/1/2000,4320,NWNE 33-164-85,"ENERGY OPERATING COMPANY, INC.",KNUTSON 2-33,WILDCAT
17583,,3307501399,OG,DRY,10/11/2008,4450,SWSW 33-164-85,"G3 OPERATING, LLC",KNOX FARM 13-33,WILDCAT
5388,,3307500541,OG,PA,6/1/1988,4305,SESW 33-164-85,"CHANDLER & ASSOCIATES, INC.",KNOX 14-33,WEST SHERWOOD
5451,,3307500545,OG,DRY,8/30/1974,4290,NWSE 33-164-85,"CHANDLER & ASSOCIATES, INC.",BECKEDAHL 10-33,WEST SHERWOOD
12571,202279,3307501144,OG,PA,8/24/2022,4250,NESE 34-164-85,T2 OPERATING CORPORATION,BECKEDAHL B 2,SHERWOOD
12622,,3307501148,OG,PA,9/2/1992,4310,SWSE 34-164-85,"SENTINEL OPERATING, INC.",BECKEDAHL 2-034,SHERWOOD
12805,,3307501170,OG,PA,10/25/2016,4250,NENE 34-164-85,"D90 Energy, LLC",M. M. BECKEDAHL D FLB 3,SHERWOOD
13424,113424,3307501243,OG,PA,6/25/2024,4275,SWSE 34-164-85,EMPIRE NORTH DAKOTA LLC,BECKEDAHL 2-34,SHERWOOD
15548,,3307501336,OG,DRY,11/20/2004,4500,NWNW 34-164-85,"EAGLE OPERATING, INC.",BECKEDAHL 34-4R,SHERWOOD
2198,,3307500051,OG,DRY,3/6/1959,4284,SENW 34-164-85,"PETROLEUM, INC.",C. L. BECKDAHL 1,SHERWOOD
2279,202279,3307500058,OG,PA,5/3/2021,4204,SESE 34-164-85,"WHITE ROCK OIL & GAS, LLC",MORTON BECKEDAHL B 1,SHERWOOD
2287,,3307500060,OG,PA,5/5/1964,4206,SESW 34-164-85,"PETROLEUM, INC.",W. BECKEDAHL 1,SHERWOOD
2806,,3307500107,OG,PA,8/25/1989,4241,NWSE 34-164-85,UNION OIL COMPANY OF CALIFORNIA,M. BECKEDAHL 1,SHERWOOD
2940,,3307500126,OG,PA,8/20/2016,4208,SENE 34-164-85,"D90 Energy, LLC",M. M. BECKEDAHL D FLB 1,SHERWOOD
2978,,3307500131,OG,PA,12/27/2001,4225,NWNE 34-164-85,CAMWEST LIMITED PARTNERSHIP,M. M. BECKEDAHL D - FLB 2,SHERWOOD
3299,,3307500165,OG,DRY,12/11/1962,4268,NWSW 34-164-85,ARROWHEAD EXPLORATION CO.,W. BECKEDAHL ET AL 1,SHERWOOD
11334,202883,3307501037,OG,PA,9/27/2022,4263,SWNW 35-164-85,"D90 Energy, LLC",CELESTINE VOLK 6,SHERWOOD
11648,,3307501053,SWD,A,12/2/2025,4280,NENW 35-164-85,COBRA OIL & GAS CORPORATION,VOLK 7,SHERWOOD
12572,202225,3307501145,OG,PA,4/28/2021,4250,NESW 35-164-85,"WHITE ROCK OIL & GAS, LLC",BECKEDAHL D 2,SHERWOOD
12764,,3307501166,OG,DRY,11/14/1989,4300,SWNE 35-164-85,"GRAHAM ROYALTY, LTD.",VOLK 8,SHERWOOD
13145,202895,3307501211,OG,IA,11/18/2025,4250,SWSW 35-164-85,T2 OPERATING CORPORATION,BECKEDAHL C 2,SHERWOOD
13664,202392,3307501273,OG,AB,1/14/2022,4275,SWSE 35-164-85,"Nordstrand Engineering, Inc.",E. M. BECKEDAHL 35-15,SHERWOOD
2225,202225,3307500054,OG,A,12/3/2022,4187,SESW 35-164-85,T2 OPERATING CORPORATION,BECKEDAHL D 1,SHERWOOD
2392,,3307500064,OG,PA,4/4/1990,4193,NWSE 35-164-85,"PETROLEUM, INC.",BECKEDAHL F 1,SHERWOOD
2883,202883,3307500116,OG,A,10/3/2023,4200,SENW 35-164-85,COBRA OIL & GAS CORPORATION,CELESTINE VOLK 1,SHERWOOD
2895,202895,3307500118,OG,A,11/4/2025,4207,NWSW 35-164-85,T2 OPERATING CORPORATION,BECKEDAHL C-1,SHERWOOD
2917,202883,3307500121,OG,PA,11/22/2022,4682,NWNW 35-164-85,"D90 Energy, LLC",CELESTINE VOLK 2,SHERWOOD
2937,,3307500125,OG,DRY,6/16/1961,4203,NWNE 35-164-85,PLACID OIL CO.,CELESTINE VOLK 3,SHERWOOD
3496,,3307500193,OG,PA,10/17/2019,4320,SENE 35-164-85,"D90 Energy, LLC",CELESTINE VOLK 4,SHERWOOD
3500,,3307500194,OG,DRY,1/28/1964,4242,SESE 35-164-85,"PETROLEUM, INC.",CARL L. BECKEDAHL F 2,SHERWOOD
3741,202392,3307500273,OG,AB,11/22/2022,4191,NESE 35-164-85,"Nordstrand Engineering, Inc.",CARL L. BECKEDAHL F 3,SHERWOOD
11693,,3307501058,OG,DRY,1/19/1986,4245,SWSE 36-164-85,"CHANDLER & ASSOCIATES, INC.",SHERWOOD-STATE 2,SHERWOOD
12456,,3307501129,OG,DRY,6/14/1988,4200,NESW 36-164-85,"CHANDLER & ASSOCIATES, INC.",GRENGS STATE 2,SHERWOOD
2210,,3307500053,OG,DRY,3/7/1959,4183,NWNW 36-164-85,B. D. GILBERT,OWEN-UNIVERSITY SCHOOL LAND 1,SHERWOOD
2435,,3307500065,OG,DRY,8/30/1959,4194,SESW 36-164-85,WESTERN NATURAL GAS CO.,GRENGS - STATE OF NORTH DAKOTA 1,SHERWOOD
3470,,3307500189,OG,PA,5/11/1992,4200,NWSW 36-164-85,"CHANDLER-SIMPSON, INC.",GRENGES-STATE 1,SHERWOOD
3525,,3307500200,SWD,A,9/15/2018,4204,SENW 36-164-85,COBRA OIL & GAS CORPORATION,ROWE-STATE 1,SHERWOOD
3541,203541,3307500206,OG,A,11/4/2025,4175,NWNE 36-164-85,COBRA OIL & GAS CORPORATION,NELSON-STATE 1,SHERWOOD
3594,,3307500220,OG,DRY,6/2/1964,4190,SENE 36-164-85,"BHP PETROLEUM COMPANY, INC.",MILFORD 1,SHERWOOD
3658,,3307500239,OG,PA,12/3/1994,4204,NENE 36-164-85,JN EXPLORATION & PRODUCTION LIMITED PARTNERSHIP,MILFORD 2,SHERWOOD
3698,,3307500258,OG,PA,2/5/2018,4179,NENW 36-164-85,COBRA OIL & GAS CORPORATION,ROWE-STATE 2,SHERWOOD
3716,203541,3307500263,OG,AB,6/17/2025,4186,NWSE 36-164-85,COBRA OIL & GAS CORPORATION,CITY OF SHERWOOD-STATE 1,SHERWOOD
3823,,3307500290,OG,DRY,3/3/1965,4206,SESE 36-164-85,"CHANDLER & ASSOCIATES, INC.",SHERWOOD CITY 1,SHERWOOD
3853,,3307500300,OG,DRY,4/16/1965,4200,SWNW 36-164-85,"CHANDLER & ASSOCIATES, INC.",ROWE STATE B 1,SHERWOOD
9471,,3307500920,OG,DRY,3/11/1982,4210,NWNW 36-164-85,"WOOLLEY RESOURCES, INC.",GRENGS 1,SHERWOOD
4200,,3307500385,OG,DRY,1/1/1967,4700,LOT2 29-164-86,NORTHWESTERN REFINING - KELSCH & DONLIN,HENRY P. ANDERSON 1,WILDCAT
9637,,3307500927,OG,DRY,12/9/1985,4735,SESW 30-164-86,"ERSKINE RESOURCES, INC.",PROSPERITY 1,WILDCAT
1087,,3307500020,OG,DRY,3/6/1956,5292,NWNE 31-164-86,SOHIO PETROLEUM COMPANY,CLATE H. LINDEMOOD ET UX 1,WILDCAT
5942,,3307500679,OG,DRY,10/10/1976,4850,NWSW 32-164-86,PETROLEUM EQUITIES CORP.,HANSON 1,PLEASANT
3629,,3307500232,OG,DRY,7/20/1964,4675,SESE 33-164-86,"KELSCH AND DONLIN, INC.",HENRY P. ANDERSON 1,WILDCAT
3826,,3307500291,OG,DRY,3/14/1965,4612,NWNW 34-164-86,"GUFFEY, SEITZ, CLARK & COWDEN",JOHN A. PETTERSON 1,WILDCAT
3906,,3307500313,OG,DRY,7/13/1965,4549,SWNW 36-164-86,CHANDLER & ASSOCIATES & TIDDENS PETROLEUM,HANSON-STATE 1,WILDCAT
13845,,3307501284,OG,DRY,9/30/1995,5100,SWSE 30-164-87,"TEXAS CRUDE ENERGY, INC.",REISCHKE 30 1,WILDCAT
6561,,3307500758,OG,DRY,6/3/1978,4900,SENW 32-164-87,KISSINGER PETROLEUM CORP.,HANSON 6-32,WILDCAT
17112,,3307501387,OG,DRY,3/12/2008,5100,NWNW 33-164-87,"EAGLE OPERATING, INC.",E-M ENGH  33-4,WILDCAT
33289,,3307501485,OG,DRY,7/9/2017,9400,SESE 33-164-87,"ARMSTRONG OPERATING, INC.",HANSON 33-43,NEWPORTE
5841,,3307500651,OG,DRY,3/2/1976,4835,NWSE 34-164-87,KISSINGER PETROLEUM CORP.,MOTT-STATE 10-34,NEWPORTE
6349,,3307500730,OG,PA,6/30/1997,9476,SWSW 34-164-87,"EAGLE OPERATING, INC.",E-M R MOTT 34-14,NEWPORTE
6022,,3307500692,OG,DRY,1/20/1977,4854,NENE 35-164-87,KISSINGER PETROLEUM CORP.,PETERSON 1-35,WILDCAT
5756,,3307500627,OG,DRY,12/7/1975,4800,SESE 36-164-87,KISSINGER PETROLEUM CORP.,DUERRE-STATE 16-36,PLEASANT
599,,3307500009,OG,DRY,6/19/1954,5410,SWSW 36-164-87,CALVERT EXPLORATION & LEONARD WARD,NORTH DAKOTA STATE A 1,WILDCAT
15714,115714,3301301330,OG,IA,12/17/2024,6991,SWSW 25-164-88,COBRA OIL & GAS CORPORATION,EM RICHARDSON 25-13H,LAKE VIEW
10262,,3301300996,OG,DRY,10/7/1983,5410,NWSE 31-164-88,INEXCO OIL CO.,MIELKE 1-31,WILDCAT
8841,,3301300866,OG,DRY,7/23/1981,5109,SESW 34-164-88,"BHP PETROLEUM COMPANY, INC.",CLARION 1,WILDCAT
14761,,3301301282,OG,PNC,12/14/1998,,NESE 35-164-88,"DUNCAN OIL, INC.",OLNEY 1-35,WILDCAT
10423,,3301301017,OG,DRY,10/22/1983,5250,SESW 36-164-88,"BHP PETROLEUM COMPANY, INC.",KINSON-WILHELMINA 1,LAKE VIEW
12931,,3301301219,SWD,A,10/3/2023,5200,SWNW 36-164-88,"EAGLE OPERATING, INC.",SCHMID ESTATE 1-36,LAKE VIEW
13384,,3301301251,OG,DRY,8/3/1992,5126,NENW 36-164-88,"EAGLE OPERATING, INC.",E. M. BUCKSHOT 36-3,WILDCAT
15987,115987,3301301344,OG,PA,12/16/2020,9184,NWNW 36-164-88,COBRA OIL & GAS CORPORATION,EM BUCKSHOT 36-4 H,LAKE VIEW
12509,,3301301199,OG,DRY,9/16/1988,8420,SENE 32-164-89,"COMDISCO EXPLORATION, INC.",HETH 1-32,WILDCAT
16097,116097,3301301348,OG,A,6/30/2006,10750,SWSE 32-164-89,EMPIRE NORTH DAKOTA LLC,MANCAL BURKE E-32H-164N-89W,UPPER DES LACS
5332,,3301300727,OG,DRY,9/7/1973,5260,SWNE 32-164-89,J. M. HUBER CORP.,CARL O. WOLEN 32-1,WILDCAT
13363,,3301301248,OG,DRY,6/6/1992,5385,SWSW 33-164-89,BARBARA FASKEN,SORUM 1-33,UPPER DES LACS
15491,115491,3301301325,OG,A,1/10/2004,10879,SESW 33-164-89,EMPIRE NORTH DAKOTA LLC,MANCAL 33H-164N-89W,UPPER DES LACS
18751,118751,3301301489,OG,A,11/25/2025,11093,SESE 33-164-89,CORNERSTONE NATURAL RESOURCES LLC,KARPYAK 4P-33H,UPPER DES LACS
15838,,3301301335,OG,PNC,6/30/2005,,LOT1 28-164-90,"PRIMA EXPLORATION, INC.",STEAMBOAT 44-28-164-90H,CUSTOMS
15899,,3301301337,OG,PNC,7/26/2005,,LOT4 28-164-90,"PRIMA EXPLORATION, INC.",STEAMBOAT 14-28-164-90H,CUSTOMS
14885,114885,3301301304,OG,A,10/4/2025,11634,SESE 32-164-90,COBRA OIL & GAS CORPORATION,WILSON 44-32H,CUSTOMS
1493,,3301300056,OG,DRY,8/18/1957,5547,NESE 32-164-90,PETROLEUM CORPORATION OF AMERICA,B. L. WILSON 1,ENTRY
1332,,3301300035,OG,PA,8/6/1958,5933,SWNW 33-164-90,TEXOTA OIL CO.,A. WOLKENHAUER 1,ENTRY
15913,115913,3301301339,SWD,A,5/30/2025,9494,SESW 33-164-90,"RIM OPERATING, INC.",STEAMBOAT 24-33-164-90H,CUSTOMS
31758,,3301301821,OG,PNC,8/24/2016,,SWSE 33-164-90,CORNERSTONE NATURAL RESOURCES LLC,WOLKENHAUSER C-3328-6490,CUSTOMS
5908,,3301300748,OG,DRY,8/10/1976,8680,NWNE 33-164-90,"CHANDLER & ASSOCIATES, INC.",WILSON 2-33,ENTRY
15902,,3301301338,OG,PNC,11/25/2011,,SESE 34-164-90,CORNERSTONE NATURAL RESOURCES LLC,TAFELMEYER UNIT 1,CUSTOMS
19276,119276,3301301510,OG,IA,11/18/2025,12663,SESE 34-164-90,CORNERSTONE NATURAL RESOURCES LLC,TAFELMEYER 7-34H,CUSTOMS
27959,127959,3301301780,OG,A,2/5/2025,10795,SWSW 34-164-90,CORNERSTONE NATURAL RESOURCES LLC,TAFELMEYER  MA-3427-6490,CUSTOMS
4355,,3301300685,OG,DRY,12/11/1967,5550,NWSW 34-164-90,I. J. WILHITE & NORTH AMERICAN ROYALTIES,RASMUS M. HANSEN 1,WILDCAT
21535,,3301301597,,Confidential,,,SWSE 36-164-90,"FORMENTERA OPERATIONS, LLC",TAFELMEYER C-3625-6490,CUSTOMS
22049,,3301301628,OG,PNC,5/1/2013,,SWSE 36-164-90,CORNERSTONE NATURAL RESOURCES LLC,TAFELMEYER  6-1-12H,CUSTOMS
10902,110902,3301301075,OG,A,5/2/2025,5900,NESE 31-164-91,"FORMENTERA OPERATIONS, LLC",EARL 1,PORTAL
1704,,3301300114,OG,PA,7/28/1970,5907,SWSW 31-164-91,"GOFOR OIL, INC.",BALLANTINE 2,PORTAL
1707,,3301300116,OG,PA,7/28/1970,5920,SWSE 31-164-91,EARL SCHWARTZ CO.,THOMAS F. CLIFFORD 1,PORTAL
10254,,3301300993,OG,PNC,4/1/1985,,SWNW 32-164-91,NATIONAL OIL CO.,A. SKALICKY - B. WAHLUND 12-32,PORTAL
10255,110255,3301300994,OG,A,1/7/1984,6013,SWNE 32-164-91,"DAKOTA CRUDE, INC.",A. SKALICKY - B. WAHLUND 32-32,PORTAL
10256,110256,3301300995,OG,A,8/5/2025,5900,SWSE 32-164-91,"FORMENTERA OPERATIONS, LLC",ERICKSON 34-32,PORTAL
90060,,3301390060,SWD,PNC,5/6/1987,,NENE 32-164-91,NATIONAL OIL CO.,KELLER 1 SWD,PORTAL
9911,,3301300966,OG,PA,11/18/1992,6004,SWSW 32-164-91,JENEX OPERATING COMPANY,SKALICKY-WAHLUND 14-32,PORTAL
12679,112679,3301301206,OG,A,3/23/1991,6000,SWNW 33-164-91,"FORMENTERA OPERATIONS, LLC",ERICKSON 12-33,PORTAL
17228,117228,3301301408,OG,A,7/11/2008,5982,SWSW 33-164-91,CORNERSTONE NATURAL RESOURCES LLC,MAGNUSSON VANGUARD  13-33,PORTAL
17598,,3301301440,SWD,A,5/16/2012,5960,SWSE 33-164-91,CORNERSTONE NATURAL RESOURCES LLC,STATE 15-33,PORTAL
21637,121637,3301301601,OG,A,4/22/2012,12390,SESW 34-164-91,CORNERSTONE NATURAL RESOURCES LLC,CARPENTIER 3-34-27H,FLAXTON
22012,122012,3301301620,OG,A,4/13/2012,17493,SESW 34-164-91,CORNERSTONE NATURAL RESOURCES LLC,CUPLIN 6-3-10H,FLAXTON
31719,131719,3301301818,OG,A,11/28/2015,12442,SESW 31-164-92,"FORMENTERA OPERATIONS, LLC",BUSCH TRUST 31-30 164-92 A,PORTAL
31720,131720,3301301819,OG,A,11/30/2015,12380,SESW 31-164-92,"FORMENTERA OPERATIONS, LLC",BUSCH TRUST 31-30 164-92 B,PORTAL
31721,131721,3301301820,OG,PA,2/10/2023,16235,SESW 31-164-92,"FORMENTERA OPERATIONS, LLC",BUSCH TRUST 06-07 163-92 B,PORTAL
2411,,3301300314,OG,DRY,8/8/1959,5873,SENE 33-164-92,MAR-WIN DEVELOPMENT CO.,NORA CLINGMAN 1,PORTAL
2475,,3301300339,OG,PA,6/28/1966,5963,SESE 33-164-92,UNION TEXAS PETROLEUM CORP.,NORMA CLINGMAN 1,PORTAL
2362,102362,3301300293,OG,A,7/4/2023,5948,NWSW 34-164-92,"FORMENTERA OPERATIONS, LLC",RUPPERT 1,PORTAL
2651,,3301300384,OG,PA,6/5/1969,5995,NWSE 34-164-92,DAKOTA OIL CO.,JOHN RUPPERT 1,PORTAL
2856,,3301300428,OG,DRY,4/25/1961,5891,NWNE 34-164-92,MAR-WIN DEVELOPMENT CO.,HAWBACKER-RUPPERT 1,PORTAL
3682,,3301300606,OG,PA,4/25/1967,5863,NWNW 34-164-92,DOME PETROLEUM CORP.,ADA HAWBACKER 1,PORTAL
3291,,3301300512,OG,DRY,12/21/1962,5904,SWSE 35-164-92,"COLUMBUS PRODUCTION, INC.",IRENE E. PROBST 2,PORTAL
2565,,3301300366,OG,PA,6/2/1969,5923,SWSW 36-164-92,DAKOTA OIL CO.,J. J. ABRAHAM 1,PORTAL
1153,,3301300027,OG,DRY,6/21/1956,6698,SWSE 31-164-93,NORTHWEST OIL DRILLING CO.,DURICK BROTHERS 1,WILDCAT
34319,,3301301856,OG,PNC,10/3/2025,,SESW 35-164-93,WINDRIDGE OPERATING LLC,SANDPIPER STATE  35-26 A2H,SHORT CREEK
34320,134320,3301301857,OG,A,10/16/2018,12554,SESW 35-164-93,WINDRIDGE OPERATING LLC,SANDPIPER STATE  35-26 B1H,SHORT CREEK
1357,,3301300037,OG,PA,2/2/1966,6394,SESE 36-164-93,NORTHWEST OIL DRILLING CO.,BONNIE B 1,SHORT CREEK
3685,,3301300607,OG,DRY,8/19/1968,5927,NESE 36-164-93,I. J. WILHITE-DAKOTA MINING & DEVELOPMENT,STATE OF NORTH DAKOTA 1,SHORT CREEK
22078,122078,3301301631,OG,A,1/14/2022,13163,SWSE 31-164-94,"FORMENTERA OPERATIONS, LLC",AV-WRIGLEY BROTHERS-164-94- 3130H-1,FORTHUN
5989,,3302300143,OG,DRY,11/24/1976,10544,NESE 31-164-95,W. A. MONCRIEF & WESTHOMA OIL CO.,KEBA OIL AND GAS 31-1,WILDCAT
9303,,3302300208,OG,DRY,1/10/1982,8765,NESE 31-164-95,SOTRANA-TEXAS CORP.,DAHLKE 1,WILDCAT
4149,,3302300093,OG,DRY,10/26/1966,6340,SWSE 32-164-96,CALVERT DRILLING & PRODUCING CO.,KNUDSON-FLB 1,WILDCAT
16146,116146,3302300491,OG,PA,9/1/2020,10503,LOT4 25-164-97,"VAST OPERATIONS, LLC",KEARNEY 4-25H,CROSBY
16053,116053,3302300482,OG,A,7/4/2025,10507,LOT4 26-164-97,"VAST OPERATIONS, LLC",SCHUTZ 5-26H,CROSBY
16087,116087,3302300488,OG,PA,3/25/2025,10524,LOT1 27-164-97,"VAST OPERATIONS, LLC",ERICKSON 1-27H,CROSBY
16283,,3302300497,OG,PNC,2/19/2010,,LOT1 28-164-97,"JAYHAWK ENERGY, INC.",ARLA KNUDSON 1-28H,CROSBY
18738,,3302300588,OG,PA,12/24/2013,6356,SESE 28-164-97,"VAST OPERATIONS, LLC",KNUDSEN 1,CROSBY
10233,,3302300249,OG,DRY,9/2/1983,6585,NENE 31-164-97,TEXACO INC.,TEX/QUADRA WANNER-STATE 1,CROSBY
1630,,,,,,,,,,
